id_commande;id_client;date_commande;id_produit;quantite;prix_unitaire_applique;statut;mode_livraison;motif_annulation
CMD000001;C0070;01/01/2025;18;1;4.20;Livree;point_relais;
CMD000001;C0070;2025-01-01;29;0.5;28.00;LIVREE;point_relais;
CMD000002;C0209;2025-01-01;28;3;1,90;livrée;point_relais;
CMD000002;C0209;2025-01-01;35;4;3,90;Livree;point_relais;
CMD000003;C0048;01/01/2025;36;1;5.20;livrée;domicile;
CMD000003;C0048;2025-01-01;38;1;5.60;Livrée;domicile;
CMD000003;C0048;2025-01-01;33;2;4.20;livrée;domicile;
CMD000004;C0027;2025-01-01;20;3;8.20;Livrée;retrait_ferme;
CMD000005;C0092;2025-01-01;36;3;5,20;Livree;point_relais;
CMD000006;C0076;2025-01-01;39;3;4.90;livrée;domicile;
CMD000006;C0076;2025-01-01;32;4;2.20;Livree;domicile;
CMD000007;C0236;01/01/2025;19;1;7.50;LIVREE;domicile;
CMD000007;C0236;2025-01-01;22;3;4.80;LIVREE;domicile;
CMD000007;C0236;01/01/2025;27;3;3.40;Livree;domicile;
CMD000007;C0236;2025-01-01;20;2;8,20;Livree;domicile;
CMD000007;C0236;2025-01-01;2;0,5;2.80;Livrée;domicile;
CMD000008;C0968;02/01/2025;25;1;4.90;Livree;domicile;
CMD000009;C0093;02-01-25;8;1.5;2.60;Livree;retrait_ferme;
CMD000010;C0005;2025-01-02;32;1;2,20;livrée;Domicile;
CMD000010;C0005;2025-01-02;21;4;9.90;Livree;domicile;
CMD000011;C0193;2025-01-02;40;1;3,50;Livrée;point_relais;
CMD000011;C0193;02/01/2025;31;3;1.20;Livree;point_relais;
CMD000011;C0193;2025-01-02;33;2;4.20;Livree;point_relais;
CMD000012;C0045;2025-01-02;38;4;5,60;LIVREE;retrait_ferme;
CMD000012;C0045;2025-01-02;29;0.5;28.00;LIVREE;retrait_ferme;
CMD000013;C0204;2025-01-02;27;2;3.40;Livrée;domicile;
CMD000013;C0204;2025-01-02;32;1;2.20;livrée;Domicile;
CMD000014;C0005;2025-01-02;21;2;9.90;LIVREE;point_relais;
CMD000014;C0005;2025-01-02;2;2;2.80;Livrée;point_relais;
CMD000014;C0005;2025-01-02;24;2;5.60;Livree;point_relais;
CMD000015;C0073;02/01/2025;7;1.5;4.50;livrée;domicile;
CMD000016;C0087;2025-01-02;38;1;5,60;livrée;point_relais;
CMD000017;C0133;2025-01-02;37;2;3,10;LIVREE;domicile;
CMD000017;C0133;02/01/2025;22;4;4.80;livrée;domicile;
CMD000017;C0133;2025-01-02;29;0,2;28.00;Livree;domicile;
CMD000018;C0216;2025-01-03;24;2;5.60;LIVREE;Point_relais;
CMD000018;C0216;2025-01-03;27;2;3.40;Livrée;point_relais;
CMD000019;C0301;2025-01-03;38;1;5.60;Livree;Domicile;
CMD000019;C0301;2025-01-03;29;0.2;28,00;Livree;domicile;
CMD000019;C0301;03-01-25;40;3;3.50;Livrée;domicile;
CMD000019;C0301;2025-01-03;1;0.5;4.20;Livree;domicile;
CMD000020;C0126;2025-01-03;11;1;3,20;Livree;domicile;
CMD000020;C0126;2025-01-03;17;2;3,00;LIVREE;domicile;
CMD000020;C0126;2025-01-03;37;1;3.10;Livrée;domicile;
CMD000021;C0273;03-01-25;8;2;2.60;Livree;domicile;
CMD000021;C0273;2025-01-03;20;2;8,20;Livrée;domicile;
CMD000022;C0037;2025-01-03;31;4;1.20;LIVREE;point_relais;
CMD000022;C0037;2025-01-03;35;4;3,90;livrée;point_relais;
CMD000023;C0110;2025-01-03;21;4;9.90;Livree;point_relais;
CMD000024;C0082;03/01/2025;28;2;1.90;livrée;domicile;
CMD000024;C0082;03/01/2025;31;1;1.20;Livree;domicile;
CMD000024;C0082;2025-01-03;27;1;3.40;Livree;domicile;
CMD000024;C0082;2025-01-03;23;1;12,50;LIVREE;domicile;
CMD000024;C0082;2025-01-03;1;1,5;4.20;LIVREE;domicile;
CMD000025;C0183;03/01/2025;27;3;3.40;Livrée;retrait_ferme;
CMD000025;C0183;2025-01-03;35;1;3.90;LIVREE;Retrait_ferme;
CMD000025;C0183;2025-01-03;38;2;5.60;livrée;retrait_ferme;
CMD000025;C0183;2025-01-03;40;1;3.50;Livree;retrait_ferme;
CMD000025;C0183;03/01/2025;37;2;3,10;Livree;retrait_ferme;
CMD000025;C0183;03/01/2025;37;2;3,10;Livree;retrait_ferme;
CMD000026;C0253;2025-01-04;4;3;2.10;Livrée;domicile;
CMD000026;C0253;2025-01-04;21;1;9.90;Livree;domicile;
CMD000026;C0253;2025-01-04;13;0,5;5.40;livrée;domicile;
CMD000026;C0253;2025-01-04;20;1;8.20;LIVREE;domicile;
CMD000027;C0222;04/01/2025;35;2;3.90;Livree;domicile;
CMD000027;C0222;2025-01-04;40;1;3,50;Livrée;domicile;
CMD000027;C0222;2025-01-04;4;1;2.10;livrée;domicile;
CMD000028;C0051;2025-01-04;32;4;2,20;Livrée;domicile;
CMD000028;C0051;2025-01-04;23;1;12.50;LIVREE;domicile;
CMD000028;C0051;2025-01-04;39;1;4.90;livrée;domicile;
CMD000028;C0051;2025-01-04;40;4;3.50;LIVREE;domicile;
CMD000028;C0051;2025-01-04;14;0,5;4.90;Livree;domicile;
CMD000029;C0132;2025-01-04;2;2;2,80;livrée;point_relais;
CMD000030;C0216;2025-01-04;11;1;3,20;Livree;domicile;
CMD000031;C0199;2025-01-04;28;3;1.90;Livrée;domicile;
CMD000031;C0199;2025-01-04;38;1;5,60;livrée;domicile;
CMD000031;C0199;04/01/2025;29;0.2;28.00;Livree;domicile;
CMD000032;C0138;2025-01-04;27;2;3.40;livrée;retrait_ferme;
CMD000033;C0097;2025-01-04;15;3;5.80;LIVREE;domicile;
CMD000034;C0185;04/01/2025;3;1,5;3.60;Livree;domicile;
CMD000034;C0185;2025-01-04;36;2;5,20;Livrée;domicile;
CMD000034;C0185;2025-01-04;36;2;5,20;Livrée;domicile;
CMD000034;C0185;2025-01-04;7;1;4.50;Livree;domicile;
CMD000034;C0185;2025-01-04;17;4;3.00;LIVREE;domicile;
CMD000035;C0183;2025-01-04;40;3;3.50;livrée;domicile;
CMD000036;C0076;2025-01-04;36;2;5,20;livrée;domicile;
CMD000037;C0282;2025-01-04;36;4;5,20;annulée;domicile;annulation client
CMD000037;C0282;2025-01-04;7;1;4,50;Annulée;domicile;annulation client
CMD000037;C0282;2025-01-04;32;1;2.20;annulee;domicile;annulation client
CMD000037;C0282;04/01/2025;21;3;9.90;annulee;domicile;annulation client
CMD000038;C0297;2025-01-04;21;2;9.90;livrée;domicile;
CMD000038;C0297;04/01/2025;10;1.5;2,90;LIVREE;domicile;
CMD000038;C0297;2025-01-04;34;3;4,80;livrée;domicile;
CMD000039;C0121;2025-01-04;3;1;3.60;annulee;point_relais;annulation client
CMD000040;C0121;2025-01-04;29;0.2;28,00;LIVREE;domicile;
CMD000040;C0121;2025-01-04;18;2;4.20;Livrée;domicile;
CMD000040;C0121;2025-01-04;33;1;4,20;Livrée;domicile;
CMD000040;C0121;2025-01-04;3;1.5;3,60;Livree;domicile;
CMD000040;C0121;2025-01-04;8;2;2.60;Livrée;domicile;
CMD000041;C0033;2025-01-04;15;2;5,80;Livree;retrait_ferme;
CMD000041;C0033;2025-01-04;9;1.5;9.00;LIVREE;retrait_ferme;
CMD000042;C0247;2025-01-05;12;3;3.50;LIVREE;point_relais;
CMD000043;C0133;05-01-25;27;4;3.40;Livrée;domicile;
CMD000043;C0133;2025-01-05;19;4;7,50;Livrée;domicile;
CMD000043;C0133;2025-01-05;26;2;8.90;Livree;domicile;
CMD000043;C0133;2025-01-05;10;0.5;2.90;LIVREE;domicile;
CMD000044;C0094;2025-01-05;31;4;1,20;livrée;point_relais;
CMD000044;C0094;2025-01-05;15;1;5.80;Livrée;point_relais;
CMD000045;C0190;05/01/2025;15;2;5.80;LIVREE;point_relais;
CMD000046;C0121;2025-01-05;31;1;1.20;Livree;point_relais;
CMD000046;C0121;2025-01-05;9;1;9.00;LIVREE;point_relais;
CMD000046;C0121;2025-01-05;18;4;4,20;livrée;point_relais;
CMD000046;C0121;2025-01-05;39;1;4.90;Livrée;point_relais;
CMD000047;C0132;2025-01-05;22;1;4.80;Livree;retrait_ferme;
CMD000048;C0255;2025-01-05;12;1.5;3,50;LIVREE;retrait_ferme;
CMD000048;C0255;2025-01-05;24;4;5.60;LIVREE;retrait_ferme;
CMD000048;C0255;2025-01-05;39;1;4.90;Livrée;retrait_ferme;
CMD000049;C0244;2025-01-05;38;1;5.60;Livree;domicile;
CMD000049;C0244;2025-01-05;19;1;7.50;LIVREE;domicile;
CMD000050;C0300;2025-01-05;20;4;8.20;livrée;point_relais;
CMD000050;C0300;2025-01-05;20;4;8.20;livrée;point_relais;
CMD000050;C0300;05-01-25;39;2;4.90;Livrée;point_relais;
CMD000050;C0300;2025-01-05;21;2;9,90;livrée;point_relais;
CMD000051;C0103;2025-01-05;34;2;4.80;livrée;domicile;
CMD000051;C0103;2025-01-05;33;1;4.20;LIVREE;domicile;
CMD000051;C0103;2025-01-05;13;0.5;5,40;livrée;domicile;
CMD000051;C0103;2025-01-05;21;2;9,90;Livrée;domicile;
CMD000051;C0103;2025-01-05;6;1;1,40;Livree;domicile;
CMD000052;C0162;2025-01-05;29;0,5;28.00;LIVREE;point_relais;
CMD000052;C0162;2025-01-05;21;2;9,90;Livrée;point_relais;
CMD000052;C0162;2025-01-05;34;1;4.80;Livree;point_relais;
CMD000053;C0053;2025-01-05;26;3;8.90;livrée;point_relais;
CMD000053;C0053;2025-01-05;31;3;1.20;Livree;point_relais;
CMD000053;C0053;2025-01-05;2;0.5;2.80;LIVREE;point_relais;
CMD000054;C0199;2025-01-06;29;0.5;28,00;annulée;domicile;météo
CMD000054;C0199;2025-01-06;25;4;4,90;ANNULEE;domicile;météo
CMD000054;C0199;2025-01-06;12;0.5;3.50;Annulée;domicile;météo
CMD000054;C0199;2025-01-06;22;4;4.80;Annulée;domicile;météo
CMD000055;C0098;2025-01-06;8;1.5;2.60;livrée;domicile;
CMD000055;C0098;2025-01-06;24;3;5.60;LIVREE;domicile;
CMD000055;C0098;2025-01-06;19;2;7,50;LIVREE;domicile;
CMD000055;C0098;2025-01-06;37;2;3.10;livrée;domicile;
CMD000055;C0098;2025-01-06;18;1;4,20;LIVREE;domicile;
CMD000056;C0151;2025-01-06;8;2;2,60;livrée;domicile;
CMD000057;C0021;06-01-25;27;2;3.40;Livree;domicile;
CMD000057;C0021;06/01/2025;39;1;4.90;Livree;domicile;
CMD000057;C0021;2025-01-06;20;1;8.20;Livree;domicile;
CMD000058;C0061;2025-01-06;13;2;5.40;Livrée;domicile;
CMD000058;C0061;2025-01-06;32;1;2,20;Livree;Domicile;
CMD000058;C0061;2025-01-06;10;2;2,90;Livree;domicile;
CMD000058;C0061;2025-01-06;35;1;3,90;LIVREE;domicile;
CMD000059;C0202;2025-01-06;4;1;2,10;LIVREE;point_relais;
CMD000059;C0202;2025-01-06;35;2;3,90;Livree;point_relais;
CMD000060;C0017;2025-01-06;25;2;4.90;livrée;point_relais;
CMD000061;C0005;06-01-25;4;2;2.10;Livrée;domicile;
CMD000062;C0082;2025-01-06;17;2;3.00;LIVREE;domicile;
CMD000063;C0209;2025-01-06;38;2;5.60;Livree;domicile;
CMD000063;C0209;2025-01-06;22;3;4,80;livrée;domicile;
CMD000064;C0053;2025-01-06;8;0,5;2,60;livrée;point_relais;
CMD000064;C0053;2025-01-06;31;1;1.20;Livree;point_relais;
CMD000065;C0032;2025-01-06;7;3;4,50;livrée;domicile;
CMD000065;C0032;2025-01-06;1;1;4,20;Livrée;domicile;
CMD000066;C0097;2025-01-06;11;0.5;3,20;LIVREE;domicile;
CMD000066;C0956;2025-01-06;30;0.5;24.00;LIVREE;domicile;
CMD000067;C0014;2025-01-06;40;2;3.50;Livrée;point_relais;
CMD000067;C0014;2025-01-06;37;4;3.10;Livree;point_relais;
CMD000068;C0073;2025-01-07;3;1.5;3,60;Annulée;domicile;rupture de stock
CMD000068;C0073;07/01/2025;16;1.5;8.50;ANNULEE;domicile;rupture de stock
CMD000069;C0017;2025-01-07;35;2;3.90;livrée;domicile;
CMD000070;C0300;07-01-25;18;3;4,20;Livree;retrait_ferme;
CMD000071;C0016;2025-01-07;39;1;4.90;Livrée;domicile;
CMD000071;C0016;2025-01-07;20;1;8.20;Livree;domicile;
CMD000071;C0016;2025-01-07;18;1;4.20;livrée;domicile;
CMD000071;C0016;2025-01-07;24;3;5.60;Livrée;domicile;
CMD000071;C0016;07/01/2025;36;4;5.20;Livree;domicile;
CMD000072;C0160;2025-01-07;33;2;4.20;Livrée;domicile;
CMD000072;C0160;07/01/2025;36;2;5.20;livrée;domicile;
CMD000073;C0094;2025-01-07;15;0.5;5,80;Livrée;Retrait_ferme;
CMD000074;C0112;2025-01-07;18;4;4.20;Livrée;point_relais;
CMD000074;C0112;2025-01-07;15;3;5.80;livrée;point_relais;
CMD000075;C0241;2025-01-07;24;1;5.60;Livree;point_relais;
CMD000075;C0241;2025-01-07;19;4;7.50;LIVREE;point_relais;
CMD000076;C0263;2025-01-07;4;0.5;2,10;Livree;point_relais;
CMD000077;C0080;2025-01-07;11;1.5;3.20;Livrée;point_relais;
CMD000078;C0107;2025-01-07;19;4;7,50;Annulée;retrait_ferme;météo
CMD000078;C0107;2025-01-07;40;2;3,50;annulee;retrait_ferme;météo
CMD000078;C0107;2025-01-07;40;2;3,50;annulee;retrait_ferme;météo
CMD000078;C0107;2025-01-07;14;1.5;4.90;Annulée;Retrait_ferme;météo
CMD000078;C0107;2025-01-07;10;2;2,90;annulee;retrait_ferme;météo
CMD000079;C0070;2025-01-07;40;4;3,50;Livree;point_relais;
CMD000079;C0070;2025-01-07;21;2;9,90;Livree;point_relais;
CMD000080;C0216;2025-01-08;8;0,5;2.60;livrée;point_relais;
CMD000081;C0036;2025-01-08;2;1;2,80;LIVREE;retrait_ferme;
CMD000082;C0264;2025-01-08;7;1.5;4.50;Livrée;domicile;
CMD000083;C0290;2025-01-08;20;1;8.20;LIVREE;domicile;
CMD000083;C0290;2025-01-08;38;1;5,60;LIVREE;domicile;
CMD000084;C0014;2025-01-08;37;2;3.10;Livree;domicile;
CMD000084;C0014;08/01/2025;36;3;5.20;LIVREE;domicile;
CMD000084;C0014;2025-01-08;28;3;1.90;LIVREE;domicile;
CMD000084;C0014;2025-01-08;14;1;4.90;Livrée;domicile;
CMD000085;C0185;2025-01-08;27;1;3.40;Livrée;domicile;
CMD000085;C0185;08/01/2025;12;0.5;3.50;LIVREE;domicile;
CMD000085;C0185;08/01/2025;32;2;2,20;Livrée;domicile;
CMD000085;C0185;2025-01-08;37;1;3.10;LIVREE;domicile;
CMD000085;C0185;2025-01-08;9;1;9,00;LIVREE;domicile;
CMD000086;C0107;08-01-25;24;3;5.60;livrée;retrait_ferme;
CMD000086;C0107;2025-01-08;28;2;1.90;Livree;retrait_ferme;
CMD000086;C0107;2025-01-08;17;1;3.00;LIVREE;retrait_ferme;
CMD000087;C0065;2025-01-08;2;1.5;2.80;LIVREE;domicile;
CMD000087;C0065;2025-01-08;20;2;8.20;Livree;domicile;
CMD000088;C0289;08/01/2025;35;4;3,90;Livree;point_relais;
CMD000088;C0289;08/01/2025;35;4;3,90;Livree;point_relais;
CMD000088;C0289;2025-01-08;37;1;3.10;Livree;point_relais;
CMD000089;C0032;2025-01-08;22;3;4.80;LIVREE;domicile;
CMD000089;C0032;2025-01-08;24;1;5.60;LIVREE;domicile;
CMD000089;C0032;2025-01-08;26;2;8,90;livrée;domicile;
CMD000090;C0097;2025-01-08;8;0.5;2,60;Livrée;point_relais;
CMD000090;C0097;08/01/2025;6;2;1,40;Livrée;point_relais;
CMD000090;C0097;2025-01-08;23;2;12.50;LIVREE;Point_relais;
CMD000090;C0097;08/01/2025;9;1;9.00;Livree;point_relais;
CMD000091;C0199;2025-01-08;28;4;1.90;annulee;domicile;météo
CMD000091;C0199;2025-01-08;20;4;8,20;annulée;domicile;météo
CMD000092;C0032;08/01/2025;15;1.5;5.80;LIVREE;retrait_ferme;
CMD000093;C0010;2025-01-08;6;2;1.40;Livree;point_relais;
CMD000094;C0172;09/01/2025;32;1;2.20;Livrée;retrait_ferme;
CMD000094;C0172;2025-01-09;35;2;3,90;Livrée;retrait_ferme;
CMD000095;C0204;2025-01-09;24;4;5.60;LIVREE;domicile;
CMD000096;C0306;2025-01-09;25;1;4,90;livrée;domicile;
CMD000096;C0306;2025-01-09;5;0,5;1,90;LIVREE;domicile;
CMD000096;C0306;2025-01-09;26;2;8.90;LIVREE;domicile;
CMD000096;C0306;2025-01-09;40;1;3.50;Livree;domicile;
CMD000097;C0107;2025-01-09;15;1.5;5,80;Livree;domicile;
CMD000098;C0019;2025-01-09;19;1;7.50;Livrée;retrait_ferme;
CMD000099;C0242;2025-01-09;5;1.5;1,90;Livree;retrait_ferme;
CMD000099;C0242;2025-01-09;3;1,5;3,60;Livree;retrait_ferme;
CMD000099;C0242;2025-01-09;27;2;3.40;Livrée;retrait_ferme;
CMD000100;C0291;2025-01-09;40;2;3.50;Livrée;domicile;
CMD000100;C0291;2025-01-09;1;1;4.20;Livree;domicile;
CMD000100;C0291;2025-01-09;35;1;3.90;LIVREE;Domicile;
CMD000100;C0291;09/01/2025;9;0,5;9.00;LIVREE;domicile;
CMD000100;C0291;2025-01-09;4;0.5;2.10;Livrée;domicile;
CMD000101;C0210;2025-01-09;33;4;4.20;Livree;domicile;
CMD000101;C0210;2025-01-09;29;0.2;28,00;LIVREE;Domicile;
CMD000101;C0210;2025-01-09;20;4;8.20;LIVREE;domicile;
CMD000101;C0210;2025-01-09;28;2;1.90;Livrée;domicile;
CMD000102;C0151;09/01/2025;24;2;5.60;Livree;Point_relais;
CMD000103;C0142;2025-01-09;38;3;5.60;LIVREE;domicile;
CMD000103;C0142;2025-01-09;34;2;4,80;livrée;domicile;
CMD000103;C0142;09/01/2025;2;0.5;2,80;livrée;domicile;
CMD000103;C0142;2025-01-09;29;0,2;28.00;Livrée;domicile;
CMD000104;C0216;2025-01-10;27;1;3,40;Livrée;domicile;
CMD000104;C0216;2025-01-10;5;1;1.90;Livrée;Domicile;
CMD000104;C0216;2025-01-10;12;2;3.50;Livree;domicile;
CMD000104;C0216;2025-01-10;37;1;3,10;Livree;domicile;
CMD000104;C0216;2025-01-10;32;4;2,20;Livrée;domicile;
CMD000105;C0310;2025-01-10;38;1;5.60;Livree;point_relais;
CMD000106;C0031;2025-01-10;2;N/A;2,80;Livree;domicile;
CMD000107;C0097;2025-01-10;21;3;9.90;annulee;point_relais;client absent
CMD000107;C0097;10/01/2025;39;0.5;4.90;Annulée;point_relais;client absent
CMD000108;C0080;2025-01-10;1;1;4,20;LIVREE;retrait_ferme;
CMD000108;C0080;2025-01-10;5;0.5;1.90;LIVREE;retrait_ferme;
CMD000108;C0080;10-01-25;34;4;4.80;LIVREE;retrait_ferme;
CMD000109;C0185;2025-01-10;7;0.5;4.50;Livrée;domicile;
CMD000109;C0185;2025-01-10;19;4;7,50;Livree;domicile;
CMD000110;C0044;2025-01-10;9;3;9,00;LIVREE;retrait_ferme;
CMD000111;C0098;2025-01-10;14;1.5;4.90;Livree;domicile;
CMD000111;C0098;2025-01-10;7;0.5;4,50;Livrée;domicile;
CMD000111;C0098;10-01-25;40;2;3.50;Livree;domicile;
CMD000112;C0187;2025-01-11;13;1;5.40;livrée;point_relais;
CMD000112;C0187;2025-01-11;33;2;4.20;Livree;point_relais;
CMD000112;C0187;2025-01-11;28;2;1,90;Livree;point_relais;
CMD000113;C0061;2025-01-11;23;2;12.50;livrée;point_relais;
CMD000114;C0032;2025-01-11;14;1;4.90;Livree;point_relais;
CMD000114;C0032;11/01/2025;37;4;3.10;Livrée;point_relais;
CMD000114;C0032;2025-01-11;22;2;4.80;LIVREE;point_relais;
CMD000115;C0249;2025-01-11;23;1;12.50;annulée;domicile;météo
CMD000115;C0249;2025-01-11;12;1.5;3,50;annulee;domicile;météo
CMD000116;C0210;2025-01-11;24;2;5.60;Livrée;domicile;
CMD000116;C0210;2025-01-11;19;2;7.50;Livree;domicile;
CMD000117;C0099;2025-01-11;39;2;4.90;ANNULEE;domicile;annulation client
CMD000117;C0099;2025-01-11;22;1;4.80;annulee;domicile;annulation client
CMD000117;C0099;2025-01-11;16;1.5;8.50;ANNULEE;Domicile;annulation client
CMD000118;C0099;2025-01-11;10;0.5;2.90;Livrée;domicile;
CMD000118;C0099;2025-01-11;25;2;4.90;livrée;domicile;
CMD000118;C0099;2025-01-11;31;4;1,20;Livree;domicile;
CMD000119;C0099;2025-01-11;14;0.5;4.90;Livrée;domicile;
CMD000119;C0099;11/01/2025;30;0.5;24.00;Livree;domicile;
CMD000119;C0099;2025-01-11;20;1;8.20;Livree;domicile;
CMD000120;C0162;2025-01-11;21;1;9.90;Livrée;domicile;
CMD000120;C0162;2025-01-11;30;0.2;24,00;Livrée;domicile;
CMD000120;C0162;11/01/2025;36;1;5,20;Livree;domicile;
CMD000120;C0162;2025-01-11;23;1;12,50;Livree;domicile;
CMD000121;C0090;2025-01-11;36;2;5.20;Livrée;point_relais;
CMD000122;C0134;11/01/2025;36;2;5.20;livrée;domicile;
CMD000122;C0134;11/01/2025;30;0.5;24.00;Livree;domicile;
CMD000122;C0134;2025-01-11;11;1;3,20;LIVREE;domicile;
CMD000122;C0134;2025-01-11;6;N/A;1.40;Livree;Domicile;
CMD000122;C0134;2025-01-11;25;1;4.90;livrée;domicile;
CMD000123;C0208;2025-01-12;27;3;3.40;LIVREE;Domicile;
CMD000123;C0208;2025-01-12;26;2;8.90;Livree;domicile;
CMD000123;C0208;2025-01-12;29;0.5;28.00;LIVREE;domicile;
CMD000124;C0151;12/01/2025;25;2;4.90;livrée;point_relais;
CMD000124;C0151;2025-01-12;29;0.2;28,00;LIVREE;point_relais;
CMD000124;C0151;2025-01-12;34;2;4.80;Livree;Point_relais;
CMD000125;C0216;2025-01-12;40;1;3,50;Livree;Domicile;
CMD000125;C0216;2025-01-12;25;4;4.90;livrée;domicile;
CMD000126;C0294;2025-01-12;15;0.5;5.80;LIVREE;retrait_ferme;
CMD000126;C0294;12/01/2025;26;1;8.90;LIVREE;retrait_ferme;
CMD000127;C0250;2025-01-12;20;3;8.20;livrée;point_relais;
CMD000128;C0188;2025-01-12;31;4;1.20;annulee;domicile;paiement refusé
CMD000128;C0188;2025-01-12;31;4;1.20;annulee;domicile;paiement refusé
CMD000128;C0188;2025-01-12;23;4;12.50;annulée;domicile;paiement refusé
CMD000129;C0027;2025-01-12;20;1;8,20;Livrée;domicile;
CMD000129;C0027;12/01/2025;37;3;3.10;LIVREE;domicile;
CMD000129;C0027;2025-01-12;25;4;4.90;LIVREE;domicile;
CMD000130;C0138;2025-01-12;39;2;4.90;Livree;retrait_ferme;
CMD000130;C0138;2025-01-12;10;2;2.90;LIVREE;retrait_ferme;
CMD000131;C0253;2025-01-12;28;1;1.90;livrée;domicile;
CMD000131;C0253;2025-01-12;19;2;7,50;Livree;domicile;
CMD000132;C0121;2025-01-12;28;4;1.90;annulée;point_relais;annulation client
CMD000132;C0121;2025-01-12;37;4;3.10;ANNULEE;point_relais;annulation client
CMD000132;C0121;2025-01-12;27;2;3.40;annulée;point_relais;annulation client
CMD000132;C0121;2025-01-12;19;3;7.50;annulee;point_relais;annulation client
CMD000132;C0121;2025-01-12;35;4;3.90;annulee;point_relais;annulation client
CMD000133;C0213;2025-01-12;1;1;4,20;LIVREE;domicile;
CMD000133;C0213;12-01-25;25;4;4,90;LIVREE;domicile;
CMD000134;C0283;2025-01-12;24;4;5,60;Livree;domicile;
CMD000134;C0283;2025-01-12;20;4;8,20;LIVREE;domicile;
CMD000134;C0283;2025-01-12;5;1;1.90;LIVREE;domicile;
CMD000134;C0283;2025-01-12;7;1;4.50;livrée;domicile;
CMD000135;C0255;2025-01-13;28;4;1,90;LIVREE;point_relais;
CMD000135;C0255;2025-01-13;24;3;5.60;livrée;point_relais;
CMD000135;C0255;2025-01-13;26;3;8,90;Livrée;point_relais;
CMD000135;C0255;2025-01-13;38;1;5.60;Livrée;point_relais;
CMD000136;C0237;2025-01-13;37;2;3.10;Livrée;point_relais;
CMD000136;C0237;2025-01-13;28;4;1.90;LIVREE;point_relais;
CMD000136;C0237;13-01-25;13;1.5;5.40;Livrée;point_relais;
CMD000137;C0208;2025-01-13;7;1;4.50;LIVREE;domicile;
CMD000137;C0208;2025-01-13;24;2;5.60;Livrée;domicile;
CMD000138;C0185;2025-01-13;7;2;4,50;Livree;domicile;
CMD000138;C0185;2025-01-13;9;1.5;9.00;Livree;Domicile;
CMD000138;C0185;2025-01-13;8;0.5;2.60;livrée;domicile;
CMD000138;C0185;2025-01-13;39;1;4.90;Livrée;Domicile;
CMD000138;C0185;2025-01-13;26;1;8.90;livrée;domicile;
CMD000139;C0108;2025-01-13;22;2;4.80;Livrée;domicile;
CMD000139;C0108;13/01/2025;12;1;3.50;Livrée;domicile;
CMD000139;C0108;2025-01-13;20;1;8,20;livrée;domicile;
CMD000140;C0138;13/01/2025;8;2;2.60;livrée;domicile;
CMD000141;C0133;2025-01-13;39;2;4.90;Annulée;retrait_ferme;annulation client
CMD000141;C0133;2025-01-13;21;3;9,90;Annulée;retrait_ferme;annulation client
CMD000141;C0133;2025-01-13;7;3;4,50;annulee;retrait_ferme;annulation client
CMD000142;C0217;2025-01-13;4;2;2,10;LIVREE;domicile;
CMD000142;C0217;2025-01-13;19;1;7.50;Livrée;domicile;
CMD000142;C0217;2025-01-13;35;1;3.90;livrée;domicile;
CMD000143;C0053;2025-01-13;31;1;1,20;livrée;point_relais;
CMD000143;C0053;13/01/2025;40;2;3.50;Livree;point_relais;
CMD000144;C0209;2025-01-13;37;1;3,10;livrée;domicile;
CMD000144;C0209;2025-01-13;12;0,5;3.50;Livrée;domicile;
CMD000144;C0209;2025-01-13;34;2;4.80;Livrée;domicile;
CMD000145;C0271;2025-01-13;35;1;3.90;Livree;retrait_ferme;
CMD000145;C0271;2025-01-13;26;3;8.90;LIVREE;retrait_ferme;
CMD000145;C0271;2025-01-13;34;1;4.80;livrée;Retrait_ferme;
CMD000146;C0073;2025-01-14;10;3;2.90;Livrée;retrait_ferme;
CMD000146;C0073;2025-01-14;40;3;3,50;livrée;retrait_ferme;
CMD000146;C0073;2025-01-14;31;3;1.20;Livree;retrait_ferme;
CMD000146;C0073;2025-01-14;29;0.2;28.00;Livree;retrait_ferme;
CMD000146;C0073;14/01/2025;3;3;3.60;LIVREE;retrait_ferme;
CMD000147;C0236;14-01-25;29;0,5;28.00;Livrée;point_relais;
CMD000148;C0103;2025-01-14;25;4;4.90;Livrée;domicile;
CMD000149;C0211;2025-01-14;18;2;4.20;LIVREE;point_relais;
CMD000150;C0175;2025-01-14;24;2;5,60;livrée;domicile;
CMD000151;C0191;2025-01-14;40;1;3,50;Livree;point_relais;
CMD000151;C0191;2025-01-14;40;1;3,50;Livree;point_relais;
CMD000151;C0191;14/01/2025;31;2;1.20;LIVREE;point_relais;
CMD000151;C0191;14/01/2025;13;1;5.40;livrée;point_relais;
CMD000151;C0191;2025-01-14;27;4;3.40;Livrée;Point_relais;
CMD000151;C0191;2025-01-14;4;2;2,10;Livree;Point_relais;
CMD000152;C0107;2025-01-14;29;0.5;28.00;Livree;domicile;
CMD000152;C0107;2025-01-14;10;1;2.90;livrée;domicile;
CMD000153;C0111;2025-01-14;36;4;5,20;livrée;domicile;
CMD000153;C0111;2025-01-14;39;3;4,90;Livree;domicile;
CMD000153;C0111;14/01/2025;8;1;2.60;Livree;domicile;
CMD000153;C0111;2025-01-14;6;2;1.40;LIVREE;domicile;
CMD000154;C0219;2025-01-14;17;2;3.00;Livrée;retrait_ferme;
CMD000154;C0219;2025-01-14;22;3;4.80;LIVREE;retrait_ferme;
CMD000155;C0177;2025-01-14;29;0.2;28,00;Livrée;point_relais;
CMD000155;C0177;2025-01-14;26;1;8.90;livrée;point_relais;
CMD000156;C0151;14-01-25;27;1;3.40;LIVREE;point_relais;
CMD000157;C0121;2025-01-15;19;2;7.50;livrée;point_relais;
CMD000157;C0121;2025-01-15;23;4;12.50;Livrée;point_relais;
CMD000158;C0236;2025-01-15;28;4;1.90;Livree;retrait_ferme;
CMD000158;C0236;15/01/2025;30;0.2;24.00;Livree;retrait_ferme;
CMD000159;C0080;15/01/2025;14;3;4.90;Livree;point_relais;
CMD000159;C0080;2025-01-15;6;1;1.40;Livrée;point_relais;
CMD000159;C0080;2025-01-15;26;3;8,90;Livree;point_relais;
CMD000160;C0091;2025-01-15;23;1;12.50;Livree;domicile;
CMD000160;C0091;2025-01-15;20;2;8.20;Livree;Domicile;
CMD000160;C0091;2025-01-15;8;1.5;2.60;Livree;domicile;
CMD000161;C0064;15/01/2025;39;1;4.90;Livrée;point_relais;
CMD000162;C0958;2025-01-15;27;2;3.40;LIVREE;point_relais;
CMD000162;C0279;15-01-25;17;3;3.00;livrée;point_relais;
CMD000162;C0279;2025-01-15;40;2;3.50;livrée;point_relais;
CMD000163;C0062;2025-01-15;30;0.5;24,00;Livree;domicile;
CMD000164;C0183;2025-01-15;20;1;8.20;Livrée;point_relais;
CMD000164;C0183;15/01/2025;1;1,5;4.20;Livrée;Point_relais;
CMD000164;C0183;2025-01-15;26;4;8,90;Livree;point_relais;
CMD000164;C0183;15/01/2025;21;1;9.90;Livree;point_relais;
CMD000165;C0151;15/01/2025;35;1;3.90;Livree;point_relais;
CMD000165;C0151;15/01/2025;14;1;4.90;livrée;point_relais;
CMD000165;C0151;2025-01-15;21;3;9,90;Livree;point_relais;
CMD000165;C0151;2025-01-15;4;3;2.10;livrée;point_relais;
CMD000165;C0151;2025-01-15;31;3;1,20;livrée;point_relais;
CMD000166;C0032;2025-01-15;36;1;5,20;ANNULEE;point_relais;annulation client
CMD000166;C0032;2025-01-15;5;1.5;1.90;Annulée;point_relais;annulation client
CMD000166;C0032;2025-01-15;33;1;4,20;annulée;point_relais;annulation client
CMD000166;C0032;2025-01-15;32;1;2.20;annulée;point_relais;annulation client
CMD000167;C0008;2025-01-15;9;2;9.00;LIVREE;point_relais;
CMD000168;C0031;2025-01-16;25;4;4.90;Livree;domicile;
CMD000169;C0198;2025-01-16;33;4;4.20;Livree;domicile;
CMD000169;C0198;16-01-25;10;0.5;2.90;Livrée;domicile;
CMD000169;C0198;2025-01-16;37;1;3.10;Livrée;domicile;
CMD000169;C0198;2025-01-16;32;2;2.20;livrée;domicile;
CMD000169;C0198;16/01/2025;7;1;4.50;LIVREE;domicile;
CMD000170;C0005;2025-01-16;38;1;5.60;Livree;point_relais;
CMD000170;C0005;2025-01-16;9;1;9.00;Livree;point_relais;
CMD000171;C0028;2025-01-16;25;1;4.90;Livrée;Domicile;
CMD000171;C0028;2025-01-16;29;0.2;28,00;LIVREE;domicile;
CMD000171;C0028;16/01/2025;33;2;4.20;LIVREE;Domicile;
CMD000172;C0151;2025-01-16;31;4;1.20;livrée;point_relais;
CMD000173;C0090;2025-01-16;34;2;4,80;Livree;point_relais;
CMD000173;C0090;2025-01-16;23;3;12.50;Livree;point_relais;
CMD000173;C0090;16/01/2025;26;1;8.90;Livrée;point_relais;
CMD000174;C0241;2025-01-16;36;4;5,20;Annulée;point_relais;paiement refusé
CMD000175;C0217;2025-01-16;21;2;9,90;Livrée;domicile;
CMD000176;C0132;2025-01-16;12;3;3.50;Livrée;domicile;
CMD000176;C0132;2025-01-16;20;4;8.20;livrée;Domicile;
CMD000177;C0151;2025-01-16;31;1;1,20;Livree;domicile;
CMD000177;C0151;2025-01-16;3;2;3.60;LIVREE;domicile;
CMD000178;C0207;16/01/2025;28;4;1.90;livrée;domicile;
CMD000178;C0207;2025-01-16;38;3;5.60;livrée;domicile;
CMD000178;C0207;2025-01-16;33;3;4.20;livrée;domicile;
CMD000179;C0297;16/01/2025;38;3;5.60;Livree;point_relais;
CMD000179;C0297;16/01/2025;23;2;12.50;Livrée;point_relais;
CMD000179;C0297;2025-01-16;27;4;3.40;LIVREE;point_relais;
CMD000180;C0107;2025-01-16;22;1;4.80;Livree;point_relais;
CMD000180;C0107;2025-01-16;39;0.5;4.90;Livrée;point_relais;
CMD000180;C0107;2025-01-16;9;1;9.00;livrée;point_relais;
CMD000180;C0107;2025-01-16;31;3;1.20;Livree;point_relais;
CMD000181;C0250;2025-01-17;21;2;9.90;Livrée;point_relais;
CMD000181;C0250;2025-01-17;30;0.2;24.00;Livree;point_relais;
CMD000181;C0250;2025-01-17;25;3;4.90;LIVREE;point_relais;
CMD000181;C0250;2025-01-17;33;2;4.20;livrée;point_relais;
CMD000181;C0250;2025-01-17;16;3;8,50;livrée;point_relais;
CMD000182;C0076;2025-01-17;30;0.2;24.00;Livree;point_relais;
CMD000182;C0076;2025-01-17;15;2;5,80;Livree;point_relais;
CMD000182;C0076;2025-01-17;12;0.5;3.50;Livrée;point_relais;
CMD000183;C0010;2025-01-17;3;3;3.60;livrée;point_relais;
CMD000184;C0271;2025-01-17;29;0,5;28.00;Livrée;retrait_ferme;
CMD000185;C0029;2025-01-17;40;2;3.50;LIVREE;Point_relais;
CMD000185;C0987;17/01/2025;12;1;3.50;Livree;point_relais;
CMD000185;C0029;2025-01-17;4;1;2.10;Livree;point_relais;
CMD000185;C0029;2025-01-17;20;2;8.20;livrée;point_relais;
CMD000186;C0288;2025-01-17;39;3;4,90;Livree;Retrait_ferme;
CMD000186;C0288;2025-01-17;27;3;3.40;Livrée;retrait_ferme;
CMD000187;C0183;2025-01-17;32;2;2.20;LIVREE;domicile;
CMD000187;C0183;17/01/2025;20;1;8.20;livrée;domicile;
CMD000187;C0183;2025-01-17;26;1;8.90;livrée;domicile;
CMD000187;C0183;2025-01-17;36;2;5.20;livrée;domicile;
CMD000188;C0183;2025-01-17;25;3;4.90;livrée;domicile;
CMD000189;C0185;2025-01-17;22;4;4.80;livrée;point_relais;
CMD000190;C0062;2025-01-17;5;1;1,90;annulée;domicile;annulation client
CMD000190;C0062;2025-01-17;12;3;3.50;annulée;domicile;annulation client
CMD000190;C0062;17-01-25;36;4;5.20;annulée;domicile;annulation client
CMD000190;C0062;2025-01-17;22;1;4.80;annulee;domicile;annulation client
CMD000190;C0062;2025-01-17;22;1;4.80;annulee;domicile;annulation client
CMD000191;C0203;2025-01-17;30;0,2;24.00;Livree;retrait_ferme;
CMD000192;C0045;2025-01-17;32;2;2,20;Livree;point_relais;
CMD000192;C0045;2025-01-17;34;4;4,80;livrée;point_relais;
CMD000192;C0045;17/01/2025;27;1;3.40;Livrée;point_relais;
CMD000193;C0245;2025-01-18;34;2;4,80;Livrée;point_relais;
CMD000194;C0078;2025-01-18;29;0,2;28.00;LIVREE;Domicile;
CMD000194;C0078;2025-01-18;28;2;1.90;livrée;domicile;
CMD000195;C0300;18/01/2025;37;2;3,10;Livrée;domicile;
CMD000195;C0300;2025-01-18;24;2;5,60;Livrée;Domicile;
CMD000195;C0300;2025-01-18;24;2;5,60;Livrée;Domicile;
CMD000195;C0300;2025-01-18;40;2;3,50;LIVREE;domicile;
CMD000196;C0080;18/01/2025;13;1;5.40;Livree;retrait_ferme;
CMD000196;C0080;2025-01-18;8;1;2.60;LIVREE;retrait_ferme;
CMD000196;C0080;2025-01-18;37;3;3.10;LIVREE;retrait_ferme;
CMD000196;C0080;2025-01-18;21;1;9.90;Livree;retrait_ferme;
CMD000196;C0080;2025-01-18;38;2;5.60;Livree;retrait_ferme;
CMD000197;C0174;2025-01-18;31;4;1.20;Livrée;point_relais;
CMD000197;C0174;2025-01-18;9;3;9,00;LIVREE;point_relais;
CMD000197;C0174;18-01-25;1;2;4,20;LIVREE;point_relais;
CMD000198;C0016;2025-01-18;7;1;4.50;livrée;domicile;
CMD000198;C0016;2025-01-18;17;1;3,00;LIVREE;domicile;
CMD000199;C0104;2025-01-18;20;2;8,20;Livrée;point_relais;
CMD000199;C0104;2025-01-18;11;1;3,20;Livrée;point_relais;
CMD000200;C0114;18/01/2025;26;3;8.90;LIVREE;retrait_ferme;
CMD000200;C0114;2025-01-18;38;1;5.60;Livrée;retrait_ferme;
CMD000201;C0027;2025-01-18;37;1;3.10;Livrée;domicile;
CMD000201;C0027;18/01/2025;35;1;3.90;Livrée;domicile;
CMD000202;C0005;2025-01-18;18;4;4,20;Livree;domicile;
CMD000203;C0062;2025-01-18;26;4;8,90;Livree;point_relais;
CMD000203;C0062;18/01/2025;24;2;5.60;Livree;point_relais;
CMD000203;C0062;2025-01-18;29;0.2;28.00;Livrée;point_relais;
CMD000204;C0185;2025-01-18;1;3;4.20;Livrée;domicile;
CMD000205;C0251;2025-01-18;28;2;1.90;livrée;domicile;
CMD000206;C0019;2025-01-18;2;0,5;2.80;Livree;domicile;
CMD000206;C0019;2025-01-18;39;0,5;4.90;livrée;domicile;
CMD000206;C0019;18-01-25;18;1;4.20;LIVREE;domicile;
CMD000207;C0162;2025-01-18;15;1.5;5,80;Livrée;domicile;
CMD000207;C0162;2025-01-18;32;1;2.20;Livrée;domicile;
CMD000207;C0162;2025-01-18;37;2;3,10;livrée;domicile;
CMD000208;C0286;2025-01-18;27;3;3,40;Livree;domicile;
CMD000208;C0286;2025-01-18;39;1,5;4.90;LIVREE;domicile;
CMD000209;C0062;18-01-25;37;4;3.10;LIVREE;Retrait_ferme;
CMD000210;C0090;2025-01-19;19;N/A;7.50;Livree;retrait_ferme;
CMD000210;C0090;2025-01-19;17;2;3.00;Livree;retrait_ferme;
CMD000210;C0090;2025-01-19;30;0,5;24.00;LIVREE;retrait_ferme;
CMD000211;C0211;2025-01-19;33;1;4,20;livrée;domicile;
CMD000211;C0211;2025-01-19;33;1;4,20;livrée;domicile;
CMD000211;C0944;19/01/2025;4;0.5;2.10;LIVREE;domicile;
CMD000212;C0263;2025-01-19;32;3;2.20;LIVREE;domicile;
CMD000212;C0263;2025-01-19;7;3;4.50;LIVREE;Domicile;
CMD000213;C0216;19/01/2025;25;3;4.90;LIVREE;domicile;
CMD000213;C0216;2025-01-19;30;0,2;24.00;livrée;domicile;
CMD000214;C0264;2025-01-19;18;1;4,20;Livree;domicile;
CMD000214;C0264;2025-01-19;14;0,5;4.90;Livrée;domicile;
CMD000214;C0264;2025-01-19;32;2;2.20;LIVREE;domicile;
CMD000215;C0290;2025-01-19;27;2;3.40;livrée;Domicile;
CMD000215;C0290;2025-01-19;38;2;5,60;Livrée;domicile;
CMD000215;C0290;19/01/2025;32;2;2.20;LIVREE;domicile;
CMD000216;C0260;2025-01-19;30;0.5;24.00;Livree;domicile;
CMD000216;C0260;2025-01-19;26;1;8.90;LIVREE;domicile;
CMD000217;C0244;2025-01-19;35;2;3.90;Livrée;retrait_ferme;
CMD000217;C0244;2025-01-19;12;1.5;3.50;LIVREE;retrait_ferme;
CMD000218;C0283;2025-01-19;31;1;1,20;LIVREE;point_relais;
CMD000218;C0283;2025-01-19;18;2;4.20;LIVREE;Point_relais;
CMD000218;C0283;19/01/2025;35;4;3,90;Livrée;point_relais;
CMD000218;C0283;2025-01-19;25;1;4.90;Livrée;point_relais;
CMD000219;C0031;2025-01-19;13;1,5;5.40;LIVREE;retrait_ferme;
CMD000220;C0076;19-01-25;37;4;3.10;Livrée;retrait_ferme;
CMD000221;C0135;20-01-25;1;1;4.20;annulee;domicile;météo
CMD000221;C0135;2025-01-20;35;4;3.90;annulee;domicile;météo
CMD000221;C0135;2025-01-20;29;0.5;28,00;Annulée;domicile;météo
CMD000222;C0142;2025-01-20;32;3;2,20;LIVREE;Point_relais;
CMD000222;C0142;20/01/2025;38;2;5.60;livrée;point_relais;
CMD000223;C0270;20-01-25;21;2;9.90;LIVREE;retrait_ferme;
CMD000223;C0270;2025-01-20;20;3;8.20;Livrée;retrait_ferme;
CMD000223;C0270;2025-01-20;10;1;2.90;Livree;retrait_ferme;
CMD000224;C0016;2025-01-20;8;0.5;2,60;Livree;retrait_ferme;
CMD000224;C0016;2025-01-20;21;1;9.90;LIVREE;retrait_ferme;
CMD000224;C0016;2025-01-20;1;1;4.20;livrée;retrait_ferme;
CMD000224;C0016;2025-01-20;36;1;5,20;LIVREE;retrait_ferme;
CMD000225;C0048;2025-01-20;31;2;1,20;LIVREE;point_relais;
CMD000226;C0070;20/01/2025;8;2;2.60;Livrée;domicile;
CMD000226;C0070;2025-01-20;19;4;7.50;livrée;domicile;
CMD000226;C0070;20-01-25;27;2;3.40;Livree;domicile;
CMD000226;C0070;2025-01-20;10;0,5;2.90;Livree;domicile;
CMD000227;C0196;2025-01-20;27;1;3.40;LIVREE;retrait_ferme;
CMD000228;C0211;2025-01-20;35;2;3,90;Livrée;point_relais;
CMD000228;C0211;20/01/2025;21;2;9.90;LIVREE;point_relais;
CMD000229;C0150;2025-01-20;23;4;12,50;LIVREE;point_relais;
CMD000229;C0150;2025-01-20;27;2;3,40;livrée;point_relais;
CMD000230;C0085;2025-01-20;21;1;9,90;LIVREE;domicile;
CMD000230;C0085;2025-01-20;32;1;2,20;LIVREE;domicile;
CMD000231;C0250;2025-01-20;39;1,5;4.90;annulee;domicile;rupture de stock
CMD000231;C0250;2025-01-20;29;0.2;28.00;ANNULEE;domicile;rupture de stock
CMD000232;C0138;20/01/2025;24;1;5.60;livrée;point_relais;
CMD000232;C0138;2025-01-20;16;1.5;8.50;LIVREE;point_relais;
CMD000233;C0224;2025-01-20;35;1;3,90;annulee;point_relais;paiement refusé
CMD000233;C0224;2025-01-20;20;1;8,20;Annulée;point_relais;paiement refusé
CMD000233;C0224;20-01-25;39;2;4,90;Annulée;point_relais;paiement refusé
CMD000233;C0224;2025-01-20;26;1;8.90;annulee;point_relais;paiement refusé
CMD000234;C0282;2025-01-21;38;2;5.60;Livrée;retrait_ferme;
CMD000235;C0151;2025-01-21;13;2;5.40;LIVREE;retrait_ferme;
CMD000236;C0216;2025-01-21;32;4;2.20;Livrée;point_relais;
CMD000236;C0216;2025-01-21;6;3;1,40;Livrée;point_relais;
CMD000237;C0151;2025-01-21;34;3;4,80;LIVREE;domicile;
CMD000237;C0151;2025-01-21;33;4;4.20;LIVREE;domicile;
CMD000238;C0224;2025-01-21;29;0.5;28,00;livrée;domicile;
CMD000239;C0026;2025-01-21;18;3;4.20;livrée;point_relais;
CMD000239;C0026;21/01/2025;21;2;9.90;livrée;point_relais;
CMD000239;C0026;2025-01-21;12;2;3,50;livrée;point_relais;
CMD000240;C0091;2025-01-21;22;2;4.80;livrée;domicile;
CMD000240;C0091;2025-01-21;21;4;9.90;Livree;domicile;
CMD000240;C0091;2025-01-21;34;1;4.80;Livrée;domicile;
CMD000241;C0028;2025-01-21;11;3;3.20;Livrée;Domicile;
CMD000241;C0028;21/01/2025;2;3;2.80;Livree;domicile;
CMD000242;C0301;2025-01-21;31;3;1.20;livrée;point_relais;
CMD000242;C0301;2025-01-21;7;3;4.50;Livrée;Point_relais;
CMD000242;C0301;2025-01-21;25;1;4.90;Livrée;point_relais;
CMD000243;C0219;21/01/2025;31;3;1.20;livrée;domicile;
CMD000244;C0190;2025-01-21;36;2;5.20;Livrée;domicile;
CMD000244;C0190;21/01/2025;21;1;9.90;livrée;domicile;
CMD000244;C0190;2025-01-21;24;1;5.60;livrée;domicile;
CMD000245;C0080;2025-01-21;21;1;9.90;LIVREE;point_relais;
CMD000246;C0113;2025-01-21;27;2;3.40;Livree;point_relais;
CMD000246;C0113;2025-01-21;40;2;3.50;Livrée;point_relais;
CMD000246;C0113;2025-01-21;10;2;2,90;LIVREE;point_relais;
CMD000246;C0113;2025-01-21;25;2;4,90;livrée;point_relais;
CMD000247;C0301;2025-01-22;23;3;12.50;Livrée;point_relais;
CMD000247;C0301;2025-01-22;19;2;7.50;livrée;point_relais;
CMD000247;C0301;22/01/2025;7;3;4,50;livrée;point_relais;
CMD000247;C0301;22/01/2025;27;1;3.40;Livrée;point_relais;
CMD000248;C0300;22-01-25;6;2;1,40;Livree;retrait_ferme;
CMD000248;C0300;2025-01-22;35;3;3.90;Livrée;retrait_ferme;
CMD000249;C0203;2025-01-22;20;2;8,20;Livree;domicile;
CMD000249;C0203;22/01/2025;32;3;2,20;LIVREE;domicile;
CMD000249;C0203;2025-01-22;36;2;5.20;Livree;domicile;
CMD000250;C0307;22/01/2025;39;0,5;4,90;livrée;point_relais;
CMD000250;C0307;2025-01-22;16;1.5;8.50;Livree;point_relais;
CMD000250;C0307;2025-01-22;40;3;3.50;Livrée;point_relais;
CMD000250;C0307;2025-01-22;27;1;3.40;Livree;point_relais;
CMD000250;C0307;2025-01-22;34;4;4.80;Livree;point_relais;
CMD000251;C0205;22-01-25;29;0.5;28.00;Livree;retrait_ferme;
CMD000251;C0205;2025-01-22;35;1;3,90;Livree;retrait_ferme;
CMD000251;C0205;22/01/2025;28;2;1,90;Livrée;retrait_ferme;
CMD000252;C0158;2025-01-22;33;1;4.20;Livrée;Domicile;
CMD000252;C0158;2025-01-22;31;1;1,20;Livree;domicile;
CMD000252;C0158;22-01-25;21;4;9,90;Livrée;domicile;
CMD000253;C0107;2025-01-22;10;3;2,90;LIVREE;domicile;
CMD000253;C0107;2025-01-22;11;1;3.20;LIVREE;domicile;
CMD000253;C0107;2025-01-22;5;2;1.90;livrée;domicile;
CMD000253;C0107;22/01/2025;39;1.5;4.90;livrée;Domicile;
CMD000254;C0282;2025-01-22;23;3;12,50;livrée;Retrait_ferme;
CMD000254;C0282;2025-01-22;27;4;3.40;Livrée;retrait_ferme;
CMD000255;C0105;22-01-25;31;3;1.20;Livrée;point_relais;
CMD000256;C0120;2025-01-22;11;3;3.20;livrée;domicile;
CMD000256;C0120;2025-01-22;40;3;3.50;livrée;domicile;
CMD000256;C0120;2025-01-22;1;1;4.20;livrée;Domicile;
CMD000257;C0211;2025-01-22;15;1;5,80;LIVREE;Retrait_ferme;
CMD000257;C0211;2025-01-22;19;1;7,50;Livree;retrait_ferme;
CMD000257;C0211;2025-01-22;19;1;7,50;Livree;retrait_ferme;
CMD000258;C0170;22/01/2025;3;2;3.60;Livree;Domicile;
CMD000258;C0170;2025-01-22;23;1;12,50;LIVREE;domicile;
CMD000258;C0170;22/01/2025;19;3;7,50;livrée;domicile;
CMD000259;C0090;2025-01-22;10;3;2,90;livrée;domicile;
CMD000259;C0090;2025-01-22;24;2;5,60;LIVREE;domicile;
CMD000259;C0090;2025-01-22;1;3;4.20;LIVREE;domicile;
CMD000260;C0208;2025-01-22;40;2;3.50;LIVREE;point_relais;
CMD000260;C0208;2025-01-22;4;2;2.10;Livree;point_relais;
CMD000261;C0209;2025-01-23;18;1;4.20;Annulée;domicile;annulation client
CMD000262;C0263;23/01/2025;25;1;4.90;Livree;domicile;
CMD000262;C0263;2025-01-23;18;2;4.20;LIVREE;domicile;
CMD000262;C0263;2025-01-23;13;0.5;5.40;livrée;domicile;
CMD000263;C0002;2025-01-23;29;0.5;28.00;Livree;retrait_ferme;
CMD000264;C0183;2025-01-23;39;1,5;4,90;LIVREE;domicile;
CMD000265;C0062;23/01/2025;28;2;1,90;annulée;domicile;annulation client
CMD000265;C0062;2025-01-23;30;0.5;24.00;annulee;Domicile;annulation client
CMD000265;C0062;2025-01-23;23;4;12,50;Annulée;domicile;annulation client
CMD000266;C0183;2025-01-23;27;3;3,40;Livrée;domicile;
CMD000266;C0183;2025-01-23;26;1;8.90;Livrée;domicile;
CMD000266;C0183;2025-01-23;10;2;2,90;LIVREE;domicile;
CMD000266;C0183;2025-01-23;13;0,5;5,40;LIVREE;domicile;
CMD000267;C0120;2025-01-23;36;1;5.20;Livree;point_relais;
CMD000267;C0120;2025-01-23;27;1;3,40;Livrée;Point_relais;
CMD000267;C0120;23/01/2025;8;2;2.60;Livree;point_relais;
CMD000267;C0120;2025-01-23;37;2;3.10;livrée;point_relais;
CMD000268;C0239;2025-01-23;3;3;3.60;livrée;point_relais;
CMD000268;C0239;2025-01-23;24;3;5.60;Livrée;point_relais;
CMD000268;C0239;2025-01-23;33;2;4.20;Livrée;point_relais;
CMD000269;C0274;23/01/2025;19;4;7,50;livrée;point_relais;
CMD000269;C0274;2025-01-23;39;3;4.90;LIVREE;point_relais;
CMD000270;C0202;2025-01-23;24;2;5,60;Livrée;domicile;
CMD000271;C0097;2025-01-23;25;2;4,90;annulée;point_relais;rupture de stock
CMD000271;C0097;2025-01-23;34;2;4,80;ANNULEE;point_relais;rupture de stock
CMD000272;C0145;24/01/2025;27;4;3.40;Livree;point_relais;
CMD000273;C0156;2025-01-24;9;3;9.00;Livrée;domicile;
CMD000273;C0156;2025-01-24;5;3;1.90;livrée;Domicile;
CMD000273;C0156;2025-01-24;27;2;3.40;Livrée;domicile;
CMD000274;C0216;2025-01-24;33;4;4.20;Livrée;retrait_ferme;
CMD000275;C0004;2025-01-24;33;1;4.20;ANNULEE;domicile;paiement refusé
CMD000276;C0213;2025-01-24;10;1;2.90;Livree;domicile;
CMD000276;C0213;2025-01-24;33;2;4.20;Livrée;domicile;
CMD000276;C0213;2025-01-24;20;1;8.20;Livree;domicile;
CMD000277;C0100;2025-01-24;38;1;5.60;LIVREE;domicile;
CMD000277;C0100;2025-01-24;16;1;8,50;livrée;domicile;
CMD000278;C0005;2025-01-24;21;1;9.90;Livree;retrait_ferme;
CMD000278;C0005;2025-01-24;32;4;2.20;LIVREE;retrait_ferme;
CMD000279;C0224;2025-01-24;30;0.2;24.00;LIVREE;point_relais;
CMD000279;C0224;2025-01-24;20;2;8,20;LIVREE;point_relais;
CMD000279;C0224;24/01/2025;32;1;2,20;LIVREE;point_relais;
CMD000280;C0121;2025-01-24;19;2;7.50;Livrée;domicile;
CMD000281;C0311;2025-01-25;35;1;3.90;livrée;retrait_ferme;
CMD000281;C0311;2025-01-25;2;3;2.80;Livrée;retrait_ferme;
CMD000282;C0005;2025-01-25;27;3;3,40;Livree;domicile;
CMD000282;C0005;2025-01-25;25;1;4.90;livrée;domicile;
CMD000282;C0005;2025-01-25;39;1;4,90;LIVREE;domicile;
CMD000282;C0005;25/01/2025;26;2;8.90;Livrée;domicile;
CMD000283;C0044;2025-01-25;13;1.5;5.40;LIVREE;retrait_ferme;
CMD000283;C0044;2025-01-25;24;4;5.60;LIVREE;retrait_ferme;
CMD000284;C0076;2025-01-25;26;4;8.90;Livree;point_relais;
CMD000285;C0279;2025-01-25;37;1;3.10;livrée;retrait_ferme;
CMD000285;C0279;2025-01-25;38;4;5.60;Livrée;Retrait_ferme;
CMD000285;C0279;2025-01-25;4;1;2,10;livrée;retrait_ferme;
CMD000285;C0279;25/01/2025;1;2;4,20;Livree;retrait_ferme;
CMD000286;C0224;2025-01-25;39;1;4.90;LIVREE;point_relais;
CMD000286;C0224;2025-01-25;38;1;5.60;Livree;point_relais;
CMD000287;C0209;2025-01-25;21;2;9.90;Livree;point_relais;
CMD000287;C0209;2025-01-25;6;4;1.40;Livree;point_relais;
CMD000288;C0056;2025-01-25;27;4;3,40;annulée;domicile;client absent
CMD000289;C0291;25/01/2025;18;1;4,20;Livrée;point_relais;
CMD000289;C0291;2025-01-25;3;1,5;3.60;livrée;point_relais;
CMD000289;C0291;2025-01-25;39;1;4.90;Livrée;point_relais;
CMD000290;C0046;2025-01-25;27;2;3,40;annulee;Domicile;météo
CMD000290;C0046;2025-01-25;15;1.5;5.80;Annulée;domicile;météo
CMD000291;C0210;25/01/2025;12;1;3.50;LIVREE;retrait_ferme;
CMD000291;C0210;2025-01-25;3;1,5;3,60;Livree;retrait_ferme;
CMD000291;C0210;2025-01-25;37;2;3,10;Livree;retrait_ferme;
CMD000292;C0070;2025-01-25;37;1;3.10;Livree;Domicile;
CMD000292;C0070;2025-01-25;31;2;1.20;livrée;domicile;
CMD000292;C0070;2025-01-25;40;3;3.50;livrée;domicile;
CMD000293;C0274;2025-01-26;26;4;8,90;livrée;domicile;
CMD000293;C0274;2025-01-26;31;4;1,20;LIVREE;domicile;
CMD000293;C0274;26/01/2025;8;1;2,60;LIVREE;domicile;
CMD000293;C0274;2025-01-26;21;2;9.90;LIVREE;domicile;
CMD000294;C0145;2025-01-26;38;1;5.60;LIVREE;domicile;
CMD000295;C0199;26/01/2025;29;0.5;28.00;LIVREE;point_relais;
CMD000296;C0270;2025-01-26;34;1;4.80;Livrée;domicile;
CMD000296;C0270;26/01/2025;3;0,5;3.60;livrée;domicile;
CMD000296;C0270;2025-01-26;23;3;12.50;livrée;domicile;
CMD000296;C0270;2025-01-26;35;2;3.90;LIVREE;domicile;
CMD000297;C0172;2025-01-26;22;2;4.80;livrée;retrait_ferme;
CMD000297;C0172;2025-01-26;34;1;4.80;Livree;retrait_ferme;
CMD000297;C0172;2025-01-26;40;3;3.50;Livrée;retrait_ferme;
CMD000298;C0126;2025-01-26;22;1;4,80;Livree;point_relais;
CMD000298;C0126;2025-01-26;7;3;4,50;Livrée;point_relais;
CMD000299;C0187;26/01/2025;36;2;5.20;livrée;domicile;
CMD000299;C0187;26/01/2025;12;1;3,50;livrée;domicile;
CMD000300;C0211;2025-01-26;26;3;8.90;Livree;point_relais;
CMD000300;C0211;2025-01-26;31;1;1.20;Livree;point_relais;
CMD000300;C0211;2025-01-26;36;2;5,20;livrée;point_relais;
CMD000300;C0211;2025-01-26;4;2;2.10;Livree;Point_relais;
CMD000301;C0183;26-01-25;32;1;2.20;annulee;retrait_ferme;paiement refusé
CMD000301;C0183;2025-01-26;34;2;4.80;Annulée;retrait_ferme;paiement refusé
CMD000301;C0183;2025-01-26;13;3;5.40;ANNULEE;retrait_ferme;paiement refusé
CMD000301;C0183;26/01/2025;20;2;8.20;ANNULEE;retrait_ferme;paiement refusé
CMD000302;C0010;26/01/2025;23;4;12,50;LIVREE;domicile;
CMD000303;C0090;2025-01-26;22;1;4.80;Livree;point_relais;
CMD000303;C0090;2025-01-26;11;1.5;3.20;Livrée;point_relais;
CMD000303;C0090;2025-01-26;4;3;2,10;Livree;point_relais;
CMD000303;C0090;2025-01-26;32;1;2.20;Livrée;point_relais;
CMD000303;C0090;2025-01-26;26;4;8.90;Livrée;point_relais;
CMD000304;C0285;2025-01-26;31;1;1.20;LIVREE;domicile;
CMD000305;C0088;2025-01-26;11;1.5;3.20;Livrée;domicile;
CMD000305;C0088;2025-01-26;38;2;5.60;livrée;domicile;
CMD000305;C0088;2025-01-26;10;3;2.90;Livree;domicile;
CMD000306;C0076;2025-01-26;7;1;4,50;Livree;domicile;
CMD000306;C0076;2025-01-26;38;2;5.60;livrée;domicile;
CMD000306;C0076;26-01-25;23;2;12.50;Livree;domicile;
CMD000306;C0076;26/01/2025;20;4;8.20;Livrée;domicile;
CMD000307;C0132;2025-01-26;31;1;1.20;Livree;domicile;
CMD000307;C0132;2025-01-26;31;1;1.20;Livree;domicile;
CMD000307;C0132;2025-01-26;35;1;3.90;LIVREE;Domicile;
CMD000308;C0045;2025-01-27;39;1;4.90;livrée;Point_relais;
CMD000308;C0045;2025-01-27;23;1;12.50;LIVREE;point_relais;
CMD000308;C0045;27-01-25;19;2;7,50;livrée;point_relais;
CMD000308;C0045;2025-01-27;34;1;4.80;LIVREE;point_relais;
CMD000309;C0291;2025-01-27;33;4;4.20;livrée;Retrait_ferme;
CMD000309;C0291;2025-01-27;5;2;1.90;LIVREE;retrait_ferme;
CMD000309;C0291;2025-01-27;5;2;1.90;LIVREE;retrait_ferme;
CMD000310;C0104;27/01/2025;35;1;3.90;Livrée;domicile;
CMD000311;C0087;2025-01-27;27;1;3,40;Livree;domicile;
CMD000311;C0087;27/01/2025;39;1;4.90;Livree;domicile;
CMD000311;C0087;2025-01-27;28;1;1,90;Livrée;domicile;
CMD000311;C0087;2025-01-27;21;2;9.90;LIVREE;domicile;
CMD000312;C0188;27/01/2025;6;3;1.40;Livrée;domicile;
CMD000312;C0188;2025-01-27;24;4;5,60;Livrée;domicile;
CMD000312;C0188;2025-01-27;21;4;9.90;livrée;domicile;
CMD000313;C0070;2025-01-27;40;2;3.50;Livree;domicile;
CMD000313;C0070;2025-01-27;29;0.5;28.00;Livrée;domicile;
CMD000314;C0183;2025-01-27;18;2;4,20;livrée;domicile;
CMD000314;C0183;2025-01-27;33;4;4.20;LIVREE;Domicile;
CMD000314;C0183;2025-01-27;20;3;8,20;Livree;domicile;
CMD000314;C0183;27-01-25;26;1;8.90;Livrée;domicile;
CMD000314;C0183;2025-01-27;8;1;2,60;Livree;domicile;
CMD000315;C0219;27/01/2025;22;4;4,80;Livree;domicile;
CMD000315;C0219;2025-01-27;33;4;4.20;LIVREE;domicile;
CMD000315;C0219;2025-01-27;40;1;3.50;livrée;Domicile;
CMD000316;C0242;2025-01-27;10;1;2.90;LIVREE;point_relais;
CMD000316;C0242;27/01/2025;29;0.5;28.00;livrée;point_relais;
CMD000316;C0242;2025-01-27;31;1;1.20;Livree;point_relais;
CMD000317;C0107;2025-01-27;20;1;8.20;livrée;domicile;
CMD000317;C0107;2025-01-27;36;2;5.20;Livrée;domicile;
CMD000317;C0107;2025-01-27;40;2;3,50;livrée;domicile;
CMD000318;C0282;27-01-25;19;2;7,50;Livrée;domicile;
CMD000318;C0282;2025-01-27;14;2;4.90;livrée;domicile;
CMD000318;C0282;27/01/2025;27;2;3.40;LIVREE;domicile;
CMD000318;C0282;2025-01-27;21;1;9.90;Livrée;domicile;
CMD000318;C0282;27/01/2025;34;3;4.80;livrée;domicile;
CMD000319;C0107;2025-01-28;16;3;8.50;Livrée;Domicile;
CMD000319;C0107;28-01-25;6;2;1,40;LIVREE;domicile;
CMD000319;C0107;28-01-25;26;4;8.90;livrée;domicile;
CMD000319;C0107;2025-01-28;38;2;5.60;Livree;domicile;
CMD000319;C0107;2025-01-28;30;0.5;24.00;Livrée;domicile;
CMD000320;C0199;2025-01-28;3;3;3,60;Livree;retrait_ferme;
CMD000320;C0199;2025-01-28;9;2;9.00;Livrée;retrait_ferme;
CMD000321;C0076;2025-01-28;36;1;5.20;Livree;domicile;
CMD000322;C0077;28/01/2025;31;2;1.20;Livrée;domicile;
CMD000322;C0077;2025-01-28;29;0.2;28.00;LIVREE;domicile;
CMD000322;C0077;2025-01-28;22;2;4.80;Livrée;domicile;
CMD000322;C0077;2025-01-28;34;4;4.80;LIVREE;domicile;
CMD000322;C0077;2025-01-28;39;1.5;4.90;Livrée;domicile;
CMD000323;C0274;2025-01-28;33;1;4.20;annulée;domicile;rupture de stock
CMD000323;C0274;2025-01-28;2;0.5;2.80;annulee;domicile;rupture de stock
CMD000324;C0162;2025-01-28;19;3;7.50;livrée;point_relais;
CMD000325;C0098;2025-01-28;36;2;5,20;Livree;point_relais;
CMD000325;C0098;2025-01-28;7;2;4.50;Livree;point_relais;
CMD000325;C0098;2025-01-28;35;2;3.90;livrée;point_relais;
CMD000326;C0094;2025-01-29;22;1;4.80;LIVREE;retrait_ferme;
CMD000326;C0094;29/01/2025;16;1;8.50;Livree;retrait_ferme;
CMD000326;C0094;2025-01-29;19;2;7.50;LIVREE;retrait_ferme;
CMD000327;C0098;2025-01-29;19;2;7.50;LIVREE;point_relais;
CMD000327;C0098;2025-01-29;30;0.2;24,00;Livree;point_relais;
CMD000327;C0098;2025-01-29;38;1;5.60;LIVREE;point_relais;
CMD000328;C0263;2025-01-29;24;3;5.60;livrée;point_relais;
CMD000328;C0263;2025-01-29;24;3;5.60;livrée;point_relais;
CMD000328;C0263;2025-01-29;14;2;4,90;LIVREE;point_relais;
CMD000328;C0263;2025-01-29;21;2;9,90;Livree;point_relais;
CMD000328;C0263;2025-01-29;39;N/A;4.90;livrée;point_relais;
CMD000329;C0048;2025-01-29;32;4;2.20;Livree;point_relais;
CMD000330;C0185;2025-01-29;29;0.5;28.00;livrée;point_relais;
CMD000330;C0185;2025-01-29;39;2;4.90;LIVREE;point_relais;
CMD000331;C0048;29-01-25;40;3;3.50;Livrée;Domicile;
CMD000331;C0048;2025-01-29;12;2;3.50;Livree;domicile;
CMD000332;C0199;2025-01-29;26;3;8,90;Livree;Domicile;
CMD000332;C0199;2025-01-29;7;1;4.50;livrée;domicile;
CMD000332;C0199;2025-01-29;37;2;3.10;Livree;domicile;
CMD000332;C0960;29/01/2025;6;1;1,40;livrée;Domicile;
CMD000332;C0199;2025-01-29;30;0.5;24,00;livrée;domicile;
CMD000333;C0202;2025-01-29;10;1.5;2.90;Livree;point_relais;
CMD000334;C0097;29/01/2025;30;0.5;24.00;Livree;domicile;
CMD000335;C0207;2025-01-30;6;1;1.40;livrée;domicile;
CMD000336;C0075;2025-01-30;38;1;5.60;Livrée;point_relais;
CMD000337;C0097;2025-01-30;19;4;7,50;Livrée;domicile;
CMD000337;C0097;2025-01-30;40;1;3.50;Livree;domicile;
CMD000337;C0097;2025-01-30;30;0.5;24,00;LIVREE;domicile;
CMD000338;C0257;2025-01-30;20;N/A;8.20;Livrée;domicile;
CMD000338;C0257;2025-01-30;25;4;4.90;Livree;domicile;
CMD000338;C0257;2025-01-30;35;3;3,90;LIVREE;domicile;
CMD000338;C0952;30-01-25;30;0.5;24.00;Livree;domicile;
CMD000338;C0257;2025-01-30;32;1;2.20;Livree;domicile;
CMD000339;C0152;30/01/2025;24;1;5.60;livrée;retrait_ferme;
CMD000339;C0152;30/01/2025;15;2;5.80;Livree;retrait_ferme;
CMD000339;C0152;2025-01-30;29;0.2;28.00;Livree;retrait_ferme;
CMD000340;C0004;2025-01-30;23;3;12.50;LIVREE;Domicile;
CMD000340;C0004;2025-01-30;24;1;5.60;Livrée;domicile;
CMD000340;C0004;2025-01-30;35;1;3.90;Livree;domicile;
CMD000341;C0069;2025-01-30;16;0.5;8.50;Livrée;domicile;
CMD000341;C0069;2025-01-30;22;2;4.80;Livree;domicile;
CMD000342;C0306;2025-01-30;33;3;4.20;Livree;point_relais;
CMD000342;C0306;2025-01-30;34;2;4,80;livrée;point_relais;
CMD000342;C0306;2025-01-30;28;3;1,90;livrée;point_relais;
CMD000343;C0260;2025-01-30;5;1;1,90;LIVREE;domicile;
CMD000343;C0260;2025-01-30;32;1;2.20;Livree;Domicile;
CMD000344;C0264;2025-01-30;24;1;5,60;Livrée;domicile;
CMD000344;C0264;2025-01-30;7;2;4.50;livrée;domicile;
CMD000344;C0264;2025-01-30;26;3;8.90;livrée;domicile;
CMD000344;C0264;2025-01-30;12;3;3,50;Livrée;domicile;
CMD000344;C0264;2025-01-30;32;1;2,20;Livree;domicile;
CMD000345;C0224;2025-01-30;7;1;4.50;livrée;domicile;
CMD000345;C0224;2025-01-30;28;4;1.90;livrée;domicile;
CMD000346;C0062;2025-01-30;19;2;7.50;LIVREE;point_relais;
CMD000347;C0094;30/01/2025;4;1.5;2.10;livrée;domicile;
CMD000347;C0094;2025-01-30;32;1;2,20;Livree;domicile;
CMD000348;C0148;2025-01-31;39;3;4.90;livrée;point_relais;
CMD000348;C0148;2025-01-31;35;2;3.90;livrée;point_relais;
CMD000348;C0148;2025-01-31;11;3;3.20;LIVREE;point_relais;
CMD000348;C0148;31/01/2025;6;2;1,40;LIVREE;point_relais;
CMD000349;C0273;31/01/2025;36;2;5.20;livrée;domicile;
CMD000349;C0273;2025-01-31;28;4;1.90;Livree;domicile;
CMD000349;C0273;2025-01-31;30;0.5;24.00;livrée;domicile;
CMD000349;C0273;31/01/2025;3;3;3,60;LIVREE;domicile;
CMD000349;C0273;2025-01-31;11;2;3.20;Livree;domicile;
CMD000350;C0121;31/01/2025;24;3;5,60;Livrée;Retrait_ferme;
CMD000351;C0264;2025-01-31;22;1;4.80;Annulée;point_relais;client absent
CMD000351;C0264;2025-01-31;37;1;3.10;Annulée;point_relais;client absent
CMD000352;C0217;2025-01-31;37;1;3.10;Livrée;domicile;
CMD000352;C0217;2025-01-31;16;1,5;8.50;LIVREE;domicile;
CMD000353;C0094;2025-01-31;33;2;4.20;Livrée;point_relais;
CMD000353;C0094;2025-01-31;21;1;9,90;livrée;point_relais;
CMD000353;C0094;2025-01-31;5;1.5;1.90;Livrée;point_relais;
CMD000354;C0254;2025-01-31;36;4;5.20;Livree;domicile;
CMD000355;C0073;01/02/2025;39;1.5;4.90;Livree;domicile;
CMD000355;C0073;2025-02-01;30;0.2;24.00;livrée;domicile;
CMD000355;C0073;2025-02-01;3;1;3,60;livrée;domicile;
CMD000356;C0099;2025-02-01;40;2;3,50;Livrée;retrait_ferme;
CMD000356;C0099;01/02/2025;32;1;2.20;Livree;retrait_ferme;
CMD000357;C0005;2025-02-01;17;2;3.00;Livree;point_relais;
CMD000357;C0005;2025-02-01;28;2;1.90;Livrée;point_relais;
CMD000357;C0005;2025-02-01;23;1;12.50;Livree;point_relais;
CMD000358;C0076;2025-02-01;23;2;12.50;livrée;domicile;
CMD000358;C0076;2025-02-01;24;2;5,60;Livree;domicile;
CMD000358;C0076;2025-02-01;24;2;5,60;Livree;domicile;
CMD000358;C0076;2025-02-01;33;1;4.20;Livrée;domicile;
CMD000359;C0097;2025-02-01;11;1;3.20;LIVREE;Retrait_ferme;
CMD000360;C0274;01-02-25;22;2;4,80;livrée;point_relais;
CMD000360;C0274;2025-02-01;26;3;8,90;livrée;point_relais;
CMD000361;C0112;2025-02-01;3;3;3.60;LIVREE;retrait_ferme;
CMD000362;C0304;2025-02-01;12;0.5;3.50;LIVREE;domicile;
CMD000362;C0304;01-02-25;24;4;5.60;LIVREE;domicile;
CMD000363;C0003;2025-02-01;9;0.5;9.00;Livrée;domicile;
CMD000363;C0003;2025-02-01;39;2;4,90;LIVREE;domicile;
CMD000363;C0003;2025-02-01;27;1;3,40;LIVREE;domicile;
CMD000364;C0045;2025-02-01;10;1.5;2,90;LIVREE;domicile;
CMD000365;C0199;2025-02-01;33;3;4.20;Livrée;domicile;
CMD000365;C0199;2025-02-01;37;1;3,10;livrée;domicile;
CMD000365;C0199;2025-02-01;32;2;2.20;Livree;domicile;
CMD000366;C0224;2025-02-01;9;0.5;9.00;LIVREE;domicile;
CMD000366;C0224;2025-02-01;40;2;3,50;LIVREE;domicile;
CMD000366;C0224;2025-02-01;7;1;4,50;Livree;domicile;
CMD000366;C0224;2025-02-01;39;1;4.90;livrée;domicile;
CMD000367;C0282;2025-02-01;40;1;3.50;Livree;domicile;
CMD000367;C0282;2025-02-01;24;2;5.60;livrée;Domicile;
CMD000368;C0168;2025-02-02;30;0.2;24.00;Livrée;domicile;
CMD000369;C0138;2025-02-02;33;2;4.20;LIVREE;point_relais;
CMD000369;C0138;2025-02-02;28;2;1.90;Livrée;point_relais;
CMD000369;C0138;2025-02-02;1;3;4.20;Livrée;point_relais;
CMD000370;C0286;2025-02-02;20;3;8.20;LIVREE;retrait_ferme;
CMD000370;C0286;2025-02-02;4;2;2.10;Livree;retrait_ferme;
CMD000370;C0286;2025-02-02;17;4;3,00;Livrée;retrait_ferme;
CMD000370;C0286;2025-02-02;28;2;1,90;LIVREE;retrait_ferme;
CMD000371;C0076;2025-02-02;11;1,5;3.20;annulee;domicile;client absent
CMD000371;C0076;2025-02-02;14;1.5;4.90;ANNULEE;domicile;client absent
CMD000372;C0166;2025-02-02;24;1;5.60;Livree;Retrait_ferme;
CMD000372;C0166;2025-02-02;20;1;8,20;Livrée;retrait_ferme;
CMD000373;C0005;02/02/2025;16;0,5;8.50;LIVREE;point_relais;
CMD000373;C0005;2025-02-02;31;4;1.20;LIVREE;point_relais;
CMD000374;C0263;2025-02-02;11;0.5;3.20;livrée;point_relais;
CMD000374;C0263;2025-02-02;35;4;3.90;LIVREE;point_relais;
CMD000375;C0072;2025-02-02;26;2;8,90;LIVREE;point_relais;
CMD000376;C0242;2025-02-02;34;1;4,80;LIVREE;retrait_ferme;
CMD000377;C0274;2025-02-02;21;4;9.90;LIVREE;domicile;
CMD000377;C0274;2025-02-02;24;3;5.60;Livrée;domicile;
CMD000378;C0093;2025-02-02;36;3;5.20;Annulée;domicile;annulation client
CMD000378;C0093;02/02/2025;18;4;4.20;ANNULEE;domicile;annulation client
CMD000379;C0085;2025-02-02;40;2;3.50;livrée;domicile;
CMD000379;C0085;2025-02-02;24;1;5,60;Livrée;domicile;
CMD000380;C0070;02/02/2025;18;2;4.20;Livrée;domicile;
CMD000381;C0256;2025-02-02;37;2;3.10;Livrée;domicile;
CMD000381;C0256;2025-02-02;23;2;12.50;livrée;domicile;
CMD000381;C0256;2025-02-02;25;1;4.90;Livrée;Domicile;
CMD000381;C0256;2025-02-02;27;1;3.40;Livrée;domicile;
CMD000381;C0256;02/02/2025;28;1;1.90;Livree;domicile;
CMD000382;C0137;2025-02-03;32;4;2.20;livrée;domicile;
CMD000382;C0137;03/02/2025;23;1;12.50;LIVREE;domicile;
CMD000382;C0137;2025-02-03;33;2;4,20;Livrée;domicile;
CMD000383;C0112;2025-02-03;19;4;7.50;LIVREE;domicile;
CMD000383;C0112;03/02/2025;25;2;4,90;Livrée;domicile;
CMD000384;C0126;2025-02-03;25;1;4.90;Livrée;point_relais;
CMD000385;C0099;2025-02-03;40;2;3.50;livrée;domicile;
CMD000385;C0099;2025-02-03;8;1;2.60;Livrée;domicile;
CMD000386;C0104;2025-02-03;24;1;5.60;Livrée;retrait_ferme;
CMD000386;C0104;03/02/2025;20;4;8,20;livrée;retrait_ferme;
CMD000386;C0104;03-02-25;4;1,5;2.10;Livree;retrait_ferme;
CMD000386;C0104;2025-02-03;6;1;1,40;LIVREE;retrait_ferme;
CMD000387;C0236;2025-02-03;25;2;4.90;LIVREE;retrait_ferme;
CMD000387;C0236;2025-02-03;21;3;9,90;LIVREE;retrait_ferme;
CMD000388;C0082;2025-02-03;30;0.2;24,00;annulée;domicile;client absent
CMD000388;C0082;03/02/2025;7;1.5;4.50;ANNULEE;domicile;client absent
CMD000388;C0082;2025-02-03;24;1;5.60;annulée;domicile;client absent
CMD000389;C0254;2025-02-03;24;2;5,60;LIVREE;domicile;
CMD000389;C0254;2025-02-03;40;2;3.50;Livrée;domicile;
CMD000390;C0021;2025-02-03;24;4;5.60;Livrée;Domicile;
CMD000390;C0021;2025-02-03;17;4;3.00;LIVREE;domicile;
CMD000390;C0021;2025-02-03;26;2;8.90;Livrée;domicile;
CMD000390;C0021;2025-02-03;39;1;4.90;Livrée;domicile;
CMD000391;C0290;04-02-25;22;1;4,80;Livrée;point_relais;
CMD000392;C0045;2025-02-04;27;2;3.40;livrée;point_relais;
CMD000392;C0045;2025-02-04;20;2;8,20;livrée;point_relais;
CMD000393;C0093;2025-02-04;29;0.5;28.00;Livree;retrait_ferme;
CMD000394;C0090;2025-02-04;36;4;5.20;Livree;domicile;
CMD000394;C0090;2025-02-04;25;1;4.90;LIVREE;domicile;
CMD000395;C0183;2025-02-04;21;1;9.90;Livrée;Domicile;
CMD000395;C0183;2025-02-04;24;2;5,60;Livree;domicile;
CMD000396;C0264;2025-02-04;6;3;1.40;Annulée;point_relais;annulation client
CMD000396;C0264;04/02/2025;37;3;3.10;ANNULEE;point_relais;annulation client
CMD000397;C0094;2025-02-04;28;1;1.90;Livrée;point_relais;
CMD000397;C0094;04/02/2025;29;0.2;28.00;Livree;point_relais;
CMD000397;C0094;2025-02-04;21;1;9.90;Livrée;point_relais;
CMD000397;C0094;2025-02-04;33;4;4.20;livrée;point_relais;
CMD000398;C0062;2025-02-04;19;1;7,50;Livrée;domicile;
CMD000399;C0269;2025-02-04;28;1;1,90;livrée;domicile;
CMD000399;C0269;2025-02-04;20;1;8.20;livrée;Domicile;
CMD000399;C0269;2025-02-04;34;3;4.80;livrée;domicile;
CMD000399;C0269;2025-02-04;22;1;4.80;Livree;domicile;
CMD000400;C0090;2025-02-04;28;2;1.90;Livree;domicile;
CMD000400;C0090;2025-02-04;9;1;9.00;LIVREE;domicile;
CMD000401;C0203;2025-02-04;38;1;5.60;Livrée;domicile;
CMD000401;C0203;2025-02-04;4;2;2.10;livrée;Domicile;
CMD000401;C0203;2025-02-04;35;1;3.90;Livrée;domicile;
CMD000402;C0175;2025-02-04;7;2;4,50;Livree;domicile;
CMD000402;C0175;2025-02-04;36;2;5.20;LIVREE;domicile;
CMD000402;C0175;2025-02-04;15;3;5.80;LIVREE;domicile;
CMD000403;C0207;2025-02-04;1;2;4,20;Livree;domicile;
CMD000403;C0207;04/02/2025;20;2;8.20;Livrée;domicile;
CMD000403;C0207;2025-02-04;10;1,5;2,90;livrée;Domicile;
CMD000404;C0121;2025-02-05;13;1;5.40;livrée;domicile;
CMD000405;C0260;2025-02-05;37;2;3,10;livrée;domicile;
CMD000405;C0260;2025-02-05;35;2;3.90;Livrée;domicile;
CMD000405;C0260;05/02/2025;14;1.5;4.90;Livree;domicile;
CMD000405;C0260;2025-02-05;36;3;5.20;Livree;domicile;
CMD000406;C0271;05/02/2025;21;3;9.90;Livree;retrait_ferme;
CMD000406;C0271;2025-02-05;25;2;4.90;LIVREE;retrait_ferme;
CMD000407;C0103;2025-02-05;15;0.5;5.80;LIVREE;Domicile;
CMD000407;C0103;2025-02-05;2;1;2,80;Livrée;Domicile;
CMD000408;C0085;2025-02-05;34;4;4.80;Livree;domicile;
CMD000408;C0085;2025-02-05;14;3;4.90;Livree;domicile;
CMD000408;C0085;2025-02-05;36;2;5,20;Livree;domicile;
CMD000409;C0068;2025-02-05;10;2;2.90;Livree;point_relais;
CMD000409;C0068;2025-02-05;33;2;4.20;Livrée;point_relais;
CMD000409;C0068;2025-02-05;36;4;5.20;Livrée;Point_relais;
CMD000410;C0134;2025-02-05;5;0.5;1.90;Livrée;point_relais;
CMD000410;C0134;2025-02-05;16;1.5;8.50;LIVREE;point_relais;
CMD000410;C0134;05/02/2025;25;2;4.90;Livree;point_relais;
CMD000410;C0134;2025-02-05;2;0.5;2.80;Livree;point_relais;
CMD000411;C0185;05/02/2025;20;3;8.20;Livrée;domicile;
CMD000411;C0185;2025-02-05;34;1;4.80;Livrée;domicile;
CMD000411;C0185;2025-02-05;9;2;9.00;Livrée;domicile;
CMD000412;C0032;2025-02-05;38;1;5.60;Livrée;point_relais;
CMD000412;C0032;2025-02-05;36;1;5,20;LIVREE;point_relais;
CMD000413;C0014;05-02-25;17;3;3,00;livrée;domicile;
CMD000413;C0014;2025-02-05;23;2;12.50;Livree;domicile;
CMD000413;C0014;2025-02-05;34;2;4.80;livrée;domicile;
CMD000414;C0099;2025-02-05;24;4;5.60;Livrée;domicile;
CMD000414;C0099;2025-02-05;5;2;1.90;Livrée;domicile;
CMD000415;C0227;2025-02-06;18;2;4.20;livrée;point_relais;
CMD000415;C0227;2025-02-06;13;3;5.40;livrée;point_relais;
CMD000416;C0203;2025-02-06;22;1;4.80;LIVREE;point_relais;
CMD000417;C0274;2025-02-06;14;3;4,90;livrée;point_relais;
CMD000417;C0274;06/02/2025;19;1;7.50;Livree;point_relais;
CMD000417;C0274;2025-02-06;36;1;5.20;Livrée;point_relais;
CMD000417;C0274;2025-02-06;25;2;4.90;livrée;point_relais;
CMD000418;C0282;2025-02-06;21;2;9.90;Livrée;domicile;
CMD000418;C0282;2025-02-06;6;1;1.40;Livree;Domicile;
CMD000418;C0282;2025-02-06;40;3;3.50;Livree;domicile;
CMD000419;C0080;2025-02-06;4;3;2.10;LIVREE;point_relais;
CMD000420;C0236;2025-02-06;2;2;2.80;Livrée;domicile;
CMD000421;C0135;2025-02-06;17;4;3.00;livrée;Point_relais;
CMD000421;C0135;2025-02-06;11;1.5;3,20;Livrée;point_relais;
CMD000421;C0135;2025-02-06;7;2;4.50;livrée;point_relais;
CMD000422;C0273;2025-02-06;24;2;5.60;Livree;domicile;
CMD000423;C0076;2025-02-06;14;1;4.90;livrée;Point_relais;
CMD000423;C0076;2025-02-06;40;2;3.50;Livrée;point_relais;
CMD000423;C0076;2025-02-06;30;0.5;24.00;LIVREE;point_relais;
CMD000424;C0145;2025-02-06;30;0.2;24.00;livrée;point_relais;
CMD000424;C0145;06/02/2025;26;1;8.90;Livree;point_relais;
CMD000425;C0032;2025-02-06;37;3;3,10;LIVREE;domicile;
CMD000425;C0032;2025-02-06;28;2;1.90;Livrée;domicile;
CMD000426;C0297;2025-02-06;35;2;3,90;LIVREE;point_relais;
CMD000426;C0297;2025-02-06;33;4;4.20;Livrée;point_relais;
CMD000427;C0277;06/02/2025;20;1;8,20;LIVREE;domicile;
CMD000427;C0277;06-02-25;30;0.2;24.00;livrée;domicile;
CMD000427;C0277;2025-02-06;14;0.5;4,90;LIVREE;domicile;
CMD000428;C0165;2025-02-06;16;3;8,50;livrée;retrait_ferme;
CMD000428;C0165;2025-02-06;40;4;3,50;Livrée;retrait_ferme;
CMD000428;C0165;2025-02-06;20;2;8.20;LIVREE;retrait_ferme;
CMD000428;C0165;2025-02-06;38;1;5.60;Livrée;retrait_ferme;
CMD000428;C0165;2025-02-06;6;1;1,40;Livrée;retrait_ferme;
CMD000429;C0253;2025-02-07;30;0.2;24.00;livrée;domicile;
CMD000429;C0253;07/02/2025;17;2;3,00;Livree;domicile;
CMD000430;C0311;2025-02-07;20;3;8.20;Livree;retrait_ferme;
CMD000431;C0151;2025-02-07;20;3;8,20;livrée;point_relais;
CMD000431;C0151;2025-02-07;33;4;4.20;LIVREE;point_relais;
CMD000432;C0046;2025-02-07;13;2;5.40;livrée;domicile;
CMD000432;C0046;07/02/2025;35;4;3.90;LIVREE;domicile;
CMD000432;C0046;07/02/2025;22;2;4.80;livrée;domicile;
CMD000433;C0121;07/02/2025;35;2;3.90;Livrée;point_relais;
CMD000433;C0121;2025-02-07;32;2;2.20;Livree;point_relais;
CMD000433;C0121;2025-02-07;3;3;3.60;Livrée;point_relais;
CMD000434;C0104;2025-02-07;33;2;4.20;LIVREE;Domicile;
CMD000434;C0104;07-02-25;22;2;4.80;LIVREE;domicile;
CMD000434;C0104;2025-02-07;3;1;3.60;LIVREE;domicile;
CMD000435;C0068;2025-02-07;10;3;2,90;LIVREE;domicile;
CMD000436;C0145;2025-02-07;24;1;5,60;livrée;domicile;
CMD000437;C0260;07/02/2025;34;2;4.80;livrée;point_relais;
CMD000437;C0260;2025-02-07;40;2;3.50;livrée;point_relais;
CMD000438;C0199;2025-02-07;10;1.5;2.90;Livrée;retrait_ferme;
CMD000439;C0237;2025-02-07;12;1.5;3.50;livrée;point_relais;
CMD000439;C0237;2025-02-07;36;2;5.20;livrée;point_relais;
CMD000439;C0237;2025-02-07;37;2;3.10;livrée;point_relais;
CMD000440;C0207;2025-02-07;18;2;4,20;Livree;retrait_ferme;
CMD000440;C0207;2025-02-07;13;3;5.40;LIVREE;retrait_ferme;
CMD000441;C0199;2025-02-08;30;0,5;24.00;Livrée;point_relais;
CMD000441;C0199;2025-02-08;26;1;8.90;Livree;point_relais;
CMD000442;C0197;2025-02-08;21;4;9.90;annulee;domicile;annulation client
CMD000442;C0197;2025-02-08;27;1;3,40;Annulée;domicile;annulation client
CMD000442;C0197;2025-02-08;6;N/A;1.40;annulée;domicile;annulation client
CMD000443;C0010;08/02/2025;8;1;2.60;LIVREE;point_relais;
CMD000443;C0010;2025-02-08;30;0.2;24.00;Livrée;Point_relais;
CMD000444;C0224;2025-02-08;39;0.5;4.90;Livrée;point_relais;
CMD000444;C0224;2025-02-08;20;1;8.20;Livree;point_relais;
CMD000444;C0224;2025-02-08;37;4;3.10;LIVREE;point_relais;
CMD000444;C0224;2025-02-08;14;1;4.90;livrée;point_relais;
CMD000445;C0023;2025-02-08;26;2;8,90;LIVREE;retrait_ferme;
CMD000446;C0052;2025-02-08;34;2;4,80;Livrée;domicile;
CMD000447;C0151;08/02/2025;25;3;4.90;livrée;point_relais;
CMD000447;C0151;2025-02-08;36;1;5,20;Livrée;point_relais;
CMD000447;C0151;2025-02-08;2;3;2.80;Livree;Point_relais;
CMD000448;C0259;2025-02-08;39;1,5;4.90;livrée;domicile;
CMD000448;C0259;08/02/2025;28;1;1.90;Livrée;domicile;
CMD000448;C0259;2025-02-08;24;4;5,60;Livrée;domicile;
CMD000449;C0306;2025-02-08;22;2;4.80;Livree;Domicile;
CMD000449;C0306;08/02/2025;19;3;7.50;livrée;domicile;
CMD000449;C0306;2025-02-08;20;3;8.20;livrée;domicile;
CMD000449;C0306;2025-02-08;37;3;3.10;livrée;domicile;
CMD000450;C0073;08/02/2025;35;1;3.90;Livrée;domicile;
CMD000450;C0073;2025-02-08;16;2;8.50;livrée;domicile;
CMD000450;C0073;2025-02-08;23;2;12,50;LIVREE;domicile;
CMD000450;C0073;2025-02-08;29;0.5;28.00;Livree;domicile;
CMD000450;C0073;2025-02-08;25;2;4,90;Livree;domicile;
CMD000451;C0121;2025-02-08;5;1;1.90;LIVREE;point_relais;
CMD000451;C0121;2025-02-08;33;3;4,20;LIVREE;point_relais;
CMD000452;C0185;2025-02-08;34;2;4,80;Livree;point_relais;
CMD000452;C0185;2025-02-08;40;2;3.50;Livree;point_relais;
CMD000452;C0185;08/02/2025;19;4;7.50;livrée;point_relais;
CMD000452;C0185;2025-02-08;29;0.5;28.00;Livree;point_relais;
CMD000452;C0185;2025-02-08;7;1.5;4.50;LIVREE;point_relais;
CMD000453;C0207;2025-02-08;26;2;8.90;LIVREE;domicile;
CMD000454;C0120;2025-02-08;14;1,5;4,90;LIVREE;point_relais;
CMD000454;C0120;08/02/2025;31;3;1.20;livrée;point_relais;
CMD000454;C0120;08/02/2025;31;3;1.20;livrée;point_relais;
CMD000454;C0120;2025-02-08;20;3;8.20;livrée;point_relais;
CMD000455;C0064;08/02/2025;32;3;2.20;annulee;domicile;client absent
CMD000455;C0064;2025-02-08;21;4;9,90;annulee;domicile;client absent
CMD000455;C0064;08/02/2025;37;2;3.10;Annulée;domicile;client absent
CMD000455;C0064;2025-02-08;8;1;2.60;annulee;domicile;client absent
CMD000455;C0064;2025-02-08;11;0,5;3.20;annulée;Domicile;client absent
CMD000456;C0250;2025-02-09;13;1;5.40;Livree;point_relais;
CMD000456;C0250;2025-02-09;2;1.5;2.80;Livree;point_relais;
CMD000456;C0250;2025-02-09;40;3;3.50;livrée;point_relais;
CMD000457;C0145;2025-02-09;25;2;4,90;Livrée;domicile;
CMD000457;C0145;2025-02-09;29;0.2;28,00;Livree;domicile;
CMD000457;C0145;09/02/2025;3;2;3.60;Livree;domicile;
CMD000457;C0145;2025-02-09;37;2;3.10;livrée;domicile;
CMD000457;C0145;2025-02-09;31;4;1.20;LIVREE;domicile;
CMD000458;C0271;2025-02-09;35;2;3,90;livrée;domicile;
CMD000458;C0271;2025-02-09;26;4;8.90;Livree;domicile;
CMD000459;C0190;2025-02-09;32;2;2,20;Livree;retrait_ferme;
CMD000459;C0190;2025-02-09;19;3;7,50;Livree;retrait_ferme;
CMD000459;C0190;2025-02-09;27;1;3,40;livrée;retrait_ferme;
CMD000460;C0115;2025-02-09;21;1;9.90;annulee;domicile;paiement refusé
CMD000460;C0115;09-02-25;27;1;3.40;ANNULEE;domicile;paiement refusé
CMD000460;C0115;2025-02-09;36;4;5.20;annulee;domicile;paiement refusé
CMD000461;C0230;09-02-25;24;2;5.60;annulee;domicile;annulation client
CMD000461;C0230;2025-02-09;36;2;5.20;annulée;domicile;annulation client
CMD000462;C0150;2025-02-09;37;4;3.10;livrée;Domicile;
CMD000463;C0076;09/02/2025;36;2;5.20;livrée;retrait_ferme;
CMD000463;C0076;2025-02-09;22;3;4.80;Livree;retrait_ferme;
CMD000463;C0076;2025-02-09;27;4;3.40;LIVREE;retrait_ferme;
CMD000464;C0032;09-02-25;36;3;5.20;LIVREE;retrait_ferme;
CMD000465;C0250;2025-02-09;28;1;1,90;ANNULEE;domicile;paiement refusé
CMD000465;C0250;2025-02-09;15;1,5;5.80;annulée;Domicile;paiement refusé
CMD000466;C0244;2025-02-09;34;4;4.80;Livree;point_relais;
CMD000466;C0244;2025-02-09;38;1;5.60;LIVREE;point_relais;
CMD000467;C0273;2025-02-09;34;2;4,80;Livree;retrait_ferme;
CMD000467;C0273;2025-02-09;33;1;4.20;livrée;retrait_ferme;
CMD000468;C0211;2025-02-09;22;1;4.80;LIVREE;domicile;
CMD000468;C0211;2025-02-09;32;2;2,20;LIVREE;domicile;
CMD000469;C0010;2025-02-09;22;3;4.80;Livrée;retrait_ferme;
CMD000469;C0010;2025-02-09;19;3;7.50;Livrée;retrait_ferme;
CMD000470;C0257;2025-02-09;30;0,5;24,00;LIVREE;domicile;
CMD000470;C0257;2025-02-09;14;3;4,90;LIVREE;domicile;
CMD000471;C0001;2025-02-09;33;1;4,20;livrée;point_relais;
CMD000471;C0001;09/02/2025;40;4;3.50;Livree;point_relais;
CMD000472;C0145;2025-02-10;27;2;3,40;LIVREE;domicile;
CMD000472;C0145;2025-02-10;5;0.5;1.90;LIVREE;domicile;
CMD000472;C0145;2025-02-10;25;2;4.90;livrée;domicile;
CMD000472;C0145;2025-02-10;10;1.5;2.90;livrée;domicile;
CMD000473;C0264;2025-02-10;35;1;3.90;LIVREE;domicile;
CMD000473;C0264;2025-02-10;30;0,2;24.00;LIVREE;domicile;
CMD000473;C0264;2025-02-10;27;N/A;3,40;LIVREE;domicile;
CMD000473;C0264;2025-02-10;26;1;8.90;livrée;Domicile;
CMD000474;C0089;2025-02-10;2;1;2,80;Livrée;Domicile;
CMD000474;C0089;2025-02-10;35;3;3,90;LIVREE;Domicile;
CMD000475;C0085;10/02/2025;22;1;4.80;Livree;domicile;
CMD000475;C0085;2025-02-10;31;3;1.20;Livree;domicile;
CMD000476;C0052;10/02/2025;10;2;2.90;livrée;domicile;
CMD000476;C0052;10/02/2025;5;1.5;1,90;Livrée;Domicile;
CMD000476;C0052;2025-02-10;15;1;5,80;Livree;domicile;
CMD000476;C0052;2025-02-10;31;4;1.20;Livree;domicile;
CMD000477;C0133;2025-02-10;39;1.5;4.90;Livrée;domicile;
CMD000477;C0133;2025-02-10;35;3;3,90;Livrée;domicile;
CMD000478;C0038;2025-02-10;36;1;5.20;Livrée;Point_relais;
CMD000479;C0216;2025-02-10;13;2;5.40;Livrée;domicile;
CMD000479;C0216;2025-02-10;27;1;3.40;LIVREE;domicile;
CMD000479;C0216;2025-02-10;4;1;2.10;Livree;domicile;
CMD000480;C0104;2025-02-10;21;1;9.90;LIVREE;domicile;
CMD000480;C0104;10-02-25;40;2;3,50;LIVREE;domicile;
CMD000480;C0104;10/02/2025;15;0.5;5.80;Livree;domicile;
CMD000481;C0209;2025-02-10;33;1;4,20;Livrée;Retrait_ferme;
CMD000481;C0209;2025-02-10;35;3;3.90;livrée;retrait_ferme;
CMD000481;C0209;2025-02-10;39;1;4,90;Livrée;retrait_ferme;
CMD000482;C0045;2025-02-10;22;1;4,80;Livrée;domicile;
CMD000482;C0045;2025-02-10;13;0,5;5.40;livrée;domicile;
CMD000483;C0291;2025-02-11;23;4;12.50;livrée;domicile;
CMD000483;C0291;2025-02-11;2;1.5;2,80;Livree;domicile;
CMD000483;C0291;2025-02-11;26;4;8.90;Livree;domicile;
CMD000483;C0291;2025-02-11;22;1;4.80;Livrée;Domicile;
CMD000484;C0151;2025-02-11;32;1;2,20;livrée;point_relais;
CMD000484;C0151;2025-02-11;27;4;3.40;Livree;point_relais;
CMD000484;C0151;2025-02-11;37;3;3.10;livrée;Point_relais;
CMD000485;C0099;2025-02-11;25;2;4.90;livrée;domicile;
CMD000485;C0099;2025-02-11;17;1;3.00;Livrée;domicile;
CMD000485;C0099;2025-02-11;21;3;9.90;LIVREE;domicile;
CMD000486;C0094;11-02-25;3;2;3.60;livrée;point_relais;
CMD000487;C0165;11/02/2025;25;1;4.90;Livrée;domicile;
CMD000488;C0297;11-02-25;1;3;4.20;livrée;retrait_ferme;
CMD000488;C0990;2025-02-11;32;2;2,20;Livrée;retrait_ferme;
CMD000488;C0297;2025-02-11;35;2;3.90;Livree;Retrait_ferme;
CMD000488;C0297;2025-02-11;37;2;3.10;Livrée;retrait_ferme;
CMD000488;C0297;2025-02-11;2;0,5;2,80;livrée;Retrait_ferme;
CMD000489;C0046;2025-02-11;36;2;5.20;LIVREE;domicile;
CMD000489;C0046;2025-02-11;18;3;4,20;livrée;domicile;
CMD000489;C0046;11/02/2025;26;4;8,90;Livrée;domicile;
CMD000490;C0112;2025-02-11;33;2;4,20;LIVREE;point_relais;
CMD000490;C0112;11-02-25;37;1;3.10;livrée;point_relais;
CMD000490;C0112;2025-02-11;18;4;4,20;Livree;point_relais;
CMD000491;C0200;2025-02-11;38;1;5.60;Livree;retrait_ferme;
CMD000491;C0200;2025-02-11;31;4;1.20;livrée;retrait_ferme;
CMD000491;C0200;2025-02-11;2;1.5;2.80;livrée;Retrait_ferme;
CMD000492;C0005;2025-02-11;37;2;3,10;livrée;domicile;
CMD000492;C0005;11-02-25;17;3;3,00;Livrée;domicile;
CMD000492;C0005;2025-02-11;35;2;3.90;Livrée;domicile;
CMD000493;C0070;2025-02-12;35;4;3.90;livrée;Domicile;
CMD000494;C0160;2025-02-12;5;1;1.90;annulée;point_relais;paiement refusé
CMD000495;C0277;2025-02-12;23;3;12.50;Livree;point_relais;
CMD000496;C0204;12-02-25;12;1;3,50;LIVREE;point_relais;
CMD000496;C0204;2025-02-12;20;1;8,20;LIVREE;point_relais;
CMD000496;C0204;2025-02-12;33;4;4,20;Livrée;point_relais;
CMD000497;C0044;2025-02-12;7;1;4.50;Livree;domicile;
CMD000498;C0216;12-02-25;32;3;2,20;Livrée;domicile;
CMD000498;C0216;2025-02-12;14;0.5;4.90;livrée;domicile;
CMD000498;C0216;12/02/2025;40;4;3.50;Livree;domicile;
CMD000498;C0216;2025-02-12;11;3;3.20;Livrée;domicile;
CMD000499;C0271;2025-02-12;32;1;2,20;Livree;domicile;
CMD000500;C0244;2025-02-12;3;1.5;3.60;livrée;domicile;
CMD000500;C0244;2025-02-12;1;1;4,20;livrée;domicile;
CMD000500;C0244;2025-02-12;35;2;3,90;Livree;domicile;
CMD000500;C0244;2025-02-12;35;2;3,90;Livree;domicile;
CMD000500;C0244;2025-02-12;15;3;5,80;livrée;domicile;
CMD000501;C0086;12/02/2025;19;1;7.50;Livrée;domicile;
CMD000501;C0086;2025-02-12;5;1,5;1,90;LIVREE;domicile;
CMD000502;C0032;2025-02-12;28;3;1.90;livrée;domicile;
CMD000502;C0032;2025-02-12;34;3;4.80;Livrée;domicile;
CMD000503;C0166;2025-02-13;26;2;8.90;Livree;domicile;
CMD000504;C0204;2025-02-13;27;1;3.40;Livree;point_relais;
CMD000504;C0204;2025-02-13;33;4;4.20;livrée;point_relais;
CMD000505;C0112;13/02/2025;19;3;7.50;livrée;retrait_ferme;
CMD000506;C0286;2025-02-13;27;2;3.40;Livree;retrait_ferme;
CMD000506;C0286;2025-02-13;28;1;1.90;Livrée;retrait_ferme;
CMD000506;C0286;2025-02-13;30;0.2;24.00;livrée;retrait_ferme;
CMD000506;C0286;2025-02-13;14;0.5;4.90;LIVREE;retrait_ferme;
CMD000506;C0286;2025-02-13;31;2;1,20;LIVREE;retrait_ferme;
CMD000507;C0075;2025-02-13;15;3;5.80;Livree;domicile;
CMD000507;C0075;2025-02-13;29;0.2;28.00;Livree;Domicile;
CMD000507;C0075;2025-02-13;5;3;1.90;LIVREE;domicile;
CMD000508;C0076;2025-02-13;31;2;1.20;livrée;point_relais;
CMD000509;C0244;2025-02-13;29;0.5;28.00;Livrée;point_relais;
CMD000510;C0158;2025-02-13;22;2;4.80;Livree;domicile;
CMD000510;C0158;2025-02-13;29;0.5;28,00;LIVREE;domicile;
CMD000510;C0158;2025-02-13;32;1;2,20;livrée;domicile;
CMD000511;C0207;2025-02-13;30;0,2;24,00;LIVREE;retrait_ferme;
CMD000511;C0207;13/02/2025;34;2;4,80;livrée;retrait_ferme;
CMD000511;C0207;2025-02-13;28;2;1,90;Livree;retrait_ferme;
CMD000512;C0082;13/02/2025;5;2;1.90;Livrée;point_relais;
CMD000512;C0082;13/02/2025;5;2;1.90;Livrée;point_relais;
CMD000512;C0082;2025-02-13;22;3;4.80;LIVREE;point_relais;
CMD000513;C0124;2025-02-13;26;2;8.90;livrée;point_relais;
CMD000514;C0052;2025-02-13;37;4;3.10;livrée;point_relais;
CMD000515;C0073;13/02/2025;5;1.5;1,90;livrée;retrait_ferme;
CMD000516;C0237;2025-02-14;37;2;3.10;LIVREE;point_relais;
CMD000516;C0237;2025-02-14;11;2;3,20;livrée;Point_relais;
CMD000517;C0145;2025-02-14;5;1.5;1,90;livrée;domicile;
CMD000517;C0145;2025-02-14;24;4;5,60;LIVREE;domicile;
CMD000518;C0156;14-02-25;11;3;3.20;Livrée;point_relais;
CMD000518;C0156;2025-02-14;10;1;2.90;livrée;point_relais;
CMD000519;C0199;2025-02-14;34;2;4.80;Livrée;domicile;
CMD000519;C0199;2025-02-14;24;2;5,60;Livree;domicile;
CMD000519;C0199;2025-02-14;11;1;3,20;Livree;domicile;
CMD000519;C0199;2025-02-14;6;3;1.40;Livree;domicile;
CMD000519;C0199;2025-02-14;20;1;8.20;livrée;domicile;
CMD000520;C0270;2025-02-14;37;3;3.10;Livree;point_relais;
CMD000521;C0104;14/02/2025;18;1;4.20;LIVREE;domicile;
CMD000522;C0065;14/02/2025;27;1;3.40;Livrée;retrait_ferme;
CMD000522;C0065;2025-02-14;38;2;5.60;Livrée;retrait_ferme;
CMD000523;C0046;2025-02-14;34;2;4.80;LIVREE;retrait_ferme;
CMD000523;C0046;2025-02-14;29;0.5;28.00;Livree;retrait_ferme;
CMD000524;C0090;2025-02-15;30;0,2;24.00;LIVREE;point_relais;
CMD000524;C0090;2025-02-15;14;2;4.90;livrée;point_relais;
CMD000524;C0090;2025-02-15;37;1;3.10;LIVREE;point_relais;
CMD000525;C0111;2025-02-15;25;N/A;4,90;ANNULEE;domicile;météo
CMD000525;C0111;2025-02-15;29;0.5;28,00;annulee;domicile;météo
CMD000526;C0098;2025-02-15;6;1;1.40;Livrée;point_relais;
CMD000526;C0098;15/02/2025;36;3;5.20;Livrée;Point_relais;
CMD000526;C0098;15/02/2025;8;1;2.60;livrée;point_relais;
CMD000526;C0098;2025-02-15;35;2;3.90;Livree;point_relais;
CMD000527;C0241;2025-02-15;37;2;3.10;Livree;domicile;
CMD000527;C0241;2025-02-15;25;3;4,90;Livrée;domicile;
CMD000527;C0241;2025-02-15;2;3;2.80;livrée;domicile;
CMD000527;C0241;2025-02-15;34;3;4,80;Livree;domicile;
CMD000527;C0241;2025-02-15;12;2;3.50;Livree;domicile;
CMD000528;C0258;2025-02-15;36;1;5.20;Livrée;domicile;
CMD000528;C0258;2025-02-15;22;1;4.80;Livree;domicile;
CMD000528;C0258;15-02-25;38;2;5.60;LIVREE;domicile;
CMD000528;C0258;2025-02-15;35;2;3.90;LIVREE;Domicile;
CMD000528;C0258;2025-02-15;23;1;12.50;livrée;domicile;
CMD000529;C0277;2025-02-15;26;2;8.90;Livrée;domicile;
CMD000530;C0254;2025-02-15;36;2;5.20;livrée;Retrait_ferme;
CMD000530;C0254;2025-02-15;25;1;4.90;livrée;retrait_ferme;
CMD000530;C0254;2025-02-15;14;3;4.90;livrée;retrait_ferme;
CMD000531;C0151;15/02/2025;39;0.5;4,90;Livree;domicile;
CMD000532;C0032;2025-02-15;15;0,5;5,80;livrée;domicile;
CMD000532;C0032;2025-02-15;30;0.2;24,00;Livrée;domicile;
CMD000533;C0137;2025-02-15;39;2;4.90;LIVREE;domicile;
CMD000533;C0137;2025-02-15;17;4;3.00;livrée;domicile;
CMD000533;C0137;15-02-25;26;1;8,90;Livrée;domicile;
CMD000533;C0137;2025-02-15;5;1.5;1.90;Livree;domicile;
CMD000534;C0185;2025-02-15;15;2;5,80;Livree;point_relais;
CMD000535;C0119;15/02/2025;25;1;4.90;Livree;point_relais;
CMD000536;C0271;2025-02-15;7;2;4.50;livrée;domicile;
CMD000537;C0237;2025-02-15;36;2;5.20;LIVREE;retrait_ferme;
CMD000538;C0201;2025-02-15;3;0.5;3.60;livrée;point_relais;
CMD000538;C0201;2025-02-15;17;4;3.00;livrée;point_relais;
CMD000539;C0162;16/02/2025;28;1;1.90;LIVREE;domicile;
CMD000539;C0162;2025-02-16;6;2;1.40;livrée;domicile;
CMD000539;C0162;2025-02-16;25;2;4.90;Livrée;domicile;
CMD000539;C0162;2025-02-16;37;1;3.10;Livree;domicile;
CMD000540;C0207;2025-02-16;20;4;8,20;Livrée;domicile;
CMD000540;C0207;2025-02-16;17;2;3.00;Livrée;domicile;
CMD000540;C0207;2025-02-16;32;2;2,20;Livree;domicile;
CMD000541;C0216;2025-02-16;36;2;5.20;Livrée;point_relais;
CMD000541;C0216;2025-02-16;29;0,5;28.00;Livree;point_relais;
CMD000542;C0002;2025-02-16;22;2;4.80;ANNULEE;point_relais;rupture de stock
CMD000542;C0002;2025-02-16;28;1;1.90;Annulée;point_relais;rupture de stock
CMD000542;C0002;2025-02-16;29;0.5;28.00;annulee;point_relais;rupture de stock
CMD000542;C0002;16/02/2025;40;1;3.50;annulee;point_relais;rupture de stock
CMD000542;C0002;16/02/2025;13;1;5.40;ANNULEE;point_relais;rupture de stock
CMD000543;C0039;2025-02-16;16;2;8.50;LIVREE;retrait_ferme;
CMD000543;C0039;2025-02-16;18;2;4.20;livrée;retrait_ferme;
CMD000543;C0039;2025-02-16;2;0.5;2.80;Livree;retrait_ferme;
CMD000544;C0082;2025-02-16;25;1;4.90;livrée;retrait_ferme;
CMD000545;C0062;2025-02-16;22;1;4,80;LIVREE;domicile;
CMD000545;C0062;2025-02-16;21;3;9,90;LIVREE;domicile;
CMD000545;C0062;2025-02-16;25;1;4.90;LIVREE;domicile;
CMD000545;C0062;2025-02-16;20;2;8.20;Livree;domicile;
CMD000546;C0150;2025-02-16;34;3;4,80;Livrée;Domicile;
CMD000546;C0150;16/02/2025;15;2;5.80;Livree;domicile;
CMD000547;C0162;2025-02-16;9;3;9,00;Livrée;point_relais;
CMD000547;C0162;2025-02-16;26;2;8.90;Livree;point_relais;
CMD000548;C0305;2025-02-16;40;4;3.50;Livree;domicile;
CMD000548;C0305;2025-02-16;8;3;2.60;Livrée;domicile;
CMD000548;C0305;2025-02-16;8;3;2.60;Livrée;domicile;
CMD000548;C0305;2025-02-16;19;1;7.50;Livree;Domicile;
CMD000549;C0256;17-02-25;12;0.5;3.50;LIVREE;domicile;
CMD000549;C0256;17-02-25;12;0.5;3.50;LIVREE;domicile;
CMD000550;C0031;2025-02-17;15;0.5;5,80;Livree;point_relais;
CMD000550;C0031;17/02/2025;23;1;12.50;LIVREE;point_relais;
CMD000550;C0031;2025-02-17;33;2;4.20;livrée;point_relais;
CMD000551;C0023;2025-02-17;26;1;8.90;livrée;retrait_ferme;
CMD000551;C0023;2025-02-17;6;3;1.40;Livree;retrait_ferme;
CMD000552;C0211;2025-02-17;32;2;2.20;Livrée;domicile;
CMD000552;C0211;2025-02-17;24;4;5.60;Livree;domicile;
CMD000553;C0224;2025-02-17;18;1;4.20;Livree;domicile;
CMD000553;C0224;17-02-25;2;2;2,80;Livree;domicile;
CMD000553;C0224;2025-02-17;20;2;8.20;Livree;domicile;
CMD000553;C0224;2025-02-17;34;3;4.80;LIVREE;domicile;
CMD000553;C0224;2025-02-17;7;1.5;4.50;LIVREE;domicile;
CMD000554;C0278;2025-02-17;2;2;2,80;LIVREE;domicile;
CMD000555;C0236;2025-02-17;32;1;2,20;Livrée;domicile;
CMD000555;C0236;2025-02-17;39;1;4.90;Livrée;domicile;
CMD000556;C0107;2025-02-17;34;4;4,80;Livree;retrait_ferme;
CMD000557;C0138;2025-02-17;17;4;3,00;livrée;domicile;
CMD000557;C0138;2025-02-17;25;3;4,90;LIVREE;domicile;
CMD000558;C0086;2025-02-17;34;3;4,80;Livrée;domicile;
CMD000558;C0086;2025-02-17;3;1.5;3.60;Livree;domicile;
CMD000559;C0062;2025-02-18;15;0.5;5.80;ANNULEE;point_relais;rupture de stock
CMD000560;C0161;2025-02-18;21;3;9.90;Livree;domicile;
CMD000560;C0161;2025-02-18;33;4;4,20;Livree;domicile;
CMD000560;C0161;2025-02-18;16;2;8,50;livrée;domicile;
CMD000561;C0014;2025-02-18;37;4;3,10;Livrée;domicile;
CMD000561;C0014;18/02/2025;35;2;3.90;LIVREE;domicile;
CMD000562;C0112;2025-02-18;34;2;4,80;Livree;retrait_ferme;
CMD000563;C0099;2025-02-18;6;2;1,40;Livree;domicile;
CMD000564;C0105;2025-02-18;39;2;4.90;Livrée;point_relais;
CMD000565;C0200;2025-02-18;17;1;3.00;Annulée;point_relais;client absent
CMD000565;C0200;2025-02-18;34;1;4.80;Annulée;point_relais;client absent
CMD000565;C0200;2025-02-18;19;1;7.50;ANNULEE;point_relais;client absent
CMD000566;C0098;2025-02-18;3;0.5;3.60;livrée;point_relais;
CMD000566;C0098;2025-02-18;4;1,5;2.10;livrée;Point_relais;
CMD000567;C0211;2025-02-18;7;1;4,50;livrée;domicile;
CMD000567;C0211;2025-02-18;29;0,2;28.00;Livree;domicile;
CMD000567;C0211;2025-02-18;24;2;5.60;livrée;domicile;
CMD000568;C0279;18-02-25;31;2;1.20;livrée;retrait_ferme;
CMD000568;C0279;18/02/2025;32;2;2,20;Livree;retrait_ferme;
CMD000569;C0297;2025-02-18;2;2;2.80;LIVREE;domicile;
CMD000569;C0297;18-02-25;27;3;3,40;livrée;domicile;
CMD000570;C0191;2025-02-18;22;2;4,80;Livrée;domicile;
CMD000570;C0191;18-02-25;25;4;4.90;Livree;Domicile;
CMD000571;C0112;18-02-25;11;3;3.20;LIVREE;domicile;
CMD000571;C0112;2025-02-18;4;0,5;2,10;livrée;domicile;
CMD000571;C0112;2025-02-18;37;4;3,10;Livree;Domicile;
CMD000571;C0112;2025-02-18;40;2;3,50;LIVREE;domicile;
CMD000572;C0300;2025-02-19;24;3;5,60;Livrée;retrait_ferme;
CMD000573;C0025;2025-02-19;40;3;3.50;LIVREE;domicile;
CMD000573;C0025;19/02/2025;24;4;5.60;livrée;domicile;
CMD000573;C0025;2025-02-19;25;1;4.90;Livree;domicile;
CMD000573;C0025;2025-02-19;3;3;3.60;livrée;domicile;
CMD000573;C0025;19/02/2025;9;1;9.00;Livree;domicile;
CMD000574;C0301;2025-02-19;5;1;1,90;Livrée;point_relais;
CMD000574;C0301;2025-02-19;23;1;12.50;livrée;point_relais;
CMD000574;C0301;2025-02-19;35;1;3.90;Livree;point_relais;
CMD000575;C0003;2025-02-19;32;2;2,20;Livrée;domicile;
CMD000575;C0003;19/02/2025;13;0.5;5.40;Livree;domicile;
CMD000576;C0075;2025-02-19;10;3;2,90;LIVREE;domicile;
CMD000576;C0075;2025-02-19;11;2;3.20;LIVREE;domicile;
CMD000577;C0093;19/02/2025;39;1;4.90;livrée;point_relais;
CMD000577;C0093;2025-02-19;8;1;2.60;LIVREE;point_relais;
CMD000578;C0062;2025-02-19;40;2;3.50;Livree;retrait_ferme;
CMD000578;C0062;2025-02-19;24;1;5.60;Livree;Retrait_ferme;
CMD000578;C0062;2025-02-19;28;1;1.90;livrée;retrait_ferme;
CMD000579;C0138;2025-02-19;30;0.5;24.00;livrée;domicile;
CMD000579;C0138;2025-02-19;12;2;3.50;LIVREE;domicile;
CMD000579;C0138;19/02/2025;3;0.5;3.60;livrée;Domicile;
CMD000579;C0138;19/02/2025;25;3;4,90;livrée;domicile;
CMD000580;C0224;2025-02-19;22;4;4.80;ANNULEE;domicile;paiement refusé
CMD000580;C0224;2025-02-19;1;1.5;4.20;annulée;domicile;paiement refusé
CMD000580;C0224;2025-02-19;21;1;9.90;annulée;domicile;paiement refusé
CMD000581;C0005;2025-02-19;6;3;1.40;Annulée;point_relais;client absent
CMD000581;C0005;2025-02-19;15;1;5,80;annulee;point_relais;client absent
CMD000582;C0097;2025-02-19;8;3;2.60;Livrée;point_relais;
CMD000582;C0097;2025-02-19;18;1;4.20;livrée;point_relais;
CMD000582;C0097;2025-02-19;20;4;8.20;Livree;point_relais;
CMD000583;C0036;2025-02-20;24;3;5,60;LIVREE;Domicile;
CMD000583;C0036;2025-02-20;28;1;1.90;Livree;domicile;
CMD000584;C0256;2025-02-20;25;2;4,90;Livree;point_relais;
CMD000584;C0256;2025-02-20;2;3;2.80;Livree;point_relais;
CMD000584;C0256;2025-02-20;36;2;5.20;Livree;point_relais;
CMD000584;C0256;2025-02-20;11;1;3.20;Livrée;point_relais;
CMD000585;C0144;2025-02-20;29;0.2;28.00;livrée;retrait_ferme;
CMD000585;C0144;2025-02-20;7;1;4.50;Livrée;Retrait_ferme;
CMD000585;C0144;2025-02-20;7;1;4.50;Livrée;Retrait_ferme;
CMD000585;C0144;2025-02-20;2;1;2.80;Livrée;retrait_ferme;
CMD000585;C0144;2025-02-20;28;4;1.90;LIVREE;retrait_ferme;
CMD000585;C0144;2025-02-20;19;4;7.50;LIVREE;retrait_ferme;
CMD000586;C0296;2025-02-20;2;1.5;2,80;LIVREE;domicile;
CMD000586;C0296;2025-02-20;11;2;3.20;Livree;domicile;
CMD000586;C0296;2025-02-20;7;1.5;4.50;livrée;domicile;
CMD000586;C0296;2025-02-20;35;2;3,90;Livree;domicile;
CMD000586;C0296;2025-02-20;13;2;5,40;livrée;domicile;
CMD000587;C0119;2025-02-20;23;3;12.50;LIVREE;retrait_ferme;
CMD000588;C0080;2025-02-20;24;2;5.60;livrée;domicile;
CMD000588;C0080;2025-02-20;25;1;4.90;livrée;domicile;
CMD000588;C0080;2025-02-20;28;1;1.90;Livree;domicile;
CMD000588;C0080;2025-02-20;3;0.5;3.60;livrée;domicile;
CMD000589;C0016;2025-02-20;21;2;9.90;Livrée;retrait_ferme;
CMD000589;C0016;20/02/2025;24;1;5.60;Livree;retrait_ferme;
CMD000589;C0016;20/02/2025;23;1;12.50;Livree;retrait_ferme;
CMD000589;C0016;20/02/2025;27;1;3.40;livrée;retrait_ferme;
CMD000589;C0016;2025-02-20;38;3;5.60;livrée;retrait_ferme;
CMD000590;C0059;2025-02-21;9;2;9,00;LIVREE;Domicile;
CMD000590;C0059;2025-02-21;24;2;5.60;Livrée;domicile;
CMD000591;C0008;21-02-25;26;1;8.90;Livrée;retrait_ferme;
CMD000591;C0008;21/02/2025;23;2;12.50;Livree;retrait_ferme;
CMD000591;C0008;21-02-25;31;3;1,20;LIVREE;retrait_ferme;
CMD000591;C0008;21/02/2025;37;2;3.10;livrée;retrait_ferme;
CMD000592;C0188;2025-02-21;39;1.5;4,90;LIVREE;domicile;
CMD000592;C0188;2025-02-21;38;2;5.60;LIVREE;domicile;
CMD000592;C0188;2025-02-21;23;3;12.50;Livrée;Domicile;
CMD000593;C0008;2025-02-21;27;1;3,40;livrée;point_relais;
CMD000593;C0008;2025-02-21;25;3;4,90;livrée;point_relais;
CMD000593;C0008;2025-02-21;31;3;1.20;livrée;point_relais;
CMD000593;C0008;2025-02-21;19;2;7.50;Livrée;point_relais;
CMD000593;C0008;2025-02-21;11;1.5;3.20;Livrée;point_relais;
CMD000594;C0053;2025-02-21;4;1.5;2.10;ANNULEE;domicile;client absent
CMD000594;C0053;2025-02-21;36;3;5.20;Annulée;domicile;client absent
CMD000594;C0053;2025-02-21;33;3;4,20;ANNULEE;domicile;client absent
CMD000595;C0112;2025-02-21;37;4;3.10;Livrée;point_relais;
CMD000595;C0112;21-02-25;14;3;4.90;livrée;point_relais;
CMD000596;C0279;2025-02-21;23;3;12,50;Livrée;Point_relais;
CMD000596;C0279;2025-02-21;31;4;1,20;Livrée;point_relais;
CMD000596;C0279;2025-02-21;31;4;1,20;Livrée;point_relais;
CMD000596;C0279;2025-02-21;20;2;8,20;livrée;point_relais;
CMD000596;C0279;2025-02-21;2;2;2.80;Livree;point_relais;
CMD000597;C0121;2025-02-22;40;1;3,50;livrée;point_relais;
CMD000597;C0121;2025-02-22;25;4;4.90;Livree;point_relais;
CMD000597;C0121;2025-02-22;18;3;4,20;LIVREE;point_relais;
CMD000597;C0121;2025-02-22;8;3;2,60;Livrée;point_relais;
CMD000598;C0010;2025-02-22;30;0,5;24,00;annulée;domicile;paiement refusé
CMD000598;C0010;2025-02-22;40;2;3.50;annulée;domicile;paiement refusé
CMD000598;C0010;2025-02-22;22;2;4.80;Annulée;domicile;paiement refusé
CMD000599;C0154;2025-02-22;31;1;1,20;LIVREE;retrait_ferme;
CMD000599;C0154;2025-02-22;37;1;3.10;livrée;retrait_ferme;
CMD000599;C0154;22/02/2025;27;4;3.40;Livrée;retrait_ferme;
CMD000600;C0210;2025-02-22;12;0.5;3,50;Livrée;domicile;
CMD000600;C0210;2025-02-22;12;0.5;3,50;Livrée;domicile;
CMD000600;C0210;22/02/2025;28;4;1.90;livrée;domicile;
CMD000601;C0208;2025-02-22;37;2;3,10;LIVREE;retrait_ferme;
CMD000601;C0208;22-02-25;34;3;4.80;Livree;retrait_ferme;
CMD000601;C0208;2025-02-22;5;0,5;1.90;Livrée;retrait_ferme;
CMD000601;C0208;2025-02-22;19;4;7,50;Livrée;Retrait_ferme;
CMD000602;C0236;2025-02-22;27;1;3.40;livrée;point_relais;
CMD000602;C0236;22/02/2025;28;2;1.90;Livrée;Point_relais;
CMD000602;C0236;2025-02-22;32;3;2.20;Livree;point_relais;
CMD000602;C0236;2025-02-22;23;2;12.50;LIVREE;point_relais;
CMD000603;C0070;2025-02-22;21;4;9,90;LIVREE;point_relais;
CMD000603;C0070;2025-02-22;38;1;5.60;livrée;point_relais;
CMD000604;C0087;2025-02-22;15;1;5,80;LIVREE;retrait_ferme;
CMD000604;C0087;2025-02-22;4;2;2,10;livrée;retrait_ferme;
CMD000604;C0087;2025-02-22;40;4;3.50;Livrée;retrait_ferme;
CMD000604;C0087;2025-02-22;32;2;2.20;Livrée;retrait_ferme;
CMD000605;C0283;2025-02-22;20;3;8.20;livrée;domicile;
CMD000605;C0283;2025-02-22;34;2;4.80;Livrée;domicile;
CMD000605;C0283;22/02/2025;12;0.5;3,50;Livrée;domicile;
CMD000605;C0283;2025-02-22;19;1;7.50;livrée;domicile;
CMD000606;C0205;2025-02-22;23;4;12,50;LIVREE;domicile;
CMD000606;C0205;2025-02-22;4;1,5;2.10;livrée;domicile;
CMD000606;C0205;2025-02-22;20;2;8.20;Livree;domicile;
CMD000607;C0200;22/02/2025;31;2;1.20;Livrée;domicile;
CMD000608;C0037;2025-02-22;22;2;4.80;Livrée;domicile;
CMD000609;C0078;22/02/2025;20;2;8.20;annulée;point_relais;annulation client
CMD000610;C0289;2025-02-23;33;2;4.20;livrée;domicile;
CMD000610;C0289;2025-02-23;30;0.2;24,00;LIVREE;domicile;
CMD000610;C0289;2025-02-23;8;0,5;2.60;LIVREE;domicile;
CMD000611;C0166;2025-02-23;33;1;4.20;livrée;domicile;
CMD000612;C0005;23/02/2025;34;1;4.80;LIVREE;domicile;
CMD000612;C0005;2025-02-23;23;1;12,50;Livrée;domicile;
CMD000612;C0005;2025-02-23;13;2;5,40;LIVREE;domicile;
CMD000613;C0177;2025-02-23;17;2;3.00;Livrée;domicile;
CMD000613;C0177;23/02/2025;2;1.5;2.80;livrée;domicile;
CMD000613;C0177;2025-02-23;14;1;4.90;Livree;domicile;
CMD000613;C0177;2025-02-23;4;1;2.10;Livrée;domicile;
CMD000613;C0177;2025-02-23;38;1;5.60;Livree;domicile;
CMD000614;C0203;2025-02-23;1;2;4,20;livrée;Point_relais;
CMD000614;C0203;2025-02-23;23;1;12.50;LIVREE;point_relais;
CMD000615;C0138;2025-02-23;31;4;1.20;LIVREE;retrait_ferme;
CMD000616;C0121;2025-02-23;27;4;3.40;livrée;domicile;
CMD000617;C0110;2025-02-23;7;3;4,50;Livrée;Domicile;
CMD000617;C0110;23/02/2025;24;1;5.60;LIVREE;domicile;
CMD000617;C0110;2025-02-23;11;3;3,20;livrée;domicile;
CMD000618;C0003;2025-02-23;28;2;1,90;livrée;retrait_ferme;
CMD000618;C0003;2025-02-23;32;1;2.20;livrée;retrait_ferme;
CMD000619;C0027;2025-02-23;2;0.5;2.80;Livrée;domicile;
CMD000619;C0027;2025-02-23;31;3;1.20;livrée;domicile;
CMD000619;C0027;2025-02-23;20;1;8.20;Livree;domicile;
CMD000619;C0027;2025-02-23;28;1;1.90;LIVREE;domicile;
CMD000619;C0027;2025-02-23;36;2;5.20;livrée;Domicile;
CMD000620;C0222;23/02/2025;20;1;8,20;LIVREE;domicile;
CMD000620;C0999;23/02/2025;2;0.5;2.80;Livree;domicile;
CMD000620;C0222;2025-02-23;37;1;3,10;livrée;domicile;
CMD000621;C0113;2025-02-23;3;3;3.60;LIVREE;domicile;
CMD000622;C0073;2025-02-23;37;3;3.10;livrée;domicile;
CMD000622;C0073;2025-02-23;40;3;3.50;LIVREE;domicile;
CMD000622;C0073;2025-02-23;34;4;4.80;livrée;domicile;
CMD000622;C0073;2025-02-23;29;0,5;28.00;LIVREE;domicile;
CMD000623;C0301;23/02/2025;33;1;4.20;livrée;point_relais;
CMD000623;C0301;23/02/2025;5;0,5;1.90;LIVREE;point_relais;
CMD000623;C0301;2025-02-23;39;3;4.90;LIVREE;Point_relais;
CMD000623;C0301;2025-02-23;23;3;12.50;Livrée;point_relais;
CMD000624;C0151;23/02/2025;39;2;4.90;Livrée;retrait_ferme;
CMD000625;C0300;2025-02-24;15;1;5,80;Livrée;point_relais;
CMD000625;C0300;2025-02-24;25;3;4,90;LIVREE;point_relais;
CMD000626;C0040;2025-02-24;34;2;4.80;Livree;point_relais;
CMD000626;C0040;24/02/2025;22;2;4,80;livrée;point_relais;
CMD000627;C0924;24/02/2025;29;0.2;28.00;livrée;domicile;
CMD000627;C0138;2025-02-24;1;0.5;4.20;LIVREE;domicile;
CMD000627;C0138;2025-02-24;25;3;4.90;Livrée;domicile;
CMD000628;C0088;2025-02-24;34;2;4.80;livrée;retrait_ferme;
CMD000628;C0088;24/02/2025;7;0,5;4.50;Livree;retrait_ferme;
CMD000628;C0088;2025-02-24;29;0.5;28,00;livrée;retrait_ferme;
CMD000629;C0093;24-02-25;37;2;3,10;LIVREE;point_relais;
CMD000629;C0093;2025-02-24;40;2;3,50;LIVREE;point_relais;
CMD000629;C0093;2025-02-24;36;4;5.20;livrée;Point_relais;
CMD000629;C0093;2025-02-24;21;4;9,90;livrée;point_relais;
CMD000630;C0005;2025-02-24;39;1,5;4,90;LIVREE;domicile;
CMD000630;C0005;2025-02-24;22;1;4.80;Livree;domicile;
CMD000630;C0005;2025-02-24;28;3;1.90;Livrée;domicile;
CMD000631;C0207;24/02/2025;13;3;5.40;LIVREE;domicile;
CMD000631;C0958;2025-02-24;8;3;2.60;livrée;domicile;
CMD000632;C0279;2025-02-24;30;0.2;24.00;livrée;domicile;
CMD000632;C0279;2025-02-24;33;2;4.20;Livree;domicile;
CMD000633;C0275;25/02/2025;28;3;1,90;Livrée;domicile;
CMD000633;C0275;25-02-25;1;0.5;4.20;LIVREE;domicile;
CMD000633;C0275;2025-02-25;38;2;5.60;Livrée;domicile;
CMD000634;C0217;25/02/2025;12;3;3,50;LIVREE;point_relais;
CMD000634;C0217;2025-02-25;2;0.5;2.80;Livrée;point_relais;
CMD000634;C0217;2025-02-25;20;2;8,20;LIVREE;point_relais;
CMD000635;C0010;2025-02-25;32;1;2.20;Livree;point_relais;
CMD000635;C0010;2025-02-25;2;2;2.80;LIVREE;point_relais;
CMD000636;C0046;2025-02-25;30;0.5;24.00;Livree;domicile;
CMD000636;C0046;2025-02-25;30;0.5;24.00;Livree;domicile;
CMD000636;C0046;2025-02-25;27;N/A;3.40;livrée;domicile;
CMD000636;C0046;2025-02-25;28;4;1.90;Livree;domicile;
CMD000637;C0134;2025-02-25;40;2;3.50;Livrée;domicile;
CMD000637;C0134;2025-02-25;27;1;3.40;Livrée;domicile;
CMD000637;C0134;2025-02-25;1;3;4.20;livrée;domicile;
CMD000638;C0008;2025-02-25;37;3;3.10;Livree;retrait_ferme;
CMD000638;C0008;2025-02-25;39;3;4,90;Livree;retrait_ferme;
CMD000638;C0008;2025-02-25;29;0.5;28.00;Livrée;retrait_ferme;
CMD000639;C0036;2025-02-25;19;1;7.50;Livree;point_relais;
CMD000639;C0036;2025-02-25;4;3;2.10;Livree;point_relais;
CMD000639;C0036;25/02/2025;26;1;8.90;Livrée;Point_relais;
CMD000640;C0075;2025-02-25;25;2;4.90;Livrée;domicile;
CMD000640;C0075;2025-02-25;31;1;1.20;livrée;domicile;
CMD000640;C0075;2025-02-25;21;2;9.90;LIVREE;Domicile;
CMD000641;C0182;2025-02-25;17;4;3,00;Livrée;domicile;
CMD000641;C0182;2025-02-25;7;1;4.50;LIVREE;domicile;
CMD000641;C0182;2025-02-25;29;0.5;28,00;livrée;domicile;
CMD000641;C0182;25/02/2025;34;3;4.80;Livree;domicile;
CMD000642;C0086;25-02-25;25;4;4,90;livrée;Domicile;
CMD000642;C0086;2025-02-25;37;2;3.10;livrée;domicile;
CMD000643;C0270;2025-02-26;17;1;3.00;LIVREE;point_relais;
CMD000643;C0270;2025-02-26;25;2;4,90;Livrée;point_relais;
CMD000643;C0270;2025-02-26;25;2;4,90;Livrée;point_relais;
CMD000644;C0064;2025-02-26;6;2;1,40;LIVREE;point_relais;
CMD000644;C0064;2025-02-26;21;4;9,90;LIVREE;point_relais;
CMD000645;C0046;2025-02-26;19;1;7.50;Livree;domicile;
CMD000646;C0244;2025-02-26;24;1;5.60;Livrée;point_relais;
CMD000646;C0244;26/02/2025;17;2;3.00;livrée;point_relais;
CMD000646;C0244;2025-02-26;18;1;4.20;livrée;point_relais;
CMD000647;C0002;26/02/2025;21;4;9,90;Livree;Domicile;
CMD000648;C0004;2025-02-26;30;0.5;24.00;LIVREE;domicile;
CMD000648;C0004;26/02/2025;23;2;12.50;Livrée;domicile;
CMD000649;C0224;2025-02-26;4;2;2.10;Livrée;retrait_ferme;
CMD000649;C0224;2025-02-26;22;1;4.80;Livrée;retrait_ferme;
CMD000649;C0224;2025-02-26;37;2;3.10;Livrée;retrait_ferme;
CMD000650;C0105;2025-02-26;13;1;5.40;Livree;domicile;
CMD000651;C0162;2025-02-26;32;3;2.20;Livree;point_relais;
CMD000651;C0162;2025-02-26;40;1;3,50;Livrée;point_relais;
CMD000651;C0162;2025-02-26;38;3;5,60;livrée;point_relais;
CMD000652;C0158;2025-02-26;25;4;4,90;Livrée;Domicile;
CMD000652;C0158;26/02/2025;20;2;8.20;Livree;domicile;
CMD000652;C0158;2025-02-26;24;1;5.60;LIVREE;domicile;
CMD000653;C0237;2025-02-26;9;1.5;9,00;LIVREE;domicile;
CMD000653;C0237;26/02/2025;33;1;4.20;livrée;domicile;
CMD000654;C0203;2025-02-27;25;4;4.90;Livrée;domicile;
CMD000654;C0203;2025-02-27;6;3;1.40;Livree;domicile;
CMD000654;C0203;2025-02-27;14;1;4.90;Livrée;domicile;
CMD000654;C0203;2025-02-27;15;1,5;5,80;Livree;domicile;
CMD000655;C0120;2025-02-27;30;0,5;24.00;LIVREE;Domicile;
CMD000655;C0120;27/02/2025;31;4;1.20;livrée;domicile;
CMD000655;C0120;2025-02-27;8;1,5;2.60;Livree;Domicile;
CMD000655;C0120;2025-02-27;40;3;3.50;Livree;domicile;
CMD000655;C0120;2025-02-27;34;1;4,80;Livree;domicile;
CMD000656;C0210;2025-02-27;8;3;2,60;LIVREE;domicile;
CMD000656;C0210;2025-02-27;34;3;4.80;Livree;domicile;
CMD000657;C0245;27-02-25;38;2;5,60;livrée;domicile;
CMD000657;C0245;27/02/2025;30;0.2;24.00;Livree;domicile;
CMD000658;C0099;2025-02-27;21;2;9,90;Livree;retrait_ferme;
CMD000659;C0304;2025-02-27;23;2;12.50;LIVREE;retrait_ferme;
CMD000660;C0133;2025-02-27;40;4;3.50;livrée;domicile;
CMD000661;C0257;2025-02-27;23;4;12.50;LIVREE;retrait_ferme;
CMD000662;C0151;2025-02-27;13;1;5.40;Livree;point_relais;
CMD000662;C0151;2025-02-27;3;2;3,60;Livree;point_relais;
CMD000662;C0151;2025-02-27;6;2;1.40;LIVREE;point_relais;
CMD000663;C0216;2025-02-27;32;1;2.20;Livree;domicile;
CMD000663;C0216;2025-02-27;17;2;3.00;Livree;domicile;
CMD000664;C0121;2025-02-28;35;1;3,90;Livrée;point_relais;
CMD000664;C0121;28-02-25;16;0.5;8.50;livrée;Point_relais;
CMD000664;C0121;28-02-25;16;0.5;8.50;livrée;Point_relais;
CMD000664;C0121;28-02-25;2;2;2.80;Livree;point_relais;
CMD000665;C0098;2025-02-28;28;1;1.90;Livrée;point_relais;
CMD000665;C0098;2025-02-28;24;2;5.60;LIVREE;point_relais;
CMD000665;C0098;2025-02-28;34;1;4.80;livrée;point_relais;
CMD000665;C0098;2025-02-28;39;0.5;4.90;Livree;point_relais;
CMD000666;C0158;28/02/2025;20;2;8,20;Livrée;domicile;
CMD000666;C0158;28/02/2025;20;2;8,20;Livrée;domicile;
CMD000666;C0158;28-02-25;37;1;3,10;LIVREE;domicile;
CMD000666;C0158;28/02/2025;26;3;8.90;LIVREE;domicile;
CMD000667;C0277;2025-02-28;9;1.5;9,00;Livree;point_relais;
CMD000667;C0277;2025-02-28;38;2;5,60;LIVREE;point_relais;
CMD000667;C0277;2025-02-28;40;2;3.50;Livree;point_relais;
CMD000668;C0227;2025-02-28;27;1;3.40;Livrée;point_relais;
CMD000669;C0104;28/02/2025;36;2;5.20;Livree;point_relais;
CMD000670;C0099;2025-02-28;34;1;4,80;Livree;domicile;
CMD000670;C0099;2025-02-28;40;4;3,50;LIVREE;domicile;
CMD000671;C0143;2025-02-28;9;2;9.00;Livree;retrait_ferme;
CMD000671;C0143;2025-02-28;31;4;1,20;Livree;retrait_ferme;
CMD000671;C0143;2025-02-28;19;2;7.50;livrée;retrait_ferme;
CMD000672;C0022;2025-03-01;13;2;5,40;livrée;point_relais;
CMD000673;C0037;2025-03-01;10;1.5;2,90;Livree;point_relais;
CMD000673;C0037;2025-03-01;29;0.5;28,00;Livrée;point_relais;
CMD000673;C0037;01/03/2025;26;2;8.90;livrée;point_relais;
CMD000674;C0254;2025-03-01;6;1;1,40;livrée;domicile;
CMD000675;C0065;2025-03-01;31;4;1,20;livrée;domicile;
CMD000676;C0045;2025-03-01;25;2;4,90;LIVREE;domicile;
CMD000676;C0045;2025-03-01;38;1;5.60;Livrée;domicile;
CMD000676;C0045;2025-03-01;7;2;4.50;LIVREE;domicile;
CMD000677;C0010;01/03/2025;35;4;3.90;livrée;retrait_ferme;
CMD000677;C0010;2025-03-01;13;2;5,40;Livree;retrait_ferme;
CMD000678;C0133;01/03/2025;13;3;5.40;Annulée;domicile;météo
CMD000678;C0133;2025-03-01;36;1;5.20;ANNULEE;domicile;météo
CMD000678;C0133;2025-03-01;26;4;8,90;ANNULEE;domicile;météo
CMD000679;C0162;2025-03-01;12;3;3,50;Livrée;domicile;
CMD000680;C0079;2025-03-01;10;1;2.90;LIVREE;domicile;
CMD000681;C0138;2025-03-01;8;2;2.60;Livree;retrait_ferme;
CMD000681;C0138;2025-03-01;20;2;8.20;livrée;retrait_ferme;
CMD000682;C0273;01/03/2025;15;2;5,80;livrée;point_relais;
CMD000683;C0151;2025-03-01;2;0,5;2,80;livrée;domicile;
CMD000684;C0022;2025-03-01;40;1;3.50;LIVREE;domicile;
CMD000684;C0022;2025-03-01;15;1,5;5.80;LIVREE;domicile;
CMD000685;C0144;01/03/2025;34;2;4,80;Livrée;domicile;
CMD000686;C0062;2025-03-01;32;1;2,20;livrée;point_relais;
CMD000686;C0062;2025-03-01;13;0,5;5.40;Livree;point_relais;
CMD000687;C0085;2025-03-01;40;2;3.50;LIVREE;Domicile;
CMD000688;C0192;2025-03-02;6;3;1.40;LIVREE;domicile;
CMD000688;C0192;2025-03-02;5;N/A;1.90;Livree;domicile;
CMD000688;C0192;2025-03-02;2;1;2,80;livrée;domicile;
CMD000688;C0192;2025-03-02;39;0.5;4,90;Livree;domicile;
CMD000689;C0177;2025-03-02;13;3;5.40;Livree;point_relais;
CMD000690;C0053;2025-03-02;32;1;2,20;Livree;Point_relais;
CMD000690;C0053;02-03-25;31;1;1,20;livrée;point_relais;
CMD000690;C0053;02-03-25;4;1;2.10;Livree;point_relais;
CMD000691;C0076;02/03/2025;21;2;9.90;LIVREE;point_relais;
CMD000691;C0076;02/03/2025;21;2;9.90;LIVREE;point_relais;
CMD000691;C0076;2025-03-02;23;2;12.50;livrée;point_relais;
CMD000691;C0076;2025-03-02;27;2;3,40;LIVREE;point_relais;
CMD000691;C0076;02/03/2025;1;2;4.20;Livree;point_relais;
CMD000692;C0082;2025-03-02;20;4;8.20;LIVREE;retrait_ferme;
CMD000692;C0082;2025-03-02;38;4;5.60;Livrée;retrait_ferme;
CMD000692;C0082;02/03/2025;22;1;4.80;LIVREE;Retrait_ferme;
CMD000693;C0150;2025-03-02;19;1;7.50;Livree;point_relais;
CMD000694;C0187;2025-03-02;24;4;5.60;Livrée;point_relais;
CMD000695;C0134;2025-03-02;5;3;1.90;Livrée;domicile;
CMD000696;C0187;02/03/2025;33;3;4,20;LIVREE;Domicile;
CMD000696;C0187;2025-03-02;7;3;4,50;Livree;domicile;
CMD000697;C0001;2025-03-02;28;4;1.90;Livrée;domicile;
CMD000698;C0104;2025-03-02;14;2;4,90;LIVREE;point_relais;
CMD000698;C0104;2025-03-02;31;2;1.20;Livree;point_relais;
CMD000699;C0246;2025-03-02;10;1;2.90;livrée;domicile;
CMD000699;C0246;2025-03-02;16;0.5;8,50;Livrée;domicile;
CMD000699;C0246;2025-03-02;27;3;3,40;LIVREE;domicile;
CMD000700;C0198;2025-03-02;30;0,5;24,00;Livree;domicile;
CMD000700;C0198;2025-03-02;12;0.5;3.50;LIVREE;domicile;
CMD000701;C0254;2025-03-02;5;1;1.90;livrée;point_relais;
CMD000701;C0254;2025-03-02;32;1;2.20;Livrée;point_relais;
CMD000701;C0254;02/03/2025;1;1,5;4.20;Livree;Point_relais;
CMD000702;C0076;2025-03-02;30;0.5;24.00;livrée;point_relais;
CMD000702;C0076;2025-03-02;40;3;3.50;livrée;point_relais;
CMD000703;C0145;2025-03-03;2;2;2,80;Livree;point_relais;
CMD000703;C0145;2025-03-03;37;1;3,10;LIVREE;point_relais;
CMD000704;C0079;2025-03-03;12;3;3,50;Livrée;domicile;
CMD000704;C0079;2025-03-03;26;2;8,90;LIVREE;domicile;
CMD000704;C0079;2025-03-03;11;0.5;3.20;Livrée;domicile;
CMD000704;C0079;03/03/2025;2;0.5;2.80;Livrée;domicile;
CMD000705;C0028;2025-03-03;5;3;1.90;LIVREE;point_relais;
CMD000705;C0028;2025-03-03;32;2;2.20;livrée;point_relais;
CMD000705;C0028;2025-03-03;34;2;4,80;LIVREE;point_relais;
CMD000706;C0097;2025-03-03;8;0.5;2.60;Livrée;domicile;
CMD000706;C0097;2025-03-03;39;N/A;4.90;LIVREE;domicile;
CMD000706;C0097;2025-03-03;24;2;5.60;Livree;domicile;
CMD000706;C0097;2025-03-03;16;2;8.50;Livree;Domicile;
CMD000706;C0097;2025-03-03;21;1;9.90;Livree;domicile;
CMD000707;C0190;03-03-25;20;3;8.20;Livrée;domicile;
CMD000707;C0190;2025-03-03;39;2;4.90;LIVREE;domicile;
CMD000707;C0190;03/03/2025;14;3;4.90;Livree;domicile;
CMD000707;C0190;2025-03-03;5;3;1,90;Livrée;domicile;
CMD000708;C0223;2025-03-03;10;3;2.90;ANNULEE;domicile;annulation client
CMD000708;C0223;2025-03-03;6;1;1,40;ANNULEE;domicile;annulation client
CMD000708;C0223;2025-03-03;1;3;4.20;ANNULEE;domicile;annulation client
CMD000709;C0144;2025-03-03;35;2;3.90;Livrée;domicile;
CMD000710;C0217;2025-03-03;19;1;7,50;Livree;domicile;
CMD000711;C0157;2025-03-03;23;1;12.50;livrée;point_relais;
CMD000711;C0157;2025-03-03;33;4;4,20;livrée;point_relais;
CMD000712;C0200;2025-03-03;9;3;9.00;LIVREE;Domicile;
CMD000712;C0200;03-03-25;19;1;7,50;livrée;domicile;
CMD000712;C0200;2025-03-03;29;0.5;28.00;Livree;domicile;
CMD000712;C0200;2025-03-03;39;1.5;4.90;livrée;domicile;
CMD000712;C0200;03/03/2025;27;2;3.40;Livrée;domicile;
CMD000713;C0133;03-03-25;32;4;2.20;Livrée;Domicile;
CMD000713;C0133;2025-03-03;28;4;1,90;Livrée;domicile;
CMD000713;C0133;2025-03-03;26;1;8,90;livrée;domicile;
CMD000714;C0282;2025-03-04;10;3;2,90;Livrée;domicile;
CMD000714;C0282;2025-03-04;39;1;4.90;livrée;domicile;
CMD000714;C0282;2025-03-04;16;0.5;8.50;Livree;domicile;
CMD000714;C0282;2025-03-04;22;2;4,80;livrée;domicile;
CMD000714;C0282;04/03/2025;30;0.2;24,00;Livrée;domicile;
CMD000715;C0132;2025-03-04;1;1;4,20;Livrée;domicile;
CMD000715;C0132;04/03/2025;10;2;2.90;Livrée;domicile;
CMD000715;C0132;04/03/2025;10;2;2.90;Livrée;domicile;
CMD000716;C0300;04/03/2025;34;1;4,80;Livree;retrait_ferme;
CMD000716;C0300;2025-03-04;13;2;5.40;Livrée;retrait_ferme;
CMD000716;C0300;04/03/2025;32;3;2.20;LIVREE;retrait_ferme;
CMD000717;C0121;2025-03-04;37;1;3.10;Livree;point_relais;
CMD000717;C0121;2025-03-04;25;2;4.90;Livrée;point_relais;
CMD000718;C0137;2025-03-04;38;2;5.60;Livree;point_relais;
CMD000719;C0241;2025-03-04;39;3;4.90;Livrée;domicile;
CMD000719;C0241;2025-03-04;4;1.5;2.10;livrée;domicile;
CMD000720;C0079;04/03/2025;39;1.5;4,90;LIVREE;point_relais;
CMD000720;C0079;2025-03-04;34;1;4,80;livrée;point_relais;
CMD000720;C0079;04/03/2025;40;2;3.50;Livree;point_relais;
CMD000720;C0079;2025-03-04;28;4;1.90;Livrée;point_relais;
CMD000721;C0094;2025-03-04;27;2;3.40;Livree;domicile;
CMD000721;C0094;2025-03-04;28;1;1,90;LIVREE;domicile;
CMD000721;C0094;2025-03-04;13;0,5;5.40;livrée;domicile;
CMD000722;C0199;2025-03-04;36;4;5,20;LIVREE;point_relais;
CMD000722;C0199;2025-03-04;12;0.5;3.50;Livree;point_relais;
CMD000723;C0253;2025-03-04;22;2;4.80;Livrée;domicile;
CMD000723;C0253;04/03/2025;16;2;8,50;LIVREE;domicile;
CMD000723;C0253;2025-03-04;6;2;1.40;livrée;domicile;
CMD000724;C0161;2025-03-04;26;1;8.90;livrée;point_relais;
CMD000724;C0161;2025-03-04;12;0.5;3.50;Livrée;point_relais;
CMD000725;C0158;2025-03-04;25;2;4.90;Livree;domicile;
CMD000725;C0158;04/03/2025;8;2;2.60;Livree;Domicile;
CMD000725;C0158;2025-03-04;39;0.5;4,90;Livrée;domicile;
CMD000725;C0158;2025-03-04;14;1;4.90;Livree;domicile;
CMD000725;C0158;2025-03-04;11;3;3.20;livrée;domicile;
CMD000726;C0085;2025-03-05;35;4;3,90;Livrée;point_relais;
CMD000727;C0037;2025-03-05;40;4;3.50;Livrée;point_relais;
CMD000728;C0079;2025-03-05;17;2;3,00;ANNULEE;domicile;paiement refusé
CMD000728;C0079;2025-03-05;12;1.5;3.50;Annulée;domicile;paiement refusé
CMD000728;C0079;05/03/2025;4;3;2.10;annulee;Domicile;paiement refusé
CMD000729;C0028;2025-03-05;19;1;7,50;Livree;point_relais;
CMD000729;C0028;2025-03-05;36;4;5,20;Livree;point_relais;
CMD000730;C0274;2025-03-05;5;1.5;1.90;Livrée;point_relais;
CMD000730;C0274;2025-03-05;36;1;5.20;livrée;point_relais;
CMD000730;C0274;2025-03-05;17;1;3.00;Livree;point_relais;
CMD000730;C0274;2025-03-05;33;1;4,20;livrée;point_relais;
CMD000731;C0274;2025-03-05;1;0.5;4.20;Livree;point_relais;
CMD000731;C0274;2025-03-05;33;3;4,20;Livree;point_relais;
CMD000731;C0274;2025-03-05;22;1;4,80;livrée;point_relais;
CMD000731;C0274;2025-03-05;38;3;5.60;Livree;point_relais;
CMD000732;C0207;2025-03-05;27;2;3.40;Livrée;point_relais;
CMD000732;C0207;2025-03-05;6;1;1,40;Livrée;point_relais;
CMD000733;C0080;2025-03-05;4;3;2.10;Livree;retrait_ferme;
CMD000733;C0080;2025-03-05;10;3;2.90;Livree;retrait_ferme;
CMD000734;C0216;05/03/2025;9;2;9.00;Livrée;point_relais;
CMD000734;C0216;2025-03-05;23;2;12.50;LIVREE;point_relais;
CMD000734;C0216;2025-03-05;19;4;7.50;livrée;point_relais;
CMD000735;C0190;05/03/2025;6;2;1.40;livrée;Point_relais;
CMD000735;C0190;2025-03-05;15;0,5;5.80;livrée;point_relais;
CMD000735;C0190;2025-03-05;36;2;5.20;livrée;point_relais;
CMD000736;C0076;2025-03-06;19;2;7.50;Livree;domicile;
CMD000736;C0076;2025-03-06;27;1;3.40;Livrée;domicile;
CMD000736;C0076;2025-03-06;1;1;4.20;livrée;Domicile;
CMD000737;C0165;2025-03-06;11;3;3.20;Livrée;domicile;
CMD000737;C0165;2025-03-06;14;3;4.90;Livree;domicile;
CMD000738;C0094;06/03/2025;7;2;4,50;Livree;domicile;
CMD000738;C0094;2025-03-06;15;1;5.80;LIVREE;domicile;
CMD000738;C0094;2025-03-06;38;3;5.60;LIVREE;domicile;
CMD000738;C0094;2025-03-06;19;2;7.50;livrée;domicile;
CMD000738;C0094;06/03/2025;13;3;5,40;Livree;domicile;
CMD000739;C0061;2025-03-06;14;3;4.90;LIVREE;domicile;
CMD000739;C0061;2025-03-06;17;4;3.00;Livree;domicile;
CMD000739;C0061;2025-03-06;36;1;5.20;LIVREE;domicile;
CMD000740;C0065;2025-03-06;18;4;4.20;Livrée;domicile;
CMD000740;C0065;2025-03-06;4;2;2.10;Livrée;domicile;
CMD000740;C0065;2025-03-06;19;3;7.50;Livree;domicile;
CMD000740;C0065;2025-03-06;36;2;5.20;LIVREE;domicile;
CMD000741;C0291;2025-03-06;1;0,5;4.20;livrée;retrait_ferme;
CMD000741;C0291;2025-03-06;20;2;8.20;livrée;retrait_ferme;
CMD000741;C0291;2025-03-06;32;4;2.20;livrée;retrait_ferme;
CMD000742;C0064;2025-03-06;6;4;1.40;livrée;domicile;
CMD000742;C0064;2025-03-06;7;0,5;4,50;livrée;domicile;
CMD000742;C0064;06-03-25;16;2;8,50;livrée;domicile;
CMD000743;C0227;2025-03-06;1;1,5;4.20;LIVREE;retrait_ferme;
CMD000743;C0227;2025-03-06;11;2;3,20;Livree;retrait_ferme;
CMD000743;C0227;2025-03-06;9;2;9.00;Livree;retrait_ferme;
CMD000744;C0223;2025-03-06;28;1;1,90;Livrée;Point_relais;
CMD000745;C0254;2025-03-06;2;2;2,80;LIVREE;Point_relais;
CMD000745;C0254;2025-03-06;22;2;4.80;Livree;point_relais;
CMD000746;C0078;2025-03-06;2;0.5;2.80;annulée;retrait_ferme;annulation client
CMD000746;C0078;2025-03-06;4;N/A;2.10;annulée;retrait_ferme;annulation client
CMD000747;C0198;06/03/2025;21;3;9.90;LIVREE;domicile;
CMD000748;C0005;2025-03-07;33;2;4.20;livrée;retrait_ferme;
CMD000749;C0028;07/03/2025;38;2;5,60;LIVREE;domicile;
CMD000749;C0028;2025-03-07;27;1;3.40;Livree;Domicile;
CMD000750;C0061;2025-03-07;39;2;4.90;LIVREE;Point_relais;
CMD000750;C0061;2025-03-07;19;1;7.50;Livrée;point_relais;
CMD000751;C0172;07/03/2025;38;2;5.60;livrée;point_relais;
CMD000751;C0172;2025-03-07;32;4;2.20;livrée;point_relais;
CMD000752;C0033;2025-03-07;14;0,5;4.90;livrée;point_relais;
CMD000752;C0033;2025-03-07;17;2;3.00;livrée;point_relais;
CMD000753;C0046;07/03/2025;20;3;8.20;Livree;point_relais;
CMD000753;C0046;2025-03-07;26;4;8,90;livrée;point_relais;
CMD000753;C0046;2025-03-07;6;4;1.40;livrée;Point_relais;
CMD000753;C0046;2025-03-07;5;0.5;1,90;Livree;point_relais;
CMD000754;C0037;07/03/2025;22;1;4.80;Livrée;Retrait_ferme;
CMD000754;C0037;2025-03-07;14;0.5;4.90;LIVREE;retrait_ferme;
CMD000755;C0052;2025-03-07;14;1;4.90;livrée;retrait_ferme;
CMD000755;C0052;2025-03-07;13;3;5.40;livrée;retrait_ferme;
CMD000756;C0242;2025-03-07;34;1;4.80;livrée;point_relais;
CMD000756;C0242;2025-03-07;27;1;3.40;Livree;point_relais;
CMD000757;C0220;2025-03-08;17;2;3,00;annulee;domicile;paiement refusé
CMD000757;C0220;2025-03-08;19;2;7.50;annulée;domicile;paiement refusé
CMD000758;C0070;2025-03-08;26;2;8.90;Livree;domicile;
CMD000758;C0070;2025-03-08;34;1;4,80;Livrée;domicile;
CMD000758;C0070;2025-03-08;10;3;2.90;LIVREE;domicile;
CMD000758;C0070;2025-03-08;20;2;8.20;Livrée;domicile;
CMD000759;C0216;08/03/2025;27;4;3,40;LIVREE;domicile;
CMD000759;C0216;2025-03-08;36;1;5.20;livrée;domicile;
CMD000760;C0308;2025-03-08;37;3;3.10;livrée;point_relais;
CMD000760;C0308;2025-03-08;14;2;4.90;Livrée;point_relais;
CMD000760;C0308;2025-03-08;24;1;5.60;LIVREE;point_relais;
CMD000760;C0308;08/03/2025;18;2;4.20;Livrée;point_relais;
CMD000761;C0112;2025-03-08;8;1.5;2.60;Livrée;domicile;
CMD000762;C0073;2025-03-08;14;2;4.90;livrée;point_relais;
CMD000762;C0073;2025-03-08;39;0,5;4.90;livrée;point_relais;
CMD000763;C0013;2025-03-08;28;1;1,90;Livree;domicile;
CMD000764;C0005;2025-03-08;33;1;4.20;LIVREE;point_relais;
CMD000764;C0005;2025-03-08;11;1;3,20;Livrée;point_relais;
CMD000764;C0005;2025-03-08;6;4;1,40;Livree;point_relais;
CMD000764;C0005;2025-03-08;14;3;4,90;Livree;point_relais;
CMD000764;C0005;2025-03-08;24;1;5.60;Livree;point_relais;
CMD000765;C0075;08/03/2025;21;2;9.90;livrée;retrait_ferme;
CMD000765;C0075;08/03/2025;29;0.5;28.00;Livree;retrait_ferme;
CMD000765;C0075;2025-03-08;10;0.5;2,90;livrée;Retrait_ferme;
CMD000765;C0075;08/03/2025;31;2;1,20;Livrée;retrait_ferme;
CMD000766;C0278;2025-03-08;17;2;3.00;livrée;domicile;
CMD000767;C0093;2025-03-08;35;4;3,90;Livrée;domicile;
CMD000767;C0093;2025-03-08;21;4;9,90;Livree;domicile;
CMD000767;C0093;2025-03-08;23;N/A;12.50;Livree;domicile;
CMD000768;C0092;2025-03-08;29;0,5;28,00;livrée;domicile;
CMD000768;C0092;2025-03-08;5;1;1.90;Livree;domicile;
CMD000768;C0092;2025-03-08;31;3;1.20;livrée;domicile;
CMD000768;C0092;2025-03-08;38;1;5,60;livrée;domicile;
CMD000768;C0092;2025-03-08;15;3;5.80;Livrée;domicile;
CMD000769;C0200;08/03/2025;40;4;3.50;Livrée;point_relais;
CMD000769;C0200;2025-03-08;5;1;1,90;Livrée;Point_relais;
CMD000769;C0200;08/03/2025;19;2;7,50;Livrée;point_relais;
CMD000770;C0005;2025-03-08;5;1;1.90;LIVREE;domicile;
CMD000770;C0005;08/03/2025;23;1;12,50;LIVREE;domicile;
CMD000770;C0005;2025-03-08;4;0,5;2.10;LIVREE;domicile;
CMD000771;C0191;2025-03-08;35;3;3,90;Livrée;retrait_ferme;
CMD000771;C0191;2025-03-08;13;2;5.40;Livrée;retrait_ferme;
CMD000771;C0191;2025-03-08;10;3;2.90;Livrée;retrait_ferme;
CMD000772;C0046;2025-03-08;24;2;5.60;Livrée;domicile;
CMD000772;C0046;2025-03-08;29;0.2;28.00;Livrée;domicile;
CMD000773;C0305;2025-03-09;29;0,2;28.00;LIVREE;point_relais;
CMD000773;C0305;2025-03-09;20;1;8.20;Livrée;point_relais;
CMD000773;C0305;2025-03-09;10;1;2.90;Livree;Point_relais;
CMD000774;C0199;2025-03-09;19;2;7,50;LIVREE;domicile;
CMD000774;C0199;09/03/2025;8;2;2.60;livrée;domicile;
CMD000775;C0062;2025-03-09;40;1;3,50;annulee;domicile;client absent
CMD000776;C0099;2025-03-09;23;1;12.50;ANNULEE;domicile;météo
CMD000776;C0099;2025-03-09;19;1;7,50;Annulée;domicile;météo
CMD000776;C0099;2025-03-09;25;3;4.90;annulee;domicile;météo
CMD000776;C0099;2025-03-09;26;1;8.90;ANNULEE;domicile;météo
CMD000777;C0224;2025-03-09;26;2;8,90;LIVREE;domicile;
CMD000777;C0224;2025-03-09;32;2;2.20;Livrée;domicile;
CMD000778;C0174;2025-03-09;39;3;4.90;Livrée;domicile;
CMD000778;C0174;2025-03-09;16;3;8.50;Livree;domicile;
CMD000779;C0003;2025-03-09;29;0,5;28.00;LIVREE;point_relais;
CMD000779;C0003;2025-03-09;14;1.5;4,90;livrée;point_relais;
CMD000780;C0092;2025-03-09;35;1;3,90;livrée;point_relais;
CMD000780;C0092;09/03/2025;22;1;4,80;Livrée;point_relais;
CMD000780;C0092;2025-03-09;5;0.5;1.90;Livree;Point_relais;
CMD000780;C0092;2025-03-09;29;0,5;28,00;LIVREE;Point_relais;
CMD000781;C0138;2025-03-09;17;3;3,00;LIVREE;retrait_ferme;
CMD000782;C0065;2025-03-09;2;1;2.80;LIVREE;retrait_ferme;
CMD000782;C0065;09/03/2025;7;2;4.50;Livree;Retrait_ferme;
CMD000783;C0151;09-03-25;14;3;4,90;livrée;domicile;
CMD000783;C0151;2025-03-09;29;0.5;28.00;Livree;domicile;
CMD000783;C0151;2025-03-09;33;1;4,20;Livree;domicile;
CMD000783;C0151;2025-03-09;33;1;4,20;Livree;domicile;
CMD000784;C0023;2025-03-10;26;4;8,90;Annulée;point_relais;météo
CMD000785;C0076;2025-03-10;24;1;5.60;livrée;point_relais;
CMD000785;C0076;2025-03-10;2;2;2.80;livrée;Point_relais;
CMD000785;C0076;2025-03-10;36;3;5.20;livrée;point_relais;
CMD000785;C0076;10-03-25;29;0.5;28.00;Livrée;point_relais;
CMD000786;C0241;2025-03-10;31;2;1.20;LIVREE;domicile;
CMD000786;C0241;2025-03-10;8;1.5;2.60;Livree;domicile;
CMD000786;C0241;2025-03-10;1;2;4.20;Livrée;domicile;
CMD000787;C0286;10/03/2025;29;0.5;28.00;LIVREE;domicile;
CMD000787;C0286;2025-03-10;37;2;3,10;LIVREE;domicile;
CMD000788;C0045;2025-03-10;15;2;5.80;livrée;domicile;
CMD000789;C0073;2025-03-10;6;2;1.40;Livrée;point_relais;
CMD000789;C0073;2025-03-10;4;0.5;2.10;Livree;point_relais;
CMD000790;C0080;2025-03-10;13;1.5;5.40;LIVREE;point_relais;
CMD000790;C0080;2025-03-10;36;4;5.20;livrée;point_relais;
CMD000790;C0080;2025-03-10;36;4;5.20;livrée;point_relais;
CMD000791;C0185;2025-03-10;33;4;4.20;LIVREE;point_relais;
CMD000791;C0185;10/03/2025;12;0.5;3.50;livrée;point_relais;
CMD000791;C0185;2025-03-10;28;4;1,90;livrée;point_relais;
CMD000792;C0300;2025-03-11;20;2;8.20;LIVREE;retrait_ferme;
CMD000793;C0098;2025-03-11;32;1;2.20;Livrée;domicile;
CMD000793;C0098;11/03/2025;30;0,5;24.00;Livrée;domicile;
CMD000793;C0098;11-03-25;36;3;5.20;Livrée;domicile;
CMD000794;C0065;2025-03-11;17;3;3,00;LIVREE;domicile;
CMD000794;C0065;2025-03-11;28;3;1,90;Livrée;domicile;
CMD000794;C0065;11-03-25;4;2;2,10;Livrée;domicile;
CMD000794;C0065;11-03-25;3;3;3,60;Livree;domicile;
CMD000794;C0065;2025-03-11;14;1;4.90;livrée;domicile;
CMD000795;C0022;11/03/2025;25;1;4.90;livrée;domicile;
CMD000795;C0022;2025-03-11;28;1;1,90;Livree;domicile;
CMD000795;C0022;2025-03-11;35;2;3.90;Livree;domicile;
CMD000795;C0022;11/03/2025;7;2;4.50;LIVREE;domicile;
CMD000796;C0132;2025-03-11;10;1.5;2.90;livrée;domicile;
CMD000796;C0132;2025-03-11;17;3;3,00;livrée;Domicile;
CMD000797;C0271;11-03-25;20;1;8.20;LIVREE;point_relais;
CMD000798;C0121;11/03/2025;1;2;4.20;Livree;domicile;
CMD000798;C0121;2025-03-11;29;0.5;28.00;LIVREE;domicile;
CMD000798;C0121;11/03/2025;19;2;7,50;LIVREE;domicile;
CMD000799;C0016;2025-03-11;5;0.5;1.90;livrée;point_relais;
CMD000799;C0016;2025-03-11;14;0.5;4.90;livrée;point_relais;
CMD000800;C0177;2025-03-11;28;1;1.90;livrée;point_relais;
CMD000801;C0012;11/03/2025;13;0.5;5,40;LIVREE;point_relais;
CMD000801;C0012;2025-03-11;7;0.5;4.50;livrée;point_relais;
CMD000801;C0012;2025-03-11;38;2;5.60;Livree;point_relais;
CMD000802;C0062;2025-03-11;36;1;5.20;LIVREE;domicile;
CMD000802;C0062;11-03-25;34;4;4,80;livrée;domicile;
CMD000803;C0108;2025-03-11;18;4;4.20;LIVREE;domicile;
CMD000803;C0108;2025-03-11;24;1;5.60;Livrée;domicile;
CMD000803;C0108;2025-03-11;32;1;2,20;Livrée;domicile;
CMD000804;C0098;12/03/2025;5;1;1.90;Livrée;domicile;
CMD000804;C0098;2025-03-12;16;3;8.50;LIVREE;domicile;
CMD000804;C0098;2025-03-12;15;0.5;5.80;Livrée;domicile;
CMD000804;C0098;2025-03-12;11;1.5;3,20;livrée;domicile;
CMD000804;C0098;2025-03-12;10;1;2.90;Livrée;domicile;
CMD000805;C0187;2025-03-12;6;3;1.40;Livree;domicile;
CMD000806;C0207;2025-03-12;1;0.5;4,20;LIVREE;domicile;
CMD000806;C0207;2025-03-12;27;2;3,40;LIVREE;domicile;
CMD000807;C0151;12/03/2025;20;4;8.20;Livrée;domicile;
CMD000807;C0151;2025-03-12;14;1,5;4,90;Livrée;domicile;
CMD000807;C0151;2025-03-12;29;0,2;28.00;livrée;domicile;
CMD000808;C0097;2025-03-12;17;4;3,00;Annulée;point_relais;paiement refusé
CMD000809;C0299;2025-03-12;13;3;5,40;livrée;Retrait_ferme;
CMD000810;C0093;2025-03-12;24;1;5,60;Livree;domicile;
CMD000810;C0093;2025-03-12;8;1;2.60;livrée;domicile;
CMD000810;C0093;2025-03-12;5;1,5;1.90;Livree;domicile;
CMD000810;C0093;2025-03-12;19;2;7.50;LIVREE;domicile;
CMD000810;C0914;2025-03-12;18;3;4.20;Livrée;domicile;
CMD000811;C0150;2025-03-12;33;1;4,20;livrée;domicile;
CMD000811;C0150;2025-03-12;23;1;12.50;LIVREE;domicile;
CMD000811;C0150;2025-03-12;13;1.5;5.40;LIVREE;domicile;
CMD000812;C0097;2025-03-12;40;2;3.50;Livrée;point_relais;
CMD000813;C0051;2025-03-12;34;2;4.80;LIVREE;domicile;
CMD000813;C0051;2025-03-12;37;2;3.10;Livrée;domicile;
CMD000813;C0051;2025-03-12;8;3;2,60;Livrée;domicile;
CMD000813;C0051;2025-03-12;16;0.5;8.50;LIVREE;domicile;
CMD000814;C0211;2025-03-12;32;1;2,20;Livrée;retrait_ferme;
CMD000814;C0211;2025-03-12;37;2;3.10;Livree;retrait_ferme;
CMD000814;C0211;2025-03-12;33;2;4,20;livrée;retrait_ferme;
CMD000815;C0120;12/03/2025;19;3;7.50;Livrée;domicile;
CMD000816;C0217;2025-03-13;5;1;1.90;Livrée;point_relais;
CMD000816;C0217;2025-03-13;21;1;9.90;livrée;point_relais;
CMD000816;C0217;2025-03-13;25;2;4.90;Livrée;point_relais;
CMD000817;C0211;13/03/2025;16;1;8.50;livrée;domicile;
CMD000817;C0211;2025-03-13;6;1;1.40;livrée;domicile;
CMD000818;C0143;2025-03-13;11;3;3.20;Livrée;Domicile;
CMD000818;C0143;2025-03-13;19;2;7,50;Livree;domicile;
CMD000819;C0276;13/03/2025;37;4;3.10;LIVREE;point_relais;
CMD000819;C0276;13/03/2025;10;0.5;2.90;livrée;point_relais;
CMD000819;C0276;2025-03-13;11;2;3,20;Livrée;point_relais;
CMD000819;C0276;2025-03-13;4;2;2.10;Livree;Point_relais;
CMD000820;C0224;2025-03-13;31;1;1,20;livrée;point_relais;
CMD000820;C0224;2025-03-13;14;0.5;4.90;Livrée;point_relais;
CMD000820;C0224;2025-03-13;17;1;3.00;Livrée;point_relais;
CMD000821;C0103;13/03/2025;13;1;5.40;Livree;Domicile;
CMD000822;C0162;2025-03-13;29;0.2;28.00;Livrée;point_relais;
CMD000823;C0134;2025-03-13;4;0.5;2,10;Livrée;domicile;
CMD000823;C0134;2025-03-13;11;2;3.20;LIVREE;domicile;
CMD000824;C0133;2025-03-13;40;4;3.50;Livrée;domicile;
CMD000825;C0274;2025-03-13;34;1;4.80;Livree;point_relais;
CMD000825;C0274;2025-03-13;34;1;4.80;Livree;point_relais;
CMD000826;C0151;2025-03-13;40;1;3.50;Livrée;retrait_ferme;
CMD000826;C0151;13/03/2025;24;2;5.60;LIVREE;retrait_ferme;
CMD000826;C0151;2025-03-13;28;1;1,90;LIVREE;retrait_ferme;
CMD000827;C0258;2025-03-13;13;1,5;5.40;Livree;domicile;
CMD000828;C0099;2025-03-13;12;1;3.50;LIVREE;Point_relais;
CMD000829;C0154;2025-03-14;1;1;4.20;livrée;domicile;
CMD000829;C0154;2025-03-14;30;0,2;24,00;Livree;domicile;
CMD000830;C0112;2025-03-14;28;3;1.90;Livree;domicile;
CMD000831;C0150;2025-03-14;10;2;2.90;LIVREE;retrait_ferme;
CMD000832;C0099;2025-03-14;20;1;8.20;livrée;point_relais;
CMD000832;C0099;2025-03-14;19;1;7.50;Livrée;point_relais;
CMD000833;C0162;2025-03-14;14;2;4.90;LIVREE;retrait_ferme;
CMD000834;C0005;14/03/2025;39;1.5;4.90;LIVREE;retrait_ferme;
CMD000834;C0005;2025-03-14;27;2;3.40;livrée;retrait_ferme;
CMD000835;C0010;14/03/2025;33;2;4,20;Livree;point_relais;
CMD000835;C0010;14/03/2025;33;2;4,20;Livree;point_relais;
CMD000836;C0188;2025-03-14;24;1;5,60;Livree;domicile;
CMD000836;C0188;2025-03-14;33;3;4.20;LIVREE;domicile;
CMD000837;C0139;2025-03-14;3;3;3.60;LIVREE;retrait_ferme;
CMD000837;C0139;2025-03-14;36;1;5.20;LIVREE;retrait_ferme;
CMD000837;C0139;14-03-25;15;3;5,80;livrée;retrait_ferme;
CMD000837;C0139;2025-03-14;32;1;2.20;livrée;retrait_ferme;
CMD000837;C0139;2025-03-14;30;0.2;24.00;livrée;retrait_ferme;
CMD000838;C0064;2025-03-14;17;4;3,00;Livree;domicile;
CMD000838;C0064;2025-03-14;2;0.5;2.80;Livree;domicile;
CMD000838;C0064;2025-03-14;21;1;9.90;livrée;domicile;
CMD000838;C0064;2025-03-14;14;1;4,90;LIVREE;domicile;
CMD000839;C0048;2025-03-14;25;3;4.90;Livree;point_relais;
CMD000839;C0048;14-03-25;19;3;7.50;Livree;point_relais;
CMD000840;C0090;2025-03-14;5;0.5;1.90;Livrée;retrait_ferme;
CMD000840;C0090;2025-03-14;5;0.5;1.90;Livrée;retrait_ferme;
CMD000840;C0090;14/03/2025;1;0.5;4.20;Livrée;retrait_ferme;
CMD000840;C0090;2025-03-14;31;2;1.20;livrée;retrait_ferme;
CMD000841;C0187;2025-03-14;6;1;1.40;livrée;domicile;
CMD000841;C0187;2025-03-14;25;1;4,90;Livree;domicile;
CMD000841;C0187;2025-03-14;8;1.5;2,60;LIVREE;domicile;
CMD000841;C0187;2025-03-14;22;1;4,80;Livree;domicile;
CMD000842;C0270;2025-03-15;35;3;3.90;LIVREE;point_relais;
CMD000842;C0270;2025-03-15;23;3;12.50;LIVREE;point_relais;
CMD000843;C0174;2025-03-15;4;3;2,10;LIVREE;domicile;
CMD000843;C0174;2025-03-15;29;0.2;28.00;Livree;domicile;
CMD000843;C0174;2025-03-15;34;1;4.80;LIVREE;domicile;
CMD000844;C0092;2025-03-15;37;2;3,10;Livree;point_relais;
CMD000844;C0092;15/03/2025;14;2;4,90;LIVREE;point_relais;
CMD000845;C0274;15/03/2025;21;2;9,90;Livree;domicile;
CMD000845;C0274;15/03/2025;22;4;4,80;livrée;domicile;
CMD000845;C0274;2025-03-15;16;3;8.50;livrée;domicile;
CMD000845;C0274;2025-03-15;15;2;5.80;Livrée;domicile;
CMD000845;C0274;15/03/2025;14;1,5;4.90;Livrée;domicile;
CMD000846;C0228;2025-03-15;32;3;2.20;LIVREE;point_relais;
CMD000846;C0228;2025-03-15;7;1;4.50;livrée;point_relais;
CMD000846;C0228;2025-03-15;27;2;3.40;Livrée;point_relais;
CMD000847;C0274;2025-03-15;19;3;7.50;livrée;point_relais;
CMD000847;C0274;2025-03-15;17;1;3.00;livrée;point_relais;
CMD000847;C0274;2025-03-15;9;3;9.00;Livrée;point_relais;
CMD000848;C0270;2025-03-15;7;1.5;4.50;Livree;point_relais;
CMD000848;C0270;2025-03-15;19;3;7.50;LIVREE;point_relais;
CMD000848;C0270;15-03-25;20;3;8,20;Livrée;point_relais;
CMD000848;C0270;2025-03-15;36;2;5,20;livrée;point_relais;
CMD000848;C0270;2025-03-15;11;2;3.20;Livree;point_relais;
CMD000849;C0188;2025-03-15;16;2;8.50;livrée;domicile;
CMD000849;C0188;2025-03-15;39;1,5;4.90;LIVREE;domicile;
CMD000850;C0154;2025-03-15;30;0,2;24.00;LIVREE;Domicile;
CMD000850;C0154;2025-03-15;12;0,5;3.50;livrée;domicile;
CMD000850;C0154;15/03/2025;24;1;5.60;LIVREE;domicile;
CMD000851;C0073;2025-03-15;39;0.5;4.90;Livree;domicile;
CMD000852;C0277;2025-03-15;6;3;1,40;Livree;point_relais;
CMD000852;C0277;2025-03-15;21;1;9.90;Livrée;point_relais;
CMD000853;C0241;2025-03-15;28;2;1,90;Livree;domicile;
CMD000853;C0241;2025-03-15;29;0,5;28.00;LIVREE;domicile;
CMD000854;C0158;2025-03-15;10;0,5;2,90;Livrée;domicile;
CMD000854;C0158;2025-03-15;39;2;4.90;Livree;domicile;
CMD000854;C0158;2025-03-15;27;3;3.40;livrée;domicile;
CMD000855;C0094;2025-03-15;13;1;5.40;Livrée;domicile;
CMD000856;C0285;2025-03-15;35;1;3.90;Livree;domicile;
CMD000856;C0285;2025-03-15;18;1;4.20;livrée;domicile;
CMD000857;C0208;2025-03-15;22;3;4.80;LIVREE;point_relais;
CMD000858;C0032;15/03/2025;5;2;1.90;Livrée;retrait_ferme;
CMD000859;C0138;2025-03-16;13;1.5;5.40;Livree;domicile;
CMD000859;C0138;2025-03-16;27;1;3.40;livrée;domicile;
CMD000859;C0138;2025-03-16;15;2;5.80;LIVREE;domicile;
CMD000860;C0098;2025-03-16;34;3;4,80;Livree;Point_relais;
CMD000860;C0098;2025-03-16;8;3;2,60;livrée;point_relais;
CMD000860;C0098;2025-03-16;22;2;4.80;Livrée;point_relais;
CMD000861;C0151;16/03/2025;12;1;3,50;livrée;domicile;
CMD000861;C0994;2025-03-16;8;1;2.60;LIVREE;domicile;
CMD000862;C0078;2025-03-16;2;0,5;2,80;Livree;point_relais;
CMD000862;C0078;2025-03-16;34;4;4.80;LIVREE;point_relais;
CMD000862;C0078;2025-03-16;17;1;3.00;Livree;point_relais;
CMD000863;C0046;2025-03-16;6;4;1,40;Livree;domicile;
CMD000863;C0046;16-03-25;29;0.2;28.00;Livree;domicile;
CMD000864;C0204;16/03/2025;32;2;2.20;Annulée;domicile;paiement refusé
CMD000864;C0204;2025-03-16;20;2;8.20;annulee;domicile;paiement refusé
CMD000864;C0204;2025-03-16;31;2;1.20;Annulée;domicile;paiement refusé
CMD000865;C0032;2025-03-16;33;2;4.20;LIVREE;point_relais;
CMD000865;C0032;2025-03-16;13;2;5,40;Livree;point_relais;
CMD000866;C0138;16-03-25;24;2;5,60;Livrée;domicile;
CMD000866;C0138;2025-03-16;9;1,5;9.00;LIVREE;domicile;
CMD000866;C0138;16-03-25;28;2;1.90;LIVREE;domicile;
CMD000867;C0185;2025-03-16;11;0,5;3.20;Livree;domicile;
CMD000867;C0185;2025-03-16;39;2;4,90;Livrée;domicile;
CMD000868;C0070;2025-03-16;37;1;3.10;Livree;domicile;
CMD000868;C0070;2025-03-16;40;2;3,50;Livrée;domicile;
CMD000868;C0070;2025-03-16;3;3;3.60;livrée;domicile;
CMD000868;C0070;2025-03-16;1;2;4,20;Livree;domicile;
CMD000868;C0070;2025-03-16;23;1;12.50;LIVREE;domicile;
CMD000869;C0260;16/03/2025;26;3;8.90;LIVREE;domicile;
CMD000870;C0064;2025-03-16;20;4;8,20;ANNULEE;domicile;rupture de stock
CMD000870;C0064;2025-03-16;12;1;3.50;annulée;domicile;rupture de stock
CMD000870;C0064;2025-03-16;33;4;4.20;Annulée;domicile;rupture de stock
CMD000870;C0064;2025-03-16;17;4;3.00;annulee;domicile;rupture de stock
CMD000871;C0079;17/03/2025;8;2;2.60;Annulée;retrait_ferme;rupture de stock
CMD000871;C0079;2025-03-17;13;1.5;5.40;ANNULEE;retrait_ferme;rupture de stock
CMD000871;C0079;2025-03-17;35;4;3.90;annulée;retrait_ferme;rupture de stock
CMD000872;C0292;2025-03-17;24;1;5.60;LIVREE;point_relais;
CMD000872;C0292;2025-03-17;37;4;3.10;Livree;point_relais;
CMD000872;C0292;2025-03-17;32;1;2.20;Livrée;point_relais;
CMD000873;C0237;2025-03-17;11;2;3,20;LIVREE;domicile;
CMD000873;C0237;2025-03-17;8;2;2.60;Livrée;domicile;
CMD000873;C0237;17/03/2025;28;2;1.90;Livrée;Domicile;
CMD000874;C0294;2025-03-17;15;1,5;5.80;livrée;domicile;
CMD000874;C0294;2025-03-17;2;1;2.80;Livree;domicile;
CMD000874;C0294;17/03/2025;35;1;3.90;Livrée;domicile;
CMD000874;C0294;2025-03-17;37;4;3,10;livrée;domicile;
CMD000875;C0090;17/03/2025;29;0.5;28.00;livrée;domicile;
CMD000875;C0090;2025-03-17;12;3;3,50;Livrée;domicile;
CMD000875;C0090;2025-03-17;2;0,5;2.80;LIVREE;domicile;
CMD000876;C0114;2025-03-17;21;2;9.90;livrée;domicile;
CMD000876;C0114;2025-03-17;12;3;3,50;LIVREE;domicile;
CMD000877;C0305;17/03/2025;18;1;4.20;Livree;point_relais;
CMD000877;C0305;2025-03-17;27;1;3.40;livrée;point_relais;
CMD000878;C0245;17/03/2025;34;1;4.80;Livrée;domicile;
CMD000878;C0245;2025-03-17;10;0.5;2.90;Livrée;domicile;
CMD000878;C0245;2025-03-17;10;0.5;2.90;Livrée;domicile;
CMD000879;C0064;2025-03-17;36;3;5.20;Livrée;domicile;
CMD000879;C0064;17-03-25;4;1,5;2,10;LIVREE;domicile;
CMD000879;C0064;2025-03-17;26;1;8.90;LIVREE;domicile;
CMD000879;C0064;2025-03-17;32;3;2,20;LIVREE;Domicile;
CMD000879;C0064;17-03-25;33;1;4.20;livrée;domicile;
CMD000880;C0286;17-03-25;23;2;12.50;LIVREE;domicile;
CMD000880;C0286;2025-03-17;34;2;4,80;LIVREE;domicile;
CMD000880;C0286;2025-03-17;18;1;4.20;Livrée;domicile;
CMD000880;C0286;2025-03-17;27;2;3.40;livrée;domicile;
CMD000881;C0200;2025-03-17;4;1;2.10;LIVREE;point_relais;
CMD000881;C0200;2025-03-17;12;1;3.50;LIVREE;point_relais;
CMD000881;C0200;2025-03-17;8;3;2.60;LIVREE;point_relais;
CMD000881;C0200;2025-03-17;5;1;1,90;LIVREE;point_relais;
CMD000881;C0200;2025-03-17;15;0.5;5.80;livrée;point_relais;
CMD000882;C0138;2025-03-18;37;1;3,10;Livree;domicile;
CMD000882;C0138;2025-03-18;36;2;5.20;Livrée;domicile;
CMD000882;C0138;2025-03-18;1;1;4,20;LIVREE;domicile;
CMD000883;C0178;2025-03-18;28;3;1.90;Annulée;point_relais;annulation client
CMD000883;C0178;2025-03-18;30;0.2;24.00;annulée;point_relais;annulation client
CMD000884;C0203;2025-03-18;31;1;1.20;LIVREE;domicile;
CMD000885;C0099;2025-03-18;30;0.5;24,00;LIVREE;domicile;
CMD000885;C0099;18/03/2025;35;4;3,90;Livree;domicile;
CMD000885;C0099;2025-03-18;39;0.5;4.90;LIVREE;domicile;
CMD000885;C0099;18/03/2025;7;1;4.50;livrée;domicile;
CMD000885;C0099;2025-03-18;17;N/A;3,00;LIVREE;domicile;
CMD000886;C0021;2025-03-18;33;4;4.20;livrée;domicile;
CMD000887;C0086;2025-03-18;7;1;4.50;LIVREE;domicile;
CMD000887;C0086;2025-03-18;6;4;1.40;livrée;domicile;
CMD000887;C0086;2025-03-18;4;2;2,10;livrée;Domicile;
CMD000887;C0086;2025-03-18;4;2;2,10;livrée;Domicile;
CMD000888;C0224;18/03/2025;28;3;1.90;LIVREE;domicile;
CMD000888;C0224;2025-03-18;13;1.5;5.40;LIVREE;domicile;
CMD000889;C0265;2025-03-18;39;0.5;4.90;LIVREE;retrait_ferme;
CMD000889;C0265;2025-03-18;18;1;4.20;Livree;retrait_ferme;
CMD000889;C0265;2025-03-18;25;1;4.90;livrée;retrait_ferme;
CMD000890;C0211;2025-03-19;39;1;4,90;LIVREE;domicile;
CMD000890;C0211;2025-03-19;38;2;5.60;LIVREE;domicile;
CMD000891;C0294;2025-03-19;8;0.5;2.60;livrée;domicile;
CMD000892;C0217;2025-03-19;28;1;1.90;Livrée;point_relais;
CMD000892;C0217;2025-03-19;22;3;4.80;Livrée;point_relais;
CMD000892;C0217;2025-03-19;14;3;4,90;Livree;point_relais;
CMD000893;C0036;2025-03-19;35;4;3.90;Livree;point_relais;
CMD000894;C0028;2025-03-19;4;0,5;2.10;annulée;domicile;rupture de stock
CMD000894;C0028;19/03/2025;27;1;3.40;ANNULEE;domicile;rupture de stock
CMD000894;C0028;19/03/2025;22;1;4.80;annulée;domicile;rupture de stock
CMD000895;C0185;2025-03-19;7;1;4.50;Livrée;domicile;
CMD000895;C0185;2025-03-19;5;2;1,90;LIVREE;domicile;
CMD000896;C0104;2025-03-19;29;0,5;28.00;livrée;point_relais;
CMD000896;C0104;2025-03-19;29;0,5;28.00;livrée;point_relais;
CMD000897;C0277;2025-03-19;4;0.5;2.10;Livree;domicile;
CMD000898;C0257;2025-03-19;14;3;4.90;Livree;Retrait_ferme;
CMD000898;C0257;2025-03-19;16;2;8.50;Livrée;retrait_ferme;
CMD000899;C0282;2025-03-19;24;1;5.60;livrée;retrait_ferme;
CMD000899;C0282;2025-03-19;16;3;8.50;LIVREE;retrait_ferme;
CMD000899;C0282;2025-03-19;2;2;2.80;LIVREE;retrait_ferme;
CMD000900;C0242;2025-03-19;21;3;9.90;Livree;point_relais;
CMD000901;C0311;2025-03-19;1;0.5;4,20;livrée;point_relais;
CMD000901;C0311;2025-03-19;34;2;4.80;Livrée;point_relais;
CMD000901;C0311;2025-03-19;16;0,5;8.50;livrée;point_relais;
CMD000902;C0166;2025-03-20;35;2;3.90;LIVREE;domicile;
CMD000902;C0166;2025-03-20;17;2;3,00;livrée;domicile;
CMD000903;C0188;2025-03-20;3;1;3.60;Livrée;point_relais;
CMD000904;C0014;2025-03-20;7;3;4.50;Livree;domicile;
CMD000904;C0014;2025-03-20;33;3;4.20;LIVREE;domicile;
CMD000904;C0014;2025-03-20;35;4;3.90;Livree;domicile;
CMD000905;C0297;2025-03-20;20;1;8,20;livrée;domicile;
CMD000906;C0026;2025-03-20;16;2;8,50;LIVREE;point_relais;
CMD000906;C0026;2025-03-20;30;0.5;24.00;livrée;point_relais;
CMD000907;C0290;20/03/2025;14;1;4.90;Livree;domicile;
CMD000907;C0290;2025-03-20;21;1;9.90;Livrée;domicile;
CMD000907;C0290;2025-03-20;32;3;2.20;livrée;domicile;
CMD000908;C0199;20/03/2025;1;2;4.20;LIVREE;Point_relais;
CMD000908;C0199;2025-03-20;33;1;4.20;livrée;point_relais;
CMD000908;C0199;2025-03-20;34;1;4.80;LIVREE;point_relais;
CMD000908;C0199;20-03-25;14;2;4.90;Livree;Point_relais;
CMD000909;C0301;20/03/2025;7;3;4.50;LIVREE;retrait_ferme;
CMD000909;C0301;2025-03-20;1;0.5;4.20;Livree;retrait_ferme;
CMD000909;C0301;2025-03-20;40;2;3.50;Livrée;retrait_ferme;
CMD000910;C0291;2025-03-20;34;4;4.80;livrée;point_relais;
CMD000911;C0242;2025-03-20;2;2;2.80;Livree;point_relais;
CMD000912;C0265;2025-03-20;38;2;5.60;livrée;domicile;
CMD000912;C0265;2025-03-20;18;2;4.20;livrée;domicile;
CMD000913;C0090;2025-03-20;28;2;1.90;Livrée;domicile;
CMD000914;C0080;2025-03-20;36;4;5,20;Livrée;point_relais;
CMD000915;C0117;2025-03-20;28;2;1.90;Livrée;point_relais;
CMD000916;C0133;2025-03-21;11;2;3.20;livrée;retrait_ferme;
CMD000916;C0133;2025-03-21;11;2;3.20;livrée;retrait_ferme;
CMD000916;C0133;2025-03-21;13;3;5.40;livrée;Retrait_ferme;
CMD000917;C0157;2025-03-21;18;3;4.20;LIVREE;point_relais;
CMD000917;C0157;2025-03-21;39;1,5;4.90;livrée;point_relais;
CMD000918;C0013;21/03/2025;35;1;3.90;livrée;Domicile;
CMD000918;C0013;2025-03-21;36;1;5.20;livrée;domicile;
CMD000918;C0013;2025-03-21;39;0.5;4.90;LIVREE;domicile;
CMD000919;C0277;2025-03-21;39;1.5;4.90;LIVREE;point_relais;
CMD000919;C0277;21-03-25;23;2;12.50;LIVREE;point_relais;
CMD000920;C0198;21/03/2025;35;2;3.90;livrée;domicile;
CMD000921;C0089;2025-03-21;2;0.5;2.80;Livrée;point_relais;
CMD000921;C0089;21/03/2025;3;1.5;3,60;livrée;point_relais;
CMD000921;C0089;2025-03-21;30;0.2;24.00;Livree;point_relais;
CMD000922;C0217;2025-03-21;28;1;1.90;Livree;domicile;
CMD000922;C0217;2025-03-21;21;2;9.90;LIVREE;domicile;
CMD000923;C0285;2025-03-21;10;1,5;2.90;Livrée;domicile;
CMD000923;C0285;2025-03-21;21;4;9,90;livrée;domicile;
CMD000924;C0134;2025-03-21;19;4;7.50;Livrée;point_relais;
CMD000924;C0134;21/03/2025;16;2;8,50;Livree;point_relais;
CMD000924;C0134;2025-03-21;10;1,5;2,90;Livree;point_relais;
CMD000924;C0951;2025-03-21;9;2;9.00;Livree;point_relais;
CMD000924;C0134;2025-03-21;7;1,5;4,50;Livrée;point_relais;
CMD000925;C0216;2025-03-21;12;3;3.50;Livrée;domicile;
CMD000925;C0216;2025-03-21;18;2;4.20;Livree;domicile;
CMD000926;C0908;2025-03-22;5;1;1.90;Livree;retrait_ferme;
CMD000926;C0210;2025-03-22;3;1;3.60;Livrée;retrait_ferme;
CMD000927;C0270;2025-03-22;19;4;7.50;annulee;retrait_ferme;paiement refusé
CMD000927;C0270;2025-03-22;40;1;3.50;annulee;retrait_ferme;paiement refusé
CMD000927;C0270;2025-03-22;12;1;3.50;annulee;retrait_ferme;paiement refusé
CMD000927;C0270;2025-03-22;26;3;8.90;annulee;retrait_ferme;paiement refusé
CMD000927;C0270;2025-03-22;27;1;3.40;annulee;retrait_ferme;paiement refusé
CMD000928;C0253;22-03-25;11;2;3,20;LIVREE;point_relais;
CMD000928;C0253;2025-03-22;9;2;9.00;Livree;point_relais;
CMD000929;C0076;22-03-25;10;2;2.90;Annulée;point_relais;annulation client
CMD000929;C0076;22-03-25;21;2;9.90;Annulée;point_relais;annulation client
CMD000929;C0076;2025-03-22;20;3;8,20;ANNULEE;point_relais;annulation client
CMD000930;C0133;2025-03-22;38;1;5.60;Livrée;domicile;
CMD000930;C0133;2025-03-22;36;1;5,20;Livrée;Domicile;
CMD000930;C0133;2025-03-22;26;2;8.90;Livrée;domicile;
CMD000931;C0145;2025-03-22;16;3;8,50;LIVREE;domicile;
CMD000931;C0145;2025-03-22;36;1;5.20;Livree;domicile;
CMD000931;C0145;2025-03-22;18;1;4.20;livrée;domicile;
CMD000932;C0291;22/03/2025;4;3;2,10;livrée;domicile;
CMD000933;C0297;22/03/2025;34;4;4.80;Livree;domicile;
CMD000933;C0297;2025-03-22;18;3;4,20;livrée;domicile;
CMD000934;C0291;22/03/2025;28;2;1.90;Livree;point_relais;
CMD000935;C0138;22/03/2025;19;4;7,50;Livree;domicile;
CMD000935;C0138;2025-03-22;31;3;1.20;Livree;domicile;
CMD000935;C0138;2025-03-22;5;1.5;1,90;Livrée;domicile;
CMD000936;C0135;2025-03-23;7;1;4,50;livrée;retrait_ferme;
CMD000936;C0135;2025-03-23;37;1;3.10;Livrée;retrait_ferme;
CMD000937;C0161;2025-03-23;17;1;3.00;LIVREE;domicile;
CMD000938;C0003;2025-03-23;38;2;5.60;Livree;retrait_ferme;
CMD000939;C0183;2025-03-23;31;3;1.20;livrée;domicile;
CMD000940;C0187;2025-03-23;27;2;3.40;LIVREE;retrait_ferme;
CMD000940;C0187;2025-03-23;39;0,5;4,90;Livree;retrait_ferme;
CMD000941;C0097;2025-03-23;18;2;4,20;annulee;Domicile;annulation client
CMD000941;C0097;23/03/2025;38;1;5,60;annulee;domicile;annulation client
CMD000942;C0297;23-03-25;29;0,2;28.00;livrée;domicile;
CMD000942;C0297;2025-03-23;4;0.5;2.10;LIVREE;domicile;
CMD000943;C0048;23/03/2025;10;1,5;2.90;LIVREE;domicile;
CMD000944;C0118;2025-03-23;13;0.5;5,40;LIVREE;Domicile;
CMD000944;C0118;2025-03-23;27;4;3.40;Livree;domicile;
CMD000944;C0118;2025-03-23;15;2;5.80;livrée;domicile;
CMD000944;C0118;23-03-25;30;0.5;24.00;LIVREE;domicile;
CMD000944;C0118;2025-03-23;38;3;5.60;Livrée;domicile;
CMD000945;C0043;2025-03-23;15;1,5;5.80;livrée;retrait_ferme;
CMD000945;C0043;23/03/2025;30;0,5;24.00;livrée;retrait_ferme;
CMD000946;C0236;2025-03-23;19;3;7,50;Livrée;domicile;
CMD000946;C0236;2025-03-23;15;1;5,80;Livree;domicile;
CMD000946;C0236;2025-03-23;28;4;1,90;Livrée;domicile;
CMD000946;C0236;2025-03-23;30;0.2;24.00;LIVREE;domicile;
CMD000947;C0129;2025-03-23;28;3;1.90;Livrée;point_relais;
CMD000948;C0098;2025-03-24;9;1;9.00;livrée;retrait_ferme;
CMD000948;C0098;24-03-25;12;1.5;3.50;livrée;retrait_ferme;
CMD000948;C0098;24-03-25;12;1.5;3.50;livrée;retrait_ferme;
CMD000948;C0098;24/03/2025;16;0,5;8.50;Livrée;retrait_ferme;
CMD000948;C0098;2025-03-24;33;4;4.20;livrée;Retrait_ferme;
CMD000949;C0300;24/03/2025;16;0,5;8.50;livrée;domicile;
CMD000949;C0300;2025-03-24;6;2;1.40;LIVREE;domicile;
CMD000949;C0300;2025-03-24;18;2;4.20;Livrée;domicile;
CMD000950;C0005;2025-03-24;27;1;3,40;livrée;retrait_ferme;
CMD000951;C0208;2025-03-24;17;1;3,00;LIVREE;retrait_ferme;
CMD000951;C0208;2025-03-24;21;2;9.90;livrée;retrait_ferme;
CMD000951;C0208;2025-03-24;25;3;4.90;Livrée;retrait_ferme;
CMD000951;C0208;24/03/2025;5;0.5;1,90;livrée;Retrait_ferme;
CMD000952;C0082;2025-03-24;5;3;1.90;livrée;point_relais;
CMD000952;C0082;24-03-25;37;3;3,10;Livree;point_relais;
CMD000952;C0082;2025-03-24;8;2;2.60;Livree;point_relais;
CMD000952;C0082;24/03/2025;39;1,5;4,90;LIVREE;point_relais;
CMD000953;C0002;2025-03-24;33;3;4.20;LIVREE;domicile;
CMD000954;C0283;2025-03-24;20;2;8.20;Livrée;point_relais;
CMD000954;C0283;24/03/2025;27;3;3,40;Livree;point_relais;
CMD000954;C0283;2025-03-24;10;1;2,90;Livree;point_relais;
CMD000954;C0283;2025-03-24;29;0.2;28.00;LIVREE;point_relais;
CMD000955;C0175;2025-03-24;13;0.5;5,40;Livrée;point_relais;
CMD000955;C0175;2025-03-24;14;3;4.90;LIVREE;point_relais;
CMD000955;C0175;24/03/2025;31;1;1.20;Livrée;point_relais;
CMD000956;C0207;24/03/2025;6;1;1.40;LIVREE;point_relais;
CMD000957;C0301;2025-03-24;12;0.5;3.50;livrée;domicile;
CMD000957;C0301;2025-03-24;2;1;2.80;LIVREE;domicile;
CMD000957;C0301;2025-03-24;34;2;4.80;Livree;domicile;
CMD000957;C0301;2025-03-24;26;1;8.90;LIVREE;domicile;
CMD000958;C0108;2025-03-24;40;3;3.50;Livrée;point_relais;
CMD000958;C0108;2025-03-24;37;3;3.10;LIVREE;Point_relais;
CMD000959;C0271;2025-03-24;33;3;4.20;livrée;domicile;
CMD000959;C0271;2025-03-24;5;1,5;1,90;livrée;domicile;
CMD000959;C0271;2025-03-24;15;2;5.80;LIVREE;domicile;
CMD000960;C0076;24-03-25;38;2;5.60;Livree;point_relais;
CMD000960;C0076;2025-03-24;10;2;2.90;LIVREE;point_relais;
CMD000961;C0172;2025-03-25;6;1;1.40;Livrée;point_relais;
CMD000961;C0172;2025-03-25;6;1;1.40;Livrée;point_relais;
CMD000962;C0037;2025-03-25;25;1;4.90;LIVREE;domicile;
CMD000963;C0274;2025-03-25;14;3;4.90;livrée;point_relais;
CMD000963;C0274;2025-03-25;19;1;7.50;LIVREE;point_relais;
CMD000963;C0274;2025-03-25;19;1;7.50;LIVREE;point_relais;
CMD000963;C0274;2025-03-25;32;2;2.20;Livree;point_relais;
CMD000964;C0080;2025-03-25;23;2;12,50;Livrée;domicile;
CMD000964;C0080;25/03/2025;31;3;1.20;LIVREE;domicile;
CMD000964;C0080;2025-03-25;4;2;2.10;livrée;domicile;
CMD000965;C0199;2025-03-25;16;0.5;8.50;Annulée;domicile;client absent
CMD000965;C0199;2025-03-25;11;3;3,20;annulee;domicile;client absent
CMD000966;C0270;2025-03-25;12;2;3.50;LIVREE;point_relais;
CMD000966;C0270;25/03/2025;36;1;5.20;Livrée;point_relais;
CMD000967;C0079;2025-03-25;24;1;5.60;Livree;point_relais;
CMD000967;C0079;25/03/2025;7;3;4,50;Livree;point_relais;
CMD000968;C0185;2025-03-25;34;2;4.80;Livrée;point_relais;
CMD000968;C0185;2025-03-25;13;0,5;5.40;Livree;Point_relais;
CMD000968;C0185;2025-03-25;33;2;4.20;Livrée;point_relais;
CMD000968;C0185;2025-03-25;14;3;4.90;Livree;point_relais;
CMD000969;C0135;2025-03-25;7;1.5;4,50;livrée;retrait_ferme;
CMD000969;C0135;2025-03-25;39;1,5;4.90;Livrée;retrait_ferme;
CMD000969;C0135;2025-03-25;16;0.5;8.50;Livrée;retrait_ferme;
CMD000969;C0135;25-03-25;8;3;2.60;LIVREE;retrait_ferme;
CMD000970;C0203;2025-03-25;9;1;9.00;LIVREE;domicile;
CMD000970;C0203;2025-03-25;33;1;4.20;Livree;domicile;
CMD000970;C0203;2025-03-25;1;0,5;4,20;Livree;domicile;
CMD000971;C0227;2025-03-25;37;1;3,10;livrée;domicile;
CMD000971;C0227;2025-03-25;29;0.5;28,00;Livree;domicile;
CMD000972;C0150;2025-03-25;38;2;5,60;Livree;domicile;
CMD000972;C0150;2025-03-25;18;2;4.20;Livree;domicile;
CMD000972;C0150;2025-03-25;21;1;9.90;LIVREE;domicile;
CMD000973;C0108;2025-03-25;21;2;9.90;Livrée;domicile;
CMD000973;C0108;25/03/2025;4;1,5;2,10;Livrée;domicile;
CMD000973;C0108;25/03/2025;4;1,5;2,10;Livrée;domicile;
CMD000973;C0108;2025-03-25;31;1;1.20;Livree;domicile;
CMD000973;C0108;25/03/2025;12;1;3,50;livrée;domicile;
CMD000974;C0082;2025-03-25;12;2;3.50;Livrée;point_relais;
CMD000974;C0082;2025-03-25;16;0.5;8.50;livrée;point_relais;
CMD000975;C0307;2025-03-26;2;0.5;2.80;Livrée;domicile;
CMD000975;C0307;2025-03-26;34;2;4.80;LIVREE;domicile;
CMD000975;C0307;2025-03-26;34;2;4.80;LIVREE;domicile;
CMD000976;C0146;2025-03-26;13;0,5;5.40;LIVREE;point_relais;
CMD000976;C0146;26/03/2025;16;1;8.50;livrée;Point_relais;
CMD000976;C0146;2025-03-26;24;1;5,60;Livrée;point_relais;
CMD000976;C0146;2025-03-26;27;1;3.40;LIVREE;point_relais;
CMD000976;C0146;2025-03-26;28;2;1,90;livrée;point_relais;
CMD000977;C0112;2025-03-26;1;0.5;4.20;LIVREE;domicile;
CMD000977;C0112;26/03/2025;25;3;4.90;LIVREE;Domicile;
CMD000978;C0070;2025-03-26;17;2;3,00;LIVREE;retrait_ferme;
CMD000978;C0070;2025-03-26;5;1;1.90;Livree;retrait_ferme;
CMD000978;C0070;2025-03-26;23;2;12.50;Livree;Retrait_ferme;
CMD000979;C0205;2025-03-26;24;2;5.60;Livree;Domicile;
CMD000979;C0205;2025-03-26;14;1.5;4.90;Livree;domicile;
CMD000980;C0031;26/03/2025;27;2;3.40;Livrée;domicile;
CMD000980;C0031;2025-03-26;33;1;4.20;livrée;domicile;
CMD000980;C0031;2025-03-26;11;2;3.20;Livree;domicile;
CMD000981;C0300;2025-03-26;15;1.5;5,80;Livrée;domicile;
CMD000981;C0300;2025-03-26;32;4;2.20;Livrée;domicile;
CMD000982;C0110;27-03-25;10;3;2.90;Livrée;domicile;
CMD000982;C0110;2025-03-27;29;0.2;28,00;Livrée;domicile;
CMD000982;C0110;27-03-25;12;2;3,50;LIVREE;domicile;
CMD000982;C0110;2025-03-27;33;2;4.20;Livrée;domicile;
CMD000983;C0080;2025-03-27;34;4;4.80;LIVREE;domicile;
CMD000983;C0080;2025-03-27;30;0,2;24.00;Livrée;domicile;
CMD000983;C0080;2025-03-27;33;3;4.20;Livrée;domicile;
CMD000984;C0137;2025-03-27;28;4;1.90;ANNULEE;domicile;client absent
CMD000985;C0154;2025-03-27;23;4;12,50;Livrée;domicile;
CMD000986;C0107;2025-03-27;37;1;3,10;livrée;domicile;
CMD000986;C0107;2025-03-27;32;3;2.20;Livrée;domicile;
CMD000987;C0098;2025-03-27;14;0.5;4.90;Livree;domicile;
CMD000987;C0098;2025-03-27;15;2;5,80;LIVREE;domicile;
CMD000988;C0930;2025-03-27;40;3;3.50;Livrée;domicile;
CMD000988;C0178;27/03/2025;17;2;3.00;Livrée;domicile;
CMD000988;C0178;2025-03-27;22;4;4.80;LIVREE;domicile;
CMD000989;C0022;2025-03-27;39;2;4.90;livrée;domicile;
CMD000989;C0022;2025-03-27;37;4;3.10;Livree;domicile;
CMD000990;C0165;2025-03-27;13;1.5;5.40;Livree;domicile;
CMD000990;C0165;2025-03-27;7;1.5;4.50;Livree;domicile;
CMD000991;C0027;2025-03-27;16;N/A;8.50;livrée;point_relais;
CMD000991;C0027;2025-03-27;6;3;1,40;livrée;point_relais;
CMD000992;C0207;2025-03-27;4;1;2.10;Livree;point_relais;
CMD000992;C0207;27/03/2025;2;3;2.80;Livree;point_relais;
CMD000993;C0105;27/03/2025;6;3;1.40;LIVREE;retrait_ferme;
CMD000993;C0105;2025-03-27;2;2;2,80;livrée;retrait_ferme;
CMD000993;C0105;2025-03-27;24;4;5.60;Livree;retrait_ferme;
CMD000994;C0288;28/03/2025;13;3;5.40;ANNULEE;domicile;météo
CMD000994;C0288;2025-03-28;18;1;4,20;annulée;domicile;météo
CMD000994;C0288;2025-03-28;23;1;12.50;annulee;domicile;météo
CMD000995;C0263;2025-03-28;4;1;2.10;Livree;retrait_ferme;
CMD000996;C0257;2025-03-28;33;2;4.20;livrée;point_relais;
CMD000996;C0257;28-03-25;13;3;5,40;LIVREE;point_relais;
CMD000996;C0257;2025-03-28;9;3;9,00;LIVREE;point_relais;
CMD000996;C0257;28-03-25;31;2;1,20;Livrée;point_relais;
CMD000996;C0257;2025-03-28;20;1;8,20;Livree;point_relais;
CMD000996;C0257;2025-03-28;20;1;8,20;Livree;point_relais;
CMD000997;C0276;28/03/2025;29;0.5;28.00;LIVREE;domicile;
CMD000998;C0151;2025-03-28;34;2;4.80;Livree;point_relais;
CMD000998;C0151;28-03-25;22;1;4.80;livrée;point_relais;
CMD000999;C0183;2025-03-28;6;1;1.40;Livrée;domicile;
CMD000999;C0183;2025-03-28;2;3;2.80;Livrée;domicile;
CMD000999;C0183;2025-03-28;36;1;5.20;LIVREE;domicile;
CMD001000;C0022;2025-03-28;16;1,5;8,50;livrée;retrait_ferme;
CMD001000;C0022;2025-03-28;37;1;3,10;livrée;retrait_ferme;
CMD001001;C0098;28/03/2025;28;1;1.90;ANNULEE;domicile;paiement refusé
CMD001001;C0098;2025-03-28;26;2;8.90;annulée;domicile;paiement refusé
CMD001002;C0107;28/03/2025;5;2;1.90;Livrée;Domicile;
CMD001002;C0107;2025-03-28;37;1;3.10;LIVREE;domicile;
CMD001003;C0032;2025-03-29;14;2;4,90;LIVREE;point_relais;
CMD001003;C0032;2025-03-29;36;1;5.20;livrée;point_relais;
CMD001003;C0032;29/03/2025;33;3;4.20;livrée;point_relais;
CMD001004;C0079;29/03/2025;21;1;9.90;livrée;point_relais;
CMD001004;C0079;29/03/2025;37;1;3.10;livrée;point_relais;
CMD001005;C0089;2025-03-29;13;1.5;5.40;Livrée;domicile;
CMD001005;C0089;2025-03-29;8;3;2.60;Livrée;domicile;
CMD001006;C0245;2025-03-29;27;2;3,40;LIVREE;domicile;
CMD001006;C0245;29/03/2025;19;2;7.50;Livrée;domicile;
CMD001006;C0245;29/03/2025;14;3;4,90;Livree;Domicile;
CMD001006;C0245;2025-03-29;26;3;8.90;LIVREE;domicile;
CMD001007;C0094;2025-03-29;2;3;2,80;LIVREE;domicile;
CMD001008;C0118;2025-03-29;8;1.5;2.60;livrée;domicile;
CMD001008;C0118;2025-03-29;26;3;8,90;livrée;domicile;
CMD001008;C0118;2025-03-29;5;2;1,90;Livree;domicile;
CMD001008;C0118;29-03-25;25;2;4.90;LIVREE;domicile;
CMD001009;C0103;2025-03-29;39;3;4.90;livrée;point_relais;
CMD001009;C0103;2025-03-29;25;1;4.90;livrée;point_relais;
CMD001010;C0270;2025-03-29;1;2;4,20;Livrée;domicile;
CMD001010;C0270;29/03/2025;11;3;3,20;livrée;domicile;
CMD001011;C0022;2025-03-29;33;2;4.20;livrée;domicile;
CMD001012;C0094;2025-03-29;15;1;5.80;livrée;point_relais;
CMD001013;C0282;2025-03-29;8;1.5;2.60;Livrée;domicile;
CMD001013;C0282;2025-03-29;4;3;2.10;Livree;domicile;
CMD001013;C0282;29-03-25;37;1;3.10;Livrée;domicile;
CMD001014;C0017;2025-03-29;16;3;8.50;Livrée;Domicile;
CMD001014;C0017;2025-03-29;16;3;8.50;Livrée;Domicile;
CMD001015;C0311;2025-03-29;25;4;4.90;Livrée;point_relais;
CMD001016;C0170;2025-03-30;13;3;5,40;livrée;domicile;
CMD001016;C0170;2025-03-30;9;2;9.00;Livrée;domicile;
CMD001016;C0170;2025-03-30;10;1;2.90;livrée;domicile;
CMD001017;C0054;30/03/2025;22;1;4.80;LIVREE;retrait_ferme;
CMD001018;C0207;30/03/2025;23;1;12,50;livrée;domicile;
CMD001018;C0207;2025-03-30;34;1;4,80;Livrée;domicile;
CMD001018;C0207;2025-03-30;37;1;3,10;livrée;domicile;
CMD001018;C0207;2025-03-30;19;3;7.50;livrée;domicile;
CMD001019;C0151;30/03/2025;31;2;1.20;ANNULEE;domicile;rupture de stock
CMD001019;C0151;2025-03-30;13;3;5.40;annulee;domicile;rupture de stock
CMD001020;C0070;2025-03-30;5;1.5;1.90;Livrée;point_relais;
CMD001021;C0133;2025-03-30;32;2;2.20;livrée;domicile;
CMD001021;C0133;2025-03-30;8;1;2.60;Livrée;domicile;
CMD001021;C0133;2025-03-30;33;2;4.20;LIVREE;Domicile;
CMD001021;C0133;2025-03-30;29;0.5;28.00;LIVREE;domicile;
CMD001022;C0245;30/03/2025;14;0.5;4.90;LIVREE;domicile;
CMD001023;C0106;2025-03-30;8;1;2.60;Livree;domicile;
CMD001023;C0106;2025-03-30;15;1;5.80;LIVREE;domicile;
CMD001023;C0106;30/03/2025;34;1;4.80;Livrée;domicile;
CMD001024;C0219;2025-03-30;32;1;2.20;LIVREE;retrait_ferme;
CMD001024;C0219;2025-03-30;30;0.2;24.00;livrée;retrait_ferme;
CMD001024;C0219;30-03-25;12;1.5;3.50;LIVREE;retrait_ferme;
CMD001025;C0082;30/03/2025;36;4;5.20;Livrée;domicile;
CMD001025;C0082;2025-03-30;40;1;3.50;Livree;Domicile;
CMD001026;C0075;2025-03-31;40;3;3,50;Livree;retrait_ferme;
CMD001027;C0004;2025-03-31;39;3;4,90;Livrée;domicile;
CMD001027;C0004;2025-03-31;28;2;1.90;livrée;domicile;
CMD001028;C0084;2025-03-31;8;2;2,60;LIVREE;domicile;
CMD001028;C0084;2025-03-31;12;3;3.50;Livrée;domicile;
CMD001028;C0084;31-03-25;37;4;3.10;Livrée;domicile;
CMD001029;C0021;2025-03-31;10;1,5;2.90;Livree;point_relais;
CMD001029;C0021;31/03/2025;33;4;4.20;Livree;point_relais;
CMD001030;C0065;2025-03-31;8;1,5;2.60;Annulée;domicile;paiement refusé
CMD001030;C0065;2025-03-31;35;4;3.90;annulee;domicile;paiement refusé
CMD001030;C0065;2025-03-31;6;3;1,40;ANNULEE;domicile;paiement refusé
CMD001030;C0065;2025-03-31;9;1.5;9.00;annulée;domicile;paiement refusé
CMD001030;C0065;2025-03-31;20;3;8.20;ANNULEE;domicile;paiement refusé
CMD001031;C0093;2025-03-31;17;2;3.00;livrée;point_relais;
CMD001031;C0093;2025-03-31;26;1;8.90;LIVREE;point_relais;
CMD001031;C0093;31-03-25;11;3;3.20;livrée;point_relais;
CMD001031;C0093;2025-03-31;35;2;3.90;LIVREE;point_relais;
CMD001031;C0093;2025-03-31;37;2;3.10;livrée;point_relais;
CMD001032;C0236;2025-03-31;35;1;3.90;Livree;retrait_ferme;
CMD001032;C0236;2025-03-31;5;1;1.90;Livree;Retrait_ferme;
CMD001032;C0236;31-03-25;7;1;4,50;LIVREE;retrait_ferme;
CMD001033;C0224;2025-03-31;15;2;5.80;livrée;domicile;
CMD001033;C0224;2025-03-31;11;3;3.20;LIVREE;domicile;
CMD001033;C0224;31/03/2025;24;2;5.60;Livree;domicile;
CMD001034;C0166;31/03/2025;9;1;9.00;livrée;point_relais;
CMD001034;C0166;31/03/2025;34;2;4,80;livrée;point_relais;
CMD001034;C0166;2025-03-31;31;1;1.20;livrée;point_relais;
CMD001034;C0166;2025-03-31;35;2;3.90;LIVREE;point_relais;
CMD001035;C0222;2025-03-31;20;1;8.20;Livrée;point_relais;
CMD001035;C0222;2025-03-31;22;1;4.80;LIVREE;point_relais;
CMD001036;C0279;2025-03-31;27;2;3,40;livrée;retrait_ferme;
CMD001036;C0279;2025-03-31;26;2;8.90;LIVREE;retrait_ferme;
CMD001037;C0078;2025-04-01;23;3;12,50;Livree;retrait_ferme;
CMD001037;C0078;2025-04-01;4;3;2.10;livrée;retrait_ferme;
CMD001037;C0078;2025-04-01;38;3;5.60;livrée;Retrait_ferme;
CMD001037;C0078;2025-04-01;20;1;8.20;livrée;retrait_ferme;
CMD001038;C0199;2025-04-01;30;0.5;24.00;Livrée;domicile;
CMD001039;C0199;2025-04-01;25;3;4.90;annulée;domicile;rupture de stock
CMD001039;C0199;2025-04-01;14;1.5;4.90;annulee;domicile;rupture de stock
CMD001039;C0199;2025-04-01;21;3;9.90;annulee;domicile;rupture de stock
CMD001040;C0306;2025-04-01;13;2;5.40;Livree;domicile;
CMD001040;C0306;2025-04-01;18;1;4.20;Livree;domicile;
CMD001040;C0306;2025-04-01;24;2;5,60;Livrée;domicile;
CMD001041;C0029;2025-04-01;34;2;4.80;LIVREE;domicile;
CMD001041;C0029;2025-04-01;23;1;12.50;LIVREE;domicile;
CMD001041;C0029;2025-04-01;17;2;3.00;livrée;domicile;
CMD001042;C0056;2025-04-01;4;1.5;2.10;LIVREE;point_relais;
CMD001042;C0056;01/04/2025;36;1;5,20;Livree;point_relais;
CMD001042;C0056;2025-04-01;1;0,5;4.20;Livrée;point_relais;
CMD001043;C0070;2025-04-01;30;0.2;24,00;ANNULEE;domicile;météo
CMD001044;C0211;2025-04-02;40;3;3,50;LIVREE;Domicile;
CMD001044;C0211;2025-04-02;7;0,5;4.50;LIVREE;domicile;
CMD001045;C0242;2025-04-02;2;1;2,80;Livree;domicile;
CMD001045;C0242;2025-04-02;9;1.5;9.00;Livree;domicile;
CMD001046;C0112;2025-04-02;10;0.5;2.90;Livree;point_relais;
CMD001047;C0291;02/04/2025;13;2;5.40;livrée;retrait_ferme;
CMD001048;C0151;2025-04-02;6;3;1.40;LIVREE;domicile;
CMD001048;C0151;2025-04-02;18;4;4,20;LIVREE;domicile;
CMD001049;C0157;2025-04-02;12;2;3.50;LIVREE;Point_relais;
CMD001049;C0157;2025-04-02;22;1;4.80;LIVREE;point_relais;
CMD001050;C0080;2025-04-02;36;1;5,20;LIVREE;point_relais;
CMD001051;C0208;03-04-25;35;2;3.90;Livrée;point_relais;
CMD001052;C0133;2025-04-03;24;4;5.60;livrée;Retrait_ferme;
CMD001052;C0133;2025-04-03;39;3;4.90;livrée;retrait_ferme;
CMD001052;C0133;03/04/2025;35;3;3.90;Livree;retrait_ferme;
CMD001052;C0133;2025-04-03;4;1;2.10;Livrée;retrait_ferme;
CMD001053;C0188;2025-04-03;7;0,5;4.50;livrée;domicile;
CMD001053;C0188;2025-04-03;32;2;2.20;livrée;domicile;
CMD001053;C0188;03/04/2025;38;1;5.60;Livrée;domicile;
CMD001054;C0207;2025-04-03;30;0.2;24.00;LIVREE;domicile;
CMD001054;C0207;2025-04-03;8;0,5;2.60;Livree;domicile;
CMD001054;C0207;2025-04-03;22;2;4.80;LIVREE;domicile;
CMD001055;C0002;2025-04-03;29;0,5;28.00;Livree;Domicile;
CMD001055;C0002;2025-04-03;6;2;1.40;Livrée;domicile;
CMD001055;C0002;03/04/2025;18;2;4.20;LIVREE;domicile;
CMD001055;C0002;2025-04-03;7;1;4.50;livrée;domicile;
CMD001055;C0002;2025-04-03;33;1;4.20;livrée;domicile;
CMD001056;C0205;2025-04-03;35;2;3.90;Livree;point_relais;
CMD001056;C0205;2025-04-03;37;4;3,10;livrée;point_relais;
CMD001056;C0205;2025-04-03;15;1;5.80;LIVREE;point_relais;
CMD001057;C0090;2025-04-03;6;2;1,40;livrée;point_relais;
CMD001057;C0090;2025-04-03;32;1;2.20;Livrée;point_relais;
CMD001058;C0076;2025-04-04;32;4;2.20;LIVREE;point_relais;
CMD001058;C0076;2025-04-04;35;2;3.90;LIVREE;point_relais;
CMD001058;C0076;2025-04-04;16;1;8,50;LIVREE;point_relais;
CMD001058;C0076;2025-04-04;30;0,2;24.00;Livrée;Point_relais;
CMD001059;C0309;2025-04-04;22;3;4.80;livrée;point_relais;
CMD001059;C0309;2025-04-04;10;3;2.90;livrée;point_relais;
CMD001059;C0309;2025-04-04;17;3;3.00;livrée;point_relais;
CMD001059;C0309;04/04/2025;9;1;9,00;livrée;point_relais;
CMD001060;C0250;2025-04-04;8;0.5;2.60;Livrée;retrait_ferme;
CMD001060;C0250;04/04/2025;19;N/A;7.50;Livree;retrait_ferme;
CMD001061;C0205;2025-04-04;38;4;5,60;livrée;domicile;
CMD001062;C0097;2025-04-04;2;1,5;2.80;Livrée;domicile;
CMD001063;C0003;2025-04-04;29;0.5;28.00;livrée;domicile;
CMD001064;C0279;2025-04-04;1;3;4.20;LIVREE;point_relais;
CMD001064;C0279;04-04-25;26;3;8.90;LIVREE;point_relais;
CMD001065;C0079;2025-04-04;29;0,2;28.00;livrée;domicile;
CMD001066;C0188;2025-04-05;26;4;8.90;Livree;retrait_ferme;
CMD001066;C0188;2025-04-05;17;1;3.00;livrée;retrait_ferme;
CMD001066;C0188;2025-04-05;16;1,5;8.50;Livrée;retrait_ferme;
CMD001066;C0188;2025-04-05;32;1;2.20;livrée;retrait_ferme;
CMD001067;C0270;2025-04-05;30;0,2;24.00;LIVREE;point_relais;
CMD001067;C0270;05/04/2025;32;1;2.20;livrée;point_relais;
CMD001068;C0083;2025-04-05;21;1;9.90;Livrée;point_relais;
CMD001069;C0010;2025-04-05;28;2;1.90;LIVREE;point_relais;
CMD001069;C0010;2025-04-05;22;1;4.80;Livree;point_relais;
CMD001069;C0010;2025-04-05;18;2;4.20;livrée;point_relais;
CMD001069;C0010;2025-04-05;27;2;3.40;LIVREE;point_relais;
CMD001069;C0010;2025-04-05;34;2;4.80;Livrée;point_relais;
CMD001070;C0283;05-04-25;27;1;3.40;Livree;point_relais;
CMD001070;C0283;2025-04-05;39;2;4.90;LIVREE;point_relais;
CMD001071;C0285;2025-04-05;18;2;4.20;livrée;point_relais;
CMD001071;C0285;2025-04-05;34;2;4.80;LIVREE;point_relais;
CMD001072;C0197;05/04/2025;28;1;1.90;LIVREE;retrait_ferme;
CMD001073;C0092;05/04/2025;15;3;5,80;Livree;domicile;
CMD001074;C0256;2025-04-05;10;3;2.90;LIVREE;point_relais;
CMD001074;C0256;2025-04-05;35;1;3.90;livrée;point_relais;
CMD001074;C0256;05-04-25;18;3;4.20;livrée;point_relais;
CMD001075;C0210;2025-04-05;26;1;8,90;LIVREE;point_relais;
CMD001075;C0210;05-04-25;16;1.5;8.50;Livree;point_relais;
CMD001075;C0210;2025-04-05;24;1;5,60;Livrée;Point_relais;
CMD001075;C0210;2025-04-05;17;1;3.00;livrée;point_relais;
CMD001076;C0019;2025-04-05;30;0.2;24,00;livrée;domicile;
CMD001076;C0019;2025-04-05;3;1.5;3.60;Livrée;domicile;
CMD001076;C0019;05/04/2025;27;1;3.40;livrée;domicile;
CMD001076;C0019;2025-04-05;10;1;2,90;Livree;domicile;
CMD001076;C0019;2025-04-05;39;N/A;4,90;LIVREE;domicile;
CMD001076;C0019;2025-04-05;39;N/A;4,90;LIVREE;domicile;
CMD001077;C0098;2025-04-05;39;1;4.90;Livrée;domicile;
CMD001077;C0098;2025-04-05;4;1.5;2,10;Livree;domicile;
CMD001077;C0098;2025-04-05;23;4;12,50;livrée;domicile;
CMD001078;C0076;2025-04-06;40;1;3.50;livrée;domicile;
CMD001078;C0076;2025-04-06;21;2;9,90;Livrée;domicile;
CMD001078;C0076;2025-04-06;13;3;5.40;livrée;domicile;
CMD001079;C0003;2025-04-06;4;3;2.10;Livrée;domicile;
CMD001080;C0016;2025-04-06;4;1,5;2.10;annulee;domicile;annulation client
CMD001081;C0273;2025-04-06;9;0.5;9.00;Livree;point_relais;
CMD001081;C0273;2025-04-06;39;0.5;4,90;LIVREE;point_relais;
CMD001082;C0137;2025-04-06;28;1;1.90;livrée;point_relais;
CMD001083;C0224;2025-04-06;1;3;4.20;livrée;retrait_ferme;
CMD001083;C0224;2025-04-06;18;2;4.20;Livrée;retrait_ferme;
CMD001083;C0224;2025-04-06;27;4;3.40;Livree;retrait_ferme;
CMD001084;C0124;2025-04-06;19;1;7,50;Livree;point_relais;
CMD001084;C0124;06/04/2025;12;0.5;3.50;Livree;point_relais;
CMD001084;C0124;2025-04-06;5;3;1.90;LIVREE;point_relais;
CMD001085;C0205;2025-04-06;6;3;1.40;LIVREE;domicile;
CMD001085;C0205;2025-04-06;29;0,2;28,00;Livrée;Domicile;
CMD001085;C0205;2025-04-06;11;3;3.20;Livree;domicile;
CMD001086;C0150;2025-04-06;27;2;3.40;Livree;point_relais;
CMD001086;C0150;2025-04-06;14;1,5;4,90;livrée;point_relais;
CMD001087;C0271;06/04/2025;38;2;5,60;Livrée;domicile;
CMD001087;C0271;2025-04-06;17;4;3,00;Livrée;domicile;
CMD001087;C0271;2025-04-06;14;1;4.90;Livrée;Domicile;
CMD001087;C0271;06/04/2025;28;2;1.90;LIVREE;domicile;
CMD001088;C0202;2025-04-06;19;1;7.50;livrée;domicile;
CMD001088;C0202;2025-04-06;29;0.2;28.00;livrée;domicile;
CMD001088;C0202;2025-04-06;29;0.2;28.00;livrée;domicile;
CMD001088;C0202;2025-04-06;23;1;12.50;livrée;domicile;
CMD001088;C0202;2025-04-06;21;2;9.90;livrée;domicile;
CMD001088;C0202;2025-04-06;3;1;3.60;LIVREE;domicile;
CMD001089;C0282;06/04/2025;29;0.2;28.00;Livree;domicile;
CMD001089;C0282;2025-04-06;32;3;2.20;livrée;domicile;
CMD001089;C0282;2025-04-06;10;1.5;2.90;Livrée;domicile;
CMD001089;C0282;2025-04-06;16;3;8.50;livrée;domicile;
CMD001089;C0282;2025-04-06;34;3;4,80;Livrée;domicile;
CMD001090;C0062;2025-04-06;15;1;5.80;LIVREE;domicile;
CMD001090;C0062;2025-04-06;27;1;3,40;LIVREE;domicile;
CMD001090;C0062;2025-04-06;38;1;5.60;livrée;domicile;
CMD001090;C0062;2025-04-06;8;3;2,60;Livree;domicile;
CMD001091;C0150;2025-04-06;5;0.5;1,90;Livree;retrait_ferme;
CMD001092;C0241;2025-04-07;13;0.5;5,40;LIVREE;domicile;
CMD001092;C0241;2025-04-07;30;0,2;24.00;livrée;domicile;
CMD001092;C0241;2025-04-07;10;0.5;2.90;LIVREE;domicile;
CMD001092;C0241;2025-04-07;8;1;2.60;LIVREE;domicile;
CMD001093;C0271;2025-04-07;3;3;3.60;livrée;retrait_ferme;
CMD001093;C0271;2025-04-07;38;3;5.60;LIVREE;retrait_ferme;
CMD001094;C0085;2025-04-07;9;1;9,00;Livree;retrait_ferme;
CMD001094;C0085;2025-04-07;7;2;4.50;livrée;retrait_ferme;
CMD001094;C0085;2025-04-07;14;1.5;4.90;Livrée;retrait_ferme;
CMD001094;C0085;2025-04-07;10;3;2.90;LIVREE;retrait_ferme;
CMD001094;C0085;2025-04-07;38;2;5.60;livrée;retrait_ferme;
CMD001095;C0028;2025-04-07;35;3;3.90;livrée;domicile;
CMD001096;C0112;2025-04-07;7;2;4,50;LIVREE;Domicile;
CMD001097;C0271;2025-04-07;26;2;8.90;LIVREE;domicile;
CMD001097;C0271;07/04/2025;33;3;4.20;LIVREE;domicile;
CMD001098;C0017;07/04/2025;26;2;8.90;Livrée;point_relais;
CMD001098;C0017;2025-04-07;18;1;4,20;Livree;point_relais;
CMD001098;C0017;2025-04-07;29;0.5;28,00;Livrée;point_relais;
CMD001098;C0017;2025-04-07;35;1;3.90;Livree;point_relais;
CMD001099;C0154;2025-04-07;5;0.5;1.90;livrée;retrait_ferme;
CMD001099;C0154;07/04/2025;36;3;5,20;livrée;retrait_ferme;
CMD001099;C0154;2025-04-07;33;2;4.20;Livree;retrait_ferme;
CMD001100;C0080;07/04/2025;1;0.5;4.20;Livree;point_relais;
CMD001101;C0151;07-04-25;7;0.5;4.50;Livrée;point_relais;
CMD001102;C0263;2025-04-07;26;1;8.90;Livree;domicile;
CMD001103;C0182;2025-04-08;23;1;12.50;Livrée;domicile;
CMD001104;C0199;2025-04-08;30;0.5;24.00;Livrée;domicile;
CMD001105;C0200;2025-04-08;15;1.5;5,80;Livree;retrait_ferme;
CMD001106;C0023;08/04/2025;38;4;5.60;livrée;point_relais;
CMD001106;C0023;2025-04-08;29;0.2;28.00;Livrée;point_relais;
CMD001106;C0023;2025-04-08;33;1;4.20;livrée;point_relais;
CMD001106;C0023;08-04-25;32;1;2.20;LIVREE;Point_relais;
CMD001106;C0023;2025-04-08;6;3;1.40;LIVREE;point_relais;
CMD001107;C0277;2025-04-08;1;1;4,20;Livrée;point_relais;
CMD001108;C0010;2025-04-08;13;1.5;5.40;Livrée;retrait_ferme;
CMD001108;C0010;2025-04-08;15;1;5.80;Livrée;retrait_ferme;
CMD001109;C0112;2025-04-08;5;1,5;1,90;Livrée;point_relais;
CMD001110;C0073;2025-04-08;16;2;8.50;Livrée;point_relais;
CMD001111;C0073;2025-04-09;32;4;2.20;Livrée;retrait_ferme;
CMD001112;C0162;2025-04-09;27;4;3.40;livrée;domicile;
CMD001112;C0162;09-04-25;19;1;7.50;livrée;domicile;
CMD001112;C0162;09/04/2025;36;2;5,20;LIVREE;Domicile;
CMD001113;C0061;2025-04-09;19;2;7.50;LIVREE;point_relais;
CMD001114;C0112;2025-04-09;36;2;5.20;livrée;Domicile;
CMD001114;C0112;2025-04-09;7;2;4.50;Livrée;domicile;
CMD001115;C0264;2025-04-09;15;3;5.80;livrée;point_relais;
CMD001116;C0274;09-04-25;13;2;5,40;LIVREE;point_relais;
CMD001116;C0274;2025-04-09;25;3;4.90;Livree;point_relais;
CMD001116;C0274;2025-04-09;33;1;4.20;livrée;point_relais;
CMD001116;C0274;2025-04-09;31;4;1.20;LIVREE;point_relais;
CMD001116;C0274;2025-04-09;24;4;5.60;Livrée;point_relais;
CMD001117;C0297;09/04/2025;9;0.5;9,00;Livrée;retrait_ferme;
CMD001117;C0297;2025-04-09;11;2;3.20;livrée;retrait_ferme;
CMD001117;C0297;2025-04-09;7;0.5;4.50;Livree;retrait_ferme;
CMD001117;C0297;2025-04-09;29;0,5;28.00;LIVREE;retrait_ferme;
CMD001117;C0297;2025-04-09;31;1;1.20;LIVREE;retrait_ferme;
CMD001118;C0217;2025-04-09;8;1;2.60;livrée;domicile;
CMD001118;C0217;2025-04-09;21;3;9.90;Livree;domicile;
CMD001118;C0217;2025-04-09;15;3;5.80;Livrée;domicile;
CMD001118;C0217;2025-04-09;29;0.2;28.00;Livrée;domicile;
CMD001118;C0217;09/04/2025;26;1;8,90;Livree;domicile;
CMD001119;C0138;09/04/2025;33;2;4,20;LIVREE;domicile;
CMD001119;C0138;2025-04-09;24;3;5,60;livrée;domicile;
CMD001120;C0282;2025-04-09;22;2;4.80;Livrée;domicile;
CMD001120;C0282;09/04/2025;38;1;5.60;LIVREE;domicile;
CMD001120;C0282;2025-04-09;8;1;2,60;Livree;domicile;
CMD001120;C0282;2025-04-09;8;1;2,60;Livree;domicile;
CMD001120;C0282;2025-04-09;35;4;3.90;livrée;domicile;
CMD001120;C0282;2025-04-09;32;1;2.20;Livree;domicile;
CMD001121;C0103;2025-04-10;36;2;5,20;LIVREE;point_relais;
CMD001121;C0103;2025-04-10;4;3;2.10;Livrée;point_relais;
CMD001121;C0103;10/04/2025;38;1;5.60;LIVREE;Point_relais;
CMD001122;C0188;2025-04-10;18;2;4.20;Livrée;domicile;
CMD001122;C0188;2025-04-10;2;1.5;2.80;Livree;domicile;
CMD001122;C0188;2025-04-10;31;4;1,20;Livrée;domicile;
CMD001122;C0188;2025-04-10;19;2;7.50;LIVREE;domicile;
CMD001123;C0217;2025-04-10;25;1;4,90;LIVREE;retrait_ferme;
CMD001123;C0217;10-04-25;6;2;1.40;Livree;retrait_ferme;
CMD001124;C0273;2025-04-10;40;3;3.50;LIVREE;domicile;
CMD001125;C0238;10/04/2025;15;2;5.80;livrée;domicile;
CMD001125;C0238;2025-04-10;1;0,5;4.20;Livrée;Domicile;
CMD001125;C0238;2025-04-10;1;0,5;4.20;Livrée;Domicile;
CMD001126;C0086;2025-04-10;33;4;4,20;Livrée;domicile;
CMD001126;C0086;2025-04-10;14;1.5;4.90;livrée;Domicile;
CMD001126;C0086;2025-04-10;11;1.5;3,20;livrée;Domicile;
CMD001127;C0949;2025-04-10;17;1;3.00;Livrée;point_relais;
CMD001127;C0133;2025-04-10;27;2;3,40;livrée;point_relais;
CMD001127;C0133;2025-04-10;40;2;3.50;Livrée;point_relais;
CMD001128;C0098;2025-04-10;32;4;2,20;annulée;domicile;rupture de stock
CMD001128;C0098;2025-04-10;13;1.5;5.40;annulée;domicile;rupture de stock
CMD001129;C0060;2025-04-10;4;2;2.10;Livree;domicile;
CMD001130;C0291;2025-04-10;22;1;4.80;livrée;domicile;
CMD001131;C0161;2025-04-10;36;1;5.20;livrée;domicile;
CMD001132;C0110;2025-04-10;40;3;3.50;LIVREE;Domicile;
CMD001132;C0110;2025-04-10;36;4;5,20;Livrée;domicile;
CMD001132;C0110;2025-04-10;35;4;3.90;LIVREE;domicile;
CMD001133;C0151;2025-04-10;4;1.5;2.10;livrée;domicile;
CMD001133;C0151;2025-04-10;31;1;1.20;Livrée;domicile;
CMD001134;C0094;2025-04-11;12;2;3.50;LIVREE;point_relais;
CMD001134;C0094;2025-04-11;30;0,2;24.00;Livree;Point_relais;
CMD001134;C0094;2025-04-11;23;1;12.50;Livrée;point_relais;
CMD001134;C0094;2025-04-11;21;4;9,90;Livree;point_relais;
CMD001134;C0094;2025-04-11;29;0.2;28.00;LIVREE;Point_relais;
CMD001135;C0205;11-04-25;4;0.5;2,10;Livrée;domicile;
CMD001136;C0166;2025-04-11;8;1,5;2,60;LIVREE;domicile;
CMD001136;C0166;2025-04-11;24;1;5,60;Livrée;domicile;
CMD001136;C0166;2025-04-11;39;1;4.90;Livrée;Domicile;
CMD001136;C0166;2025-04-11;12;2;3.50;Livree;domicile;
CMD001137;C0045;2025-04-11;8;2;2.60;LIVREE;point_relais;
CMD001137;C0045;2025-04-11;4;1,5;2.10;Livrée;point_relais;
CMD001137;C0045;2025-04-11;13;2;5,40;Livree;point_relais;
CMD001137;C0045;2025-04-11;7;3;4,50;LIVREE;point_relais;
CMD001137;C0045;2025-04-11;27;3;3,40;Livrée;Point_relais;
CMD001138;C0022;2025-04-11;13;2;5.40;Annulée;retrait_ferme;annulation client
CMD001138;C0022;2025-04-11;8;3;2.60;Annulée;retrait_ferme;annulation client
CMD001138;C0022;2025-04-11;16;1.5;8,50;ANNULEE;retrait_ferme;annulation client
CMD001138;C0022;2025-04-11;27;1;3.40;ANNULEE;retrait_ferme;annulation client
CMD001138;C0022;2025-04-11;29;0,5;28.00;ANNULEE;retrait_ferme;annulation client
CMD001139;C0105;11-04-25;19;2;7,50;livrée;domicile;
CMD001139;C0105;11/04/2025;31;2;1,20;Livrée;domicile;
CMD001140;C0075;2025-04-11;17;3;3,00;Livree;domicile;
CMD001140;C0075;2025-04-11;36;2;5,20;Livree;domicile;
CMD001141;C0052;2025-04-11;15;1.5;5.80;Livrée;point_relais;
CMD001141;C0052;11/04/2025;40;2;3.50;Livree;Point_relais;
CMD001141;C0052;2025-04-11;33;3;4.20;LIVREE;point_relais;
CMD001141;C0052;2025-04-11;25;2;4.90;Livree;point_relais;
CMD001142;C0203;11/04/2025;19;2;7,50;Livrée;domicile;
CMD001142;C0912;2025-04-11;21;1;9.90;LIVREE;domicile;
CMD001142;C0203;2025-04-11;28;4;1.90;Livree;domicile;
CMD001143;C0186;2025-04-11;19;1;7,50;Annulée;point_relais;client absent
CMD001143;C0186;2025-04-11;14;1;4.90;Annulée;Point_relais;client absent
CMD001143;C0186;11-04-25;22;4;4,80;annulee;point_relais;client absent
CMD001143;C0186;2025-04-11;13;3;5,40;annulee;Point_relais;client absent
CMD001144;C0085;2025-04-11;9;1;9,00;Livree;domicile;
CMD001144;C0085;11/04/2025;17;N/A;3.00;LIVREE;domicile;
CMD001144;C0085;2025-04-11;5;0.5;1,90;livrée;domicile;
CMD001144;C0085;11/04/2025;24;1;5,60;Livree;domicile;
CMD001144;C0085;11/04/2025;28;2;1.90;Livree;domicile;
CMD001145;C0091;2025-04-11;5;2;1,90;LIVREE;domicile;
CMD001146;C0245;2025-04-11;12;2;3,50;Livrée;domicile;
CMD001146;C0245;11/04/2025;14;2;4.90;livrée;domicile;
CMD001146;C0245;2025-04-11;39;1;4,90;LIVREE;domicile;
CMD001147;C0100;2025-04-12;13;1;5.40;Livrée;domicile;
CMD001147;C0100;2025-04-12;3;1.5;3.60;Livrée;domicile;
CMD001148;C0185;2025-04-12;6;4;1.40;LIVREE;domicile;
CMD001148;C0185;2025-04-12;16;N/A;8,50;LIVREE;domicile;
CMD001149;C0183;2025-04-12;31;2;1,20;annulée;domicile;client absent
CMD001149;C0183;2025-04-12;30;0,5;24.00;annulée;domicile;client absent
CMD001149;C0183;2025-04-12;15;1;5,80;annulée;domicile;client absent
CMD001149;C0183;12/04/2025;8;2;2,60;ANNULEE;domicile;client absent
CMD001150;C0126;2025-04-12;19;2;7.50;Livrée;point_relais;
CMD001151;C0076;2025-04-12;25;1;4,90;Livrée;domicile;
CMD001151;C0076;2025-04-12;20;4;8.20;Livree;domicile;
CMD001151;C0076;12/04/2025;14;2;4,90;Livrée;domicile;
CMD001151;C0076;2025-04-12;23;1;12.50;Livree;domicile;
CMD001151;C0076;2025-04-12;38;4;5.60;LIVREE;domicile;
CMD001152;C0178;12/04/2025;12;0.5;3.50;livrée;point_relais;
CMD001153;C0080;2025-04-12;22;1;4,80;Annulée;domicile;annulation client
CMD001153;C0080;2025-04-12;2;0,5;2.80;annulee;domicile;annulation client
CMD001154;C0045;12-04-25;40;3;3.50;livrée;retrait_ferme;
CMD001154;C0045;12/04/2025;1;1;4,20;Livree;retrait_ferme;
CMD001154;C0045;2025-04-12;12;0,5;3.50;Livree;retrait_ferme;
CMD001155;C0076;2025-04-12;24;2;5,60;Livrée;retrait_ferme;
CMD001155;C0076;12/04/2025;29;0.2;28.00;LIVREE;retrait_ferme;
CMD001155;C0076;2025-04-12;36;1;5,20;LIVREE;Retrait_ferme;
CMD001156;C0010;12/04/2025;6;1;1.40;Livree;Domicile;
CMD001156;C0010;2025-04-12;36;4;5,20;Livree;domicile;
CMD001156;C0010;2025-04-12;20;2;8.20;Livrée;domicile;
CMD001156;C0010;12-04-25;28;1;1,90;LIVREE;domicile;
CMD001157;C0098;12/04/2025;5;2;1.90;LIVREE;domicile;
CMD001157;C0098;12-04-25;4;2;2.10;LIVREE;Domicile;
CMD001158;C0104;2025-04-12;16;3;8,50;LIVREE;point_relais;
CMD001159;C0170;2025-04-12;33;1;4,20;Livree;domicile;
CMD001159;C0170;2025-04-12;31;3;1.20;livrée;domicile;
CMD001160;C0209;12-04-25;5;0.5;1.90;Livree;domicile;
CMD001160;C0209;2025-04-12;22;2;4.80;livrée;domicile;
CMD001160;C0209;2025-04-12;17;2;3.00;Livrée;domicile;
CMD001160;C0209;2025-04-12;39;2;4,90;Livree;domicile;
CMD001161;C0201;2025-04-13;23;4;12.50;annulée;domicile;paiement refusé
CMD001162;C0028;2025-04-13;36;4;5.20;Livree;domicile;
CMD001162;C0028;13/04/2025;39;0,5;4.90;Livrée;domicile;
CMD001162;C0028;2025-04-13;17;2;3.00;LIVREE;domicile;
CMD001163;C0097;2025-04-13;22;2;4.80;Livree;point_relais;
CMD001163;C0097;2025-04-13;20;1;8.20;Livrée;point_relais;
CMD001163;C0097;2025-04-13;40;2;3.50;livrée;point_relais;
CMD001164;C0093;2025-04-13;25;1;4.90;Livrée;domicile;
CMD001164;C0093;2025-04-13;11;2;3.20;LIVREE;domicile;
CMD001164;C0093;13-04-25;33;4;4,20;Livrée;domicile;
CMD001164;C0093;2025-04-13;21;4;9.90;Livree;domicile;
CMD001165;C0061;2025-04-13;27;4;3.40;Livree;point_relais;
CMD001166;C0079;2025-04-13;31;N/A;1.20;Livrée;domicile;
CMD001166;C0079;2025-04-13;5;3;1,90;Livree;domicile;
CMD001166;C0079;13/04/2025;1;1.5;4.20;Livree;domicile;
CMD001166;C0079;2025-04-13;8;1.5;2.60;Livree;domicile;
CMD001166;C0079;2025-04-13;21;2;9.90;LIVREE;domicile;
CMD001167;C0005;2025-04-13;18;4;4,20;Livrée;retrait_ferme;
CMD001167;C0005;2025-04-13;19;1;7.50;Livree;retrait_ferme;
CMD001168;C0270;2025-04-13;5;0.5;1.90;Livrée;retrait_ferme;
CMD001169;C0064;2025-04-13;3;0.5;3.60;Annulée;domicile;client absent
CMD001170;C0273;13/04/2025;1;3;4.20;Livrée;domicile;
CMD001170;C0273;2025-04-13;18;2;4,20;Livree;domicile;
CMD001170;C0273;2025-04-13;16;2;8.50;LIVREE;domicile;
CMD001170;C0273;2025-04-13;14;1.5;4.90;LIVREE;Domicile;
CMD001170;C0273;2025-04-13;17;2;3.00;LIVREE;domicile;
CMD001171;C0193;2025-04-13;30;0,5;24.00;livrée;domicile;
CMD001172;C0207;2025-04-13;19;2;7.50;Livrée;domicile;
CMD001172;C0207;13/04/2025;20;4;8,20;LIVREE;domicile;
CMD001172;C0207;2025-04-13;17;2;3.00;Livrée;domicile;
CMD001173;C0065;2025-04-13;25;2;4.90;livrée;domicile;
CMD001174;C0259;2025-04-13;36;1;5,20;livrée;retrait_ferme;
CMD001174;C0259;13/04/2025;26;2;8,90;Livree;retrait_ferme;
CMD001174;C0259;2025-04-13;22;4;4.80;LIVREE;retrait_ferme;
CMD001174;C0259;13-04-25;35;4;3,90;Livree;retrait_ferme;
CMD001175;C0285;2025-04-14;25;2;4.90;LIVREE;retrait_ferme;
CMD001175;C0285;2025-04-14;4;2;2.10;Livrée;retrait_ferme;
CMD001176;C0166;2025-04-14;23;1;12,50;Livrée;domicile;
CMD001177;C0201;14/04/2025;26;3;8.90;livrée;Domicile;
CMD001177;C0201;2025-04-14;14;1;4.90;Livree;domicile;
CMD001178;C0016;14/04/2025;16;1.5;8.50;livrée;point_relais;
CMD001178;C0016;2025-04-14;38;1;5.60;livrée;Point_relais;
CMD001179;C0097;14/04/2025;33;2;4,20;LIVREE;point_relais;
CMD001179;C0097;2025-04-14;39;3;4.90;Livrée;point_relais;
CMD001180;C0244;14/04/2025;7;0.5;4.50;Livree;retrait_ferme;
CMD001180;C0244;2025-04-14;11;0.5;3.20;LIVREE;retrait_ferme;
CMD001180;C0244;2025-04-14;30;0,2;24.00;livrée;retrait_ferme;
CMD001180;C0244;2025-04-14;38;2;5.60;LIVREE;retrait_ferme;
CMD001180;C0244;2025-04-14;26;4;8.90;LIVREE;retrait_ferme;
CMD001181;C0062;14/04/2025;39;3;4.90;Livree;domicile;
CMD001181;C0062;14/04/2025;7;1.5;4,50;Livrée;domicile;
CMD001181;C0062;2025-04-14;31;1;1,20;Livrée;domicile;
CMD001182;C0143;2025-04-14;24;2;5.60;livrée;Domicile;
CMD001182;C0143;2025-04-14;3;2;3.60;Livrée;domicile;
CMD001182;C0143;14/04/2025;9;1;9.00;Livree;domicile;
CMD001183;C0237;2025-04-14;6;3;1,40;LIVREE;domicile;
CMD001183;C0237;2025-04-14;5;1.5;1,90;livrée;domicile;
CMD001183;C0237;2025-04-14;24;2;5,60;LIVREE;domicile;
CMD001183;C0237;2025-04-14;15;1;5.80;Livree;domicile;
CMD001184;C0061;14/04/2025;26;4;8.90;Livree;point_relais;
CMD001184;C0061;14-04-25;15;1.5;5.80;Livree;Point_relais;
CMD001184;C0061;2025-04-14;7;2;4,50;livrée;point_relais;
CMD001184;C0061;2025-04-14;32;2;2,20;LIVREE;point_relais;
CMD001185;C0073;2025-04-14;24;2;5.60;livrée;point_relais;
CMD001185;C0073;14/04/2025;33;2;4.20;LIVREE;point_relais;
CMD001185;C0073;2025-04-14;16;2;8.50;LIVREE;point_relais;
CMD001185;C0073;2025-04-14;32;2;2,20;Livrée;Point_relais;
CMD001185;C0073;14/04/2025;19;4;7.50;LIVREE;Point_relais;
CMD001186;C0178;2025-04-15;26;2;8.90;annulée;domicile;rupture de stock
CMD001186;C0178;15/04/2025;18;3;4.20;annulee;domicile;rupture de stock
CMD001186;C0178;2025-04-15;4;3;2.10;annulée;domicile;rupture de stock
CMD001187;C0121;2025-04-15;28;1;1.90;Livree;domicile;
CMD001188;C0082;15/04/2025;6;2;1,40;Livree;point_relais;
CMD001188;C0082;2025-04-15;39;0.5;4.90;LIVREE;point_relais;
CMD001188;C0082;2025-04-15;33;2;4.20;livrée;point_relais;
CMD001189;C0064;2025-04-15;24;2;5.60;Livrée;domicile;
CMD001189;C0064;2025-04-15;11;1.5;3.20;livrée;domicile;
CMD001189;C0064;2025-04-15;16;0,5;8,50;Livree;domicile;
CMD001190;C0208;2025-04-15;8;1.5;2.60;Livrée;domicile;
CMD001190;C0208;2025-04-15;32;2;2.20;LIVREE;domicile;
CMD001191;C0054;2025-04-15;16;1.5;8.50;LIVREE;point_relais;
CMD001192;C0216;15-04-25;26;3;8.90;livrée;domicile;
CMD001192;C0216;2025-04-15;9;2;9,00;livrée;domicile;
CMD001193;C0093;2025-04-15;19;3;7.50;Livree;point_relais;
CMD001194;C0075;2025-04-15;36;2;5,20;LIVREE;domicile;
CMD001194;C0075;2025-04-15;35;1;3.90;Livrée;domicile;
CMD001194;C0075;2025-04-15;22;3;4.80;LIVREE;domicile;
CMD001195;C0079;2025-04-15;8;3;2,60;livrée;point_relais;
CMD001196;C0282;2025-04-15;1;3;4,20;Livree;domicile;
CMD001197;C0119;15/04/2025;21;1;9,90;LIVREE;point_relais;
CMD001197;C0119;2025-04-15;1;0.5;4.20;Livree;point_relais;
CMD001197;C0119;15-04-25;27;1;3.40;Livrée;point_relais;
CMD001198;C0094;2025-04-15;35;2;3,90;Livree;domicile;
CMD001199;C0080;2025-04-15;2;1;2,80;livrée;domicile;
CMD001199;C0080;15/04/2025;10;1.5;2,90;Livree;domicile;
CMD001199;C0080;2025-04-15;40;3;3.50;Livree;domicile;
CMD001200;C0286;16/04/2025;16;1,5;8.50;LIVREE;domicile;
CMD001200;C0286;2025-04-16;27;1;3.40;Livrée;domicile;
CMD001200;C0286;2025-04-16;5;3;1.90;Livrée;domicile;
CMD001201;C0154;2025-04-16;5;2;1.90;Livree;point_relais;
CMD001201;C0154;2025-04-16;28;1;1.90;LIVREE;point_relais;
CMD001201;C0154;2025-04-16;40;2;3.50;livrée;point_relais;
CMD001201;C0154;2025-04-16;1;3;4,20;Livree;point_relais;
CMD001202;C0256;2025-04-16;40;3;3.50;Livree;point_relais;
CMD001202;C0256;2025-04-16;13;1;5,40;Livrée;point_relais;
CMD001203;C0276;2025-04-16;28;1;1.90;livrée;domicile;
CMD001203;C0276;2025-04-16;16;1.5;8,50;Livree;domicile;
CMD001203;C0276;2025-04-16;20;2;8,20;Livree;domicile;
CMD001203;C0276;2025-04-16;15;1.5;5.80;Livree;domicile;
CMD001204;C0045;2025-04-16;17;2;3.00;livrée;domicile;
CMD001204;C0045;2025-04-16;15;3;5.80;LIVREE;domicile;
CMD001205;C0061;2025-04-16;31;1;1,20;Livree;domicile;
CMD001205;C0061;2025-04-16;9;2;9.00;Livrée;domicile;
CMD001206;C0154;2025-04-16;39;1.5;4.90;Livrée;point_relais;
CMD001206;C0973;2025-04-16;6;3;1.40;LIVREE;point_relais;
CMD001206;C0154;2025-04-16;27;2;3.40;LIVREE;point_relais;
CMD001206;C0154;2025-04-16;9;0.5;9.00;livrée;point_relais;
CMD001206;C0154;2025-04-16;4;3;2.10;Livrée;point_relais;
CMD001207;C0237;2025-04-16;6;2;1,40;LIVREE;point_relais;
CMD001207;C0237;2025-04-16;27;4;3.40;LIVREE;point_relais;
CMD001207;C0237;2025-04-16;27;4;3.40;LIVREE;point_relais;
CMD001207;C0237;16/04/2025;11;2;3.20;LIVREE;point_relais;
CMD001208;C0053;2025-04-16;26;3;8,90;Livrée;Domicile;
CMD001208;C0053;2025-04-16;7;1.5;4.50;Livrée;domicile;
CMD001209;C0138;2025-04-16;11;1;3.20;Livree;point_relais;
CMD001209;C0138;2025-04-16;16;0.5;8.50;Livree;point_relais;
CMD001209;C0138;16/04/2025;12;1.5;3.50;Livrée;point_relais;
CMD001209;C0138;2025-04-16;34;2;4.80;livrée;point_relais;
CMD001209;C0138;16/04/2025;9;1.5;9.00;LIVREE;point_relais;
CMD001210;C0183;2025-04-16;9;1.5;9.00;LIVREE;point_relais;
CMD001210;C0183;2025-04-16;20;2;8,20;Livrée;point_relais;
CMD001211;C0224;2025-04-17;16;3;8.50;livrée;Point_relais;
CMD001211;C0224;2025-04-17;9;0.5;9.00;Livree;point_relais;
CMD001212;C0274;17/04/2025;4;0.5;2.10;livrée;Domicile;
CMD001212;C0274;2025-04-17;25;1;4.90;LIVREE;domicile;
CMD001213;C0064;2025-04-17;15;2;5.80;Livrée;domicile;
CMD001214;C0079;2025-04-17;22;2;4.80;Livree;point_relais;
CMD001214;C0079;2025-04-17;31;2;1.20;livrée;Point_relais;
CMD001214;C0079;2025-04-17;6;2;1.40;LIVREE;point_relais;
CMD001214;C0079;2025-04-17;19;2;7,50;Livrée;point_relais;
CMD001214;C0079;2025-04-17;7;3;4.50;Livrée;point_relais;
CMD001215;C0201;2025-04-17;24;1;5.60;livrée;point_relais;
CMD001216;C0282;2025-04-17;16;1.5;8.50;Livree;point_relais;
CMD001216;C0282;2025-04-17;21;2;9.90;Livrée;point_relais;
CMD001216;C0282;2025-04-17;25;2;4.90;livrée;point_relais;
CMD001217;C0060;2025-04-17;29;0.2;28.00;Livrée;point_relais;
CMD001217;C0060;2025-04-17;1;0.5;4.20;Livree;point_relais;
CMD001218;C0258;18/04/2025;22;2;4,80;Livrée;Domicile;
CMD001218;C0258;2025-04-18;20;1;8,20;livrée;domicile;
CMD001218;C0258;2025-04-18;33;1;4,20;LIVREE;domicile;
CMD001218;C0258;18/04/2025;1;1,5;4.20;Livrée;domicile;
CMD001219;C0203;18/04/2025;17;2;3,00;ANNULEE;domicile;annulation client
CMD001219;C0203;2025-04-18;38;1;5.60;ANNULEE;domicile;annulation client
CMD001219;C0203;2025-04-18;22;2;4.80;annulée;domicile;annulation client
CMD001219;C0203;2025-04-18;20;3;8,20;ANNULEE;domicile;annulation client
CMD001220;C0032;2025-04-18;17;4;3.00;LIVREE;domicile;
CMD001220;C0032;18/04/2025;27;2;3.40;Livree;domicile;
CMD001221;C0117;2025-04-18;15;2;5.80;livrée;domicile;
CMD001221;C0117;18-04-25;16;0,5;8.50;livrée;domicile;
CMD001222;C0306;18/04/2025;13;1,5;5,40;Livrée;domicile;
CMD001222;C0306;2025-04-18;23;1;12.50;Livrée;domicile;
CMD001223;C0264;2025-04-18;23;4;12.50;Livrée;domicile;
CMD001224;C0271;2025-04-18;19;1;7.50;livrée;retrait_ferme;
CMD001224;C0271;18-04-25;38;3;5.60;livrée;retrait_ferme;
CMD001224;C0271;18/04/2025;24;2;5,60;LIVREE;retrait_ferme;
CMD001225;C0183;2025-04-18;20;1;8.20;livrée;retrait_ferme;
CMD001225;C0183;2025-04-18;30;0,2;24.00;Livrée;retrait_ferme;
CMD001225;C0183;18/04/2025;32;2;2,20;Livrée;retrait_ferme;
CMD001225;C0183;2025-04-18;8;1;2.60;Livree;retrait_ferme;
CMD001226;C0289;2025-04-18;39;3;4.90;livrée;domicile;
CMD001226;C0289;2025-04-18;40;2;3.50;Livree;domicile;
CMD001226;C0289;2025-04-18;26;2;8,90;LIVREE;domicile;
CMD001226;C0289;2025-04-18;16;0.5;8.50;LIVREE;domicile;
CMD001227;C0083;2025-04-18;1;1;4.20;annulee;domicile;annulation client
CMD001227;C0083;2025-04-18;5;1,5;1.90;annulee;domicile;annulation client
CMD001227;C0083;2025-04-18;12;3;3,50;Annulée;domicile;annulation client
CMD001228;C0079;2025-04-18;20;2;8,20;Livrée;point_relais;
CMD001228;C0079;18/04/2025;13;0.5;5,40;Livrée;point_relais;
CMD001229;C0099;2025-04-18;38;4;5,60;Livree;domicile;
CMD001229;C0099;2025-04-18;32;2;2.20;Livree;domicile;
CMD001230;C0105;2025-04-18;24;3;5,60;Livrée;retrait_ferme;
CMD001231;C0132;2025-04-18;13;0.5;5,40;Livrée;domicile;
CMD001232;C0037;2025-04-19;7;0.5;4.50;Livrée;point_relais;
CMD001232;C0037;2025-04-19;40;3;3,50;Livrée;point_relais;
CMD001233;C0060;2025-04-19;2;1.5;2.80;livrée;domicile;
CMD001233;C0060;19/04/2025;24;1;5,60;LIVREE;domicile;
CMD001233;C0060;2025-04-19;27;3;3.40;livrée;domicile;
CMD001233;C0060;2025-04-19;19;1;7.50;livrée;domicile;
CMD001234;C0236;2025-04-19;28;4;1.90;Livrée;domicile;
CMD001234;C0236;19/04/2025;30;0.5;24.00;Livrée;domicile;
CMD001234;C0236;2025-04-19;35;3;3,90;Livrée;domicile;
CMD001234;C0236;2025-04-19;25;2;4.90;Livrée;domicile;
CMD001234;C0236;19/04/2025;1;3;4.20;LIVREE;domicile;
CMD001235;C0048;2025-04-19;27;2;3.40;LIVREE;domicile;
CMD001236;C0092;2025-04-19;38;2;5.60;livrée;point_relais;
CMD001236;C0092;2025-04-19;33;3;4,20;LIVREE;Point_relais;
CMD001237;C0250;2025-04-19;10;2;2,90;livrée;point_relais;
CMD001238;C0150;2025-04-19;39;2;4,90;Livrée;point_relais;
CMD001238;C0150;2025-04-19;30;0.2;24.00;Livree;Point_relais;
CMD001239;C0121;2025-04-19;7;3;4.50;LIVREE;retrait_ferme;
CMD001239;C0121;19/04/2025;6;1;1.40;Livrée;retrait_ferme;
CMD001240;C0207;2025-04-19;26;4;8.90;Livree;domicile;
CMD001241;C0258;2025-04-19;40;1;3.50;LIVREE;domicile;
CMD001242;C0183;2025-04-19;20;2;8.20;Livrée;domicile;
CMD001242;C0183;2025-04-19;26;2;8.90;Livrée;domicile;
CMD001243;C0031;19/04/2025;14;0.5;4.90;Livrée;domicile;
CMD001243;C0031;2025-04-19;28;1;1,90;Livrée;domicile;
CMD001243;C0031;2025-04-19;4;0.5;2,10;Livree;domicile;
CMD001243;C0031;2025-04-19;37;2;3,10;Livrée;domicile;
CMD001244;C0060;2025-04-19;38;2;5,60;LIVREE;domicile;
CMD001244;C0060;2025-04-19;23;1;12.50;Livrée;domicile;
CMD001244;C0060;2025-04-19;2;2;2.80;Livrée;domicile;
CMD001244;C0060;2025-04-19;5;3;1.90;livrée;domicile;
CMD001245;C0090;2025-04-19;11;1,5;3,20;LIVREE;domicile;
CMD001245;C0090;2025-04-19;1;2;4.20;Livree;domicile;
CMD001246;C0254;2025-04-19;33;2;4.20;Livrée;domicile;
CMD001246;C0254;2025-04-19;34;1;4,80;livrée;domicile;
CMD001247;C0150;19/04/2025;15;1;5.80;livrée;point_relais;
CMD001248;C0309;2025-04-20;38;1;5.60;livrée;point_relais;
CMD001248;C0309;20-04-25;10;1,5;2.90;LIVREE;point_relais;
CMD001249;C0242;2025-04-20;17;1;3.00;LIVREE;point_relais;
CMD001249;C0242;20/04/2025;37;2;3.10;Livrée;point_relais;
CMD001250;C0237;2025-04-20;1;2;4.20;LIVREE;retrait_ferme;
CMD001251;C0245;2025-04-20;40;1;3.50;LIVREE;point_relais;
CMD001251;C0245;2025-04-20;15;3;5.80;Livree;point_relais;
CMD001252;C0185;2025-04-20;26;4;8.90;LIVREE;domicile;
CMD001252;C0185;2025-04-20;28;2;1,90;Livree;domicile;
CMD001252;C0185;2025-04-20;15;1,5;5.80;livrée;domicile;
CMD001253;C0110;2025-04-20;25;1;4.90;Livree;domicile;
CMD001253;C0110;2025-04-20;11;3;3,20;Livrée;domicile;
CMD001253;C0110;2025-04-20;9;1.5;9.00;LIVREE;domicile;
CMD001254;C0185;20/04/2025;24;3;5.60;livrée;domicile;
CMD001255;C0211;2025-04-20;6;2;1.40;Livree;retrait_ferme;
CMD001255;C0211;20-04-25;13;3;5,40;Livrée;retrait_ferme;
CMD001255;C0211;2025-04-20;3;3;3.60;LIVREE;retrait_ferme;
CMD001256;C0031;2025-04-20;17;4;3.00;livrée;domicile;
CMD001256;C0031;20/04/2025;13;1;5.40;Livrée;domicile;
CMD001256;C0031;2025-04-20;37;3;3,10;livrée;domicile;
CMD001257;C0032;2025-04-20;12;1.5;3,50;livrée;Retrait_ferme;
CMD001257;C0032;2025-04-20;1;3;4,20;livrée;retrait_ferme;
CMD001257;C0032;20-04-25;17;3;3.00;Livree;retrait_ferme;
CMD001257;C0032;2025-04-20;21;2;9.90;Livrée;retrait_ferme;
CMD001258;C0120;2025-04-20;8;1;2.60;Livrée;domicile;
CMD001258;C0120;2025-04-20;24;4;5.60;Livree;domicile;
CMD001258;C0120;20/04/2025;25;3;4.90;Livrée;domicile;
CMD001259;C0242;2025-04-20;30;0,5;24.00;Livrée;point_relais;
CMD001259;C0242;2025-04-20;23;4;12,50;LIVREE;point_relais;
CMD001259;C0242;2025-04-20;20;1;8,20;LIVREE;point_relais;
CMD001260;C0046;21/04/2025;12;1;3,50;livrée;domicile;
CMD001261;C0287;2025-04-21;37;3;3.10;ANNULEE;point_relais;client absent
CMD001262;C0080;2025-04-21;12;1,5;3,50;livrée;point_relais;
CMD001262;C0080;2025-04-21;29;0,2;28.00;livrée;point_relais;
CMD001262;C0080;2025-04-21;10;0.5;2.90;Livree;point_relais;
CMD001263;C0042;2025-04-21;5;1.5;1.90;Livree;domicile;
CMD001263;C0042;2025-04-21;24;3;5,60;LIVREE;domicile;
CMD001264;C0188;2025-04-21;30;0.5;24.00;Livree;point_relais;
CMD001264;C0188;2025-04-21;9;3;9.00;Livrée;point_relais;
CMD001264;C0188;2025-04-21;31;2;1.20;Livrée;point_relais;
CMD001264;C0188;2025-04-21;8;2;2.60;livrée;point_relais;
CMD001264;C0188;2025-04-21;28;2;1.90;Livree;point_relais;
CMD001265;C0040;2025-04-21;38;1;5,60;Annulée;domicile;client absent
CMD001265;C0040;2025-04-21;23;1;12,50;Annulée;domicile;client absent
CMD001265;C0040;2025-04-21;35;1;3,90;ANNULEE;domicile;client absent
CMD001265;C0040;2025-04-21;20;1;8.20;annulée;domicile;client absent
CMD001265;C0040;21-04-25;30;0.5;24,00;Annulée;Domicile;client absent
CMD001266;C0103;2025-04-21;3;2;3.60;Livree;point_relais;
CMD001267;C0112;2025-04-21;15;1.5;5.80;LIVREE;point_relais;
CMD001267;C0112;2025-04-21;33;1;4.20;livrée;point_relais;
CMD001267;C0112;2025-04-21;10;2;2.90;Livrée;point_relais;
CMD001267;C0112;2025-04-21;13;0.5;5.40;livrée;point_relais;
CMD001268;C0097;2025-04-22;39;3;4.90;livrée;point_relais;
CMD001268;C0097;2025-04-22;14;0,5;4.90;livrée;point_relais;
CMD001269;C0031;2025-04-22;20;1;8.20;Livree;point_relais;
CMD001270;C0006;2025-04-22;21;2;9.90;Annulée;domicile;client absent
CMD001270;C0006;2025-04-22;25;4;4.90;annulee;domicile;client absent
CMD001270;C0006;2025-04-22;15;0.5;5,80;annulée;domicile;client absent
CMD001270;C0006;2025-04-22;7;1;4.50;annulee;domicile;client absent
CMD001270;C0006;2025-04-22;35;1;3.90;annulée;domicile;client absent
CMD001271;C0045;2025-04-22;12;1.5;3.50;LIVREE;retrait_ferme;
CMD001271;C0045;2025-04-22;21;1;9,90;Livrée;retrait_ferme;
CMD001271;C0045;2025-04-22;4;0,5;2.10;livrée;retrait_ferme;
CMD001271;C0045;22-04-25;5;3;1,90;LIVREE;retrait_ferme;
CMD001271;C0045;2025-04-22;32;2;2.20;LIVREE;retrait_ferme;
CMD001272;C0080;2025-04-22;12;1,5;3,50;Livrée;domicile;
CMD001272;C0080;2025-04-22;6;4;1.40;Livrée;domicile;
CMD001273;C0159;2025-04-22;26;1;8.90;Livree;point_relais;
CMD001274;C0076;22/04/2025;30;0.5;24,00;Livrée;domicile;
CMD001274;C0076;2025-04-22;37;4;3.10;Livrée;domicile;
CMD001274;C0076;2025-04-22;37;4;3.10;Livrée;domicile;
CMD001275;C0309;2025-04-22;18;4;4.20;Livrée;retrait_ferme;
CMD001275;C0309;2025-04-22;15;1.5;5.80;Livrée;retrait_ferme;
CMD001275;C0309;2025-04-22;35;2;3.90;Livrée;retrait_ferme;
CMD001276;C0031;2025-04-22;5;2;1,90;Livree;point_relais;
CMD001276;C0031;2025-04-22;13;1;5.40;livrée;point_relais;
CMD001276;C0031;2025-04-22;35;1;3.90;livrée;point_relais;
CMD001277;C0301;2025-04-22;11;1.5;3,20;LIVREE;point_relais;
CMD001278;C0183;2025-04-22;20;2;8.20;Livree;point_relais;
CMD001278;C0183;2025-04-22;6;1;1.40;Livree;point_relais;
CMD001278;C0183;2025-04-22;7;3;4,50;LIVREE;point_relais;
CMD001279;C0075;2025-04-23;11;1.5;3.20;livrée;domicile;
CMD001279;C0075;2025-04-23;34;1;4.80;Livree;domicile;
CMD001279;C0075;2025-04-23;4;3;2.10;Livree;domicile;
CMD001279;C0075;2025-04-23;12;3;3,50;Livree;domicile;
CMD001280;C0242;2025-04-23;16;1.5;8,50;LIVREE;point_relais;
CMD001280;C0242;2025-04-23;2;0.5;2.80;Livrée;point_relais;
CMD001280;C0242;23/04/2025;21;3;9.90;livrée;point_relais;
CMD001280;C0242;23/04/2025;21;3;9.90;livrée;point_relais;
CMD001281;C0133;23/04/2025;8;1;2.60;Annulée;domicile;paiement refusé
CMD001281;C0133;2025-04-23;25;2;4.90;annulee;domicile;paiement refusé
CMD001281;C0133;23/04/2025;31;1;1,20;ANNULEE;domicile;paiement refusé
CMD001281;C0133;2025-04-23;14;0.5;4.90;annulée;domicile;paiement refusé
CMD001282;C0079;2025-04-23;6;2;1.40;Livrée;Domicile;
CMD001282;C0079;2025-04-23;8;3;2.60;Livree;domicile;
CMD001282;C0079;2025-04-23;19;1;7.50;Livree;domicile;
CMD001282;C0079;2025-04-23;2;2;2.80;livrée;domicile;
CMD001283;C0148;2025-04-23;21;3;9.90;LIVREE;domicile;
CMD001283;C0148;2025-04-23;26;1;8.90;LIVREE;domicile;
CMD001284;C0065;2025-04-23;29;0,5;28,00;Livrée;point_relais;
CMD001284;C0065;2025-04-23;30;0,5;24.00;LIVREE;point_relais;
CMD001285;C0265;2025-04-23;4;2;2,10;Annulée;domicile;rupture de stock
CMD001285;C0265;2025-04-23;30;0.2;24.00;annulee;domicile;rupture de stock
CMD001285;C0265;2025-04-23;26;4;8,90;ANNULEE;domicile;rupture de stock
CMD001286;C0014;24/04/2025;12;1,5;3.50;Livree;domicile;
CMD001286;C0014;2025-04-24;21;3;9.90;Livree;domicile;
CMD001287;C0104;24/04/2025;24;2;5.60;LIVREE;domicile;
CMD001287;C0104;2025-04-24;34;1;4,80;Livrée;domicile;
CMD001287;C0104;24/04/2025;29;0.2;28.00;LIVREE;domicile;
CMD001287;C0104;2025-04-24;2;0.5;2.80;Livrée;domicile;
CMD001288;C0044;2025-04-24;15;2;5.80;LIVREE;Retrait_ferme;
CMD001288;C0044;2025-04-24;6;3;1,40;Livree;retrait_ferme;
CMD001288;C0044;2025-04-24;29;0.2;28.00;Livrée;Retrait_ferme;
CMD001288;C0044;24-04-25;26;1;8,90;LIVREE;retrait_ferme;
CMD001289;C0032;2025-04-24;9;1,5;9.00;Livrée;point_relais;
CMD001290;C0276;24/04/2025;28;2;1.90;livrée;domicile;
CMD001290;C0276;2025-04-24;12;3;3,50;livrée;Domicile;
CMD001290;C0276;2025-04-24;3;1.5;3.60;livrée;domicile;
CMD001290;C0276;24-04-25;19;1;7,50;Livrée;domicile;
CMD001290;C0276;2025-04-24;20;3;8.20;LIVREE;domicile;
CMD001291;C0151;2025-04-24;14;2;4.90;Livree;domicile;
CMD001291;C0151;2025-04-24;6;1;1.40;Livrée;domicile;
CMD001292;C0018;2025-04-24;17;1;3.00;Livree;point_relais;
CMD001292;C0018;24-04-25;38;2;5.60;LIVREE;point_relais;
CMD001292;C0018;2025-04-24;9;3;9,00;livrée;point_relais;
CMD001293;C0271;2025-04-24;29;0.2;28.00;Livrée;domicile;
CMD001293;C0271;2025-04-24;9;2;9.00;Livrée;Domicile;
CMD001293;C0271;2025-04-24;1;3;4.20;livrée;domicile;
CMD001294;C0208;2025-04-25;19;2;7.50;LIVREE;Domicile;
CMD001295;C0120;2025-04-25;29;0,2;28,00;Livrée;point_relais;
CMD001295;C0120;2025-04-25;9;2;9.00;LIVREE;point_relais;
CMD001295;C0120;2025-04-25;1;1;4.20;Livree;point_relais;
CMD001296;C0110;25/04/2025;8;1,5;2.60;LIVREE;Point_relais;
CMD001296;C0110;2025-04-25;15;3;5.80;livrée;point_relais;
CMD001296;C0110;2025-04-25;11;1;3.20;livrée;point_relais;
CMD001297;C0273;2025-04-25;6;3;1.40;livrée;domicile;
CMD001298;C0259;25/04/2025;29;0.2;28.00;livrée;point_relais;
CMD001299;C0178;2025-04-25;40;1;3.50;Annulée;domicile;météo
CMD001299;C0178;25/04/2025;25;2;4,90;Annulée;domicile;météo
CMD001299;C0178;2025-04-25;36;4;5.20;ANNULEE;domicile;météo
CMD001300;C0094;25-04-25;33;4;4,20;Livrée;domicile;
CMD001300;C0094;25/04/2025;31;2;1,20;LIVREE;domicile;
CMD001300;C0094;2025-04-25;27;2;3.40;LIVREE;domicile;
CMD001300;C0094;25-04-25;25;1;4.90;Livree;domicile;
CMD001300;C0094;2025-04-25;17;3;3,00;Livree;domicile;
CMD001301;C0199;25/04/2025;17;2;3.00;LIVREE;domicile;
CMD001301;C0199;2025-04-25;15;0.5;5.80;LIVREE;domicile;
CMD001301;C0199;25/04/2025;37;3;3,10;LIVREE;domicile;
CMD001301;C0199;25/04/2025;25;3;4.90;LIVREE;domicile;
CMD001302;C0270;2025-04-25;24;3;5,60;LIVREE;domicile;
CMD001302;C0270;25/04/2025;26;3;8,90;livrée;domicile;
CMD001303;C0216;2025-04-26;29;0.2;28.00;Livree;point_relais;
CMD001303;C0216;2025-04-26;30;0.5;24,00;Livree;Point_relais;
CMD001303;C0216;2025-04-26;22;3;4.80;Livree;point_relais;
CMD001304;C0031;2025-04-26;30;0.5;24.00;livrée;domicile;
CMD001304;C0031;2025-04-26;8;3;2.60;LIVREE;domicile;
CMD001304;C0031;26/04/2025;38;4;5.60;LIVREE;domicile;
CMD001304;C0031;26-04-25;24;4;5.60;LIVREE;domicile;
CMD001304;C0031;2025-04-26;27;2;3,40;livrée;domicile;
CMD001305;C0225;2025-04-26;12;1.5;3.50;livrée;retrait_ferme;
CMD001305;C0225;2025-04-26;23;1;12.50;Livree;retrait_ferme;
CMD001305;C0225;2025-04-26;23;1;12.50;Livree;retrait_ferme;
CMD001305;C0225;2025-04-26;34;3;4.80;Livrée;retrait_ferme;
CMD001305;C0225;2025-04-26;40;4;3.50;livrée;retrait_ferme;
CMD001305;C0225;2025-04-26;19;4;7,50;livrée;retrait_ferme;
CMD001306;C0037;2025-04-26;11;0.5;3,20;Livrée;retrait_ferme;
CMD001307;C0172;2025-04-26;29;0.5;28.00;livrée;domicile;
CMD001307;C0172;2025-04-26;4;3;2,10;Livree;domicile;
CMD001308;C0098;2025-04-26;6;2;1.40;Livrée;retrait_ferme;
CMD001308;C0098;2025-04-26;40;2;3.50;livrée;retrait_ferme;
CMD001309;C0245;2025-04-26;5;3;1,90;LIVREE;point_relais;
CMD001309;C0245;26/04/2025;14;3;4.90;livrée;point_relais;
CMD001309;C0245;2025-04-26;11;0.5;3.20;livrée;point_relais;
CMD001310;C0082;26/04/2025;20;3;8.20;livrée;domicile;
CMD001310;C0082;2025-04-26;25;1;4.90;livrée;domicile;
CMD001310;C0082;2025-04-26;32;3;2.20;Livree;domicile;
CMD001310;C0082;26/04/2025;38;2;5,60;LIVREE;domicile;
CMD001311;C0037;2025-04-26;31;1;1.20;LIVREE;point_relais;
CMD001311;C0037;2025-04-26;31;1;1.20;LIVREE;point_relais;
CMD001311;C0037;2025-04-26;13;3;5,40;LIVREE;point_relais;
CMD001311;C0037;2025-04-26;14;1.5;4,90;Livree;point_relais;
CMD001312;C0120;2025-04-26;37;1;3,10;livrée;point_relais;
CMD001312;C0120;2025-04-26;13;2;5,40;Livree;point_relais;
CMD001313;C0124;2025-04-26;18;3;4.20;livrée;point_relais;
CMD001313;C0124;2025-04-26;37;2;3.10;Livree;point_relais;
CMD001313;C0124;2025-04-26;14;1.5;4.90;LIVREE;Point_relais;
CMD001313;C0124;26/04/2025;11;3;3.20;LIVREE;point_relais;
CMD001313;C0124;2025-04-26;40;2;3.50;Livree;Point_relais;
CMD001314;C0032;2025-04-26;30;0.2;24.00;Livrée;point_relais;
CMD001314;C0032;2025-04-26;33;4;4.20;livrée;point_relais;
CMD001314;C0032;2025-04-26;3;3;3.60;Livree;point_relais;
CMD001315;C0182;2025-04-26;7;1;4,50;livrée;point_relais;
CMD001316;C0224;26/04/2025;24;2;5.60;livrée;Retrait_ferme;
CMD001316;C0224;2025-04-26;7;0.5;4.50;Livree;retrait_ferme;
CMD001316;C0224;2025-04-26;1;0.5;4.20;Livree;retrait_ferme;
CMD001316;C0224;2025-04-26;30;0,5;24.00;livrée;retrait_ferme;
CMD001317;C0002;2025-04-26;31;2;1.20;Livrée;point_relais;
CMD001317;C0002;2025-04-26;7;2;4.50;Livree;point_relais;
CMD001317;C0002;2025-04-26;25;2;4.90;LIVREE;point_relais;
CMD001318;C0158;2025-04-27;28;4;1.90;livrée;retrait_ferme;
CMD001318;C0158;2025-04-27;28;4;1.90;livrée;retrait_ferme;
CMD001319;C0023;2025-04-27;32;1;2.20;Livrée;domicile;
CMD001319;C0023;2025-04-27;20;2;8.20;Livree;domicile;
CMD001320;C0191;2025-04-27;5;1;1.90;livrée;domicile;
CMD001320;C0191;27-04-25;36;1;5.20;LIVREE;domicile;
CMD001320;C0191;2025-04-27;21;1;9.90;Livree;domicile;
CMD001321;C0165;27/04/2025;10;1;2.90;Livree;Retrait_ferme;
CMD001322;C0036;2025-04-27;7;2;4.50;Livrée;point_relais;
CMD001322;C0036;2025-04-27;23;1;12.50;livrée;point_relais;
CMD001322;C0036;2025-04-27;1;0.5;4.20;Livree;point_relais;
CMD001323;C0273;2025-04-27;38;1;5.60;Livrée;point_relais;
CMD001323;C0273;27/04/2025;22;2;4.80;LIVREE;point_relais;
CMD001324;C0108;2025-04-27;33;2;4.20;LIVREE;point_relais;
CMD001324;C0108;27/04/2025;22;1;4.80;LIVREE;Point_relais;
CMD001325;C0079;2025-04-27;16;2;8.50;LIVREE;domicile;
CMD001326;C0099;2025-04-27;17;2;3.00;LIVREE;retrait_ferme;
CMD001326;C0099;2025-04-27;36;1;5.20;LIVREE;retrait_ferme;
CMD001327;C0089;2025-04-27;11;1.5;3,20;Annulée;domicile;client absent
CMD001328;C0279;2025-04-27;23;N/A;12,50;livrée;domicile;
CMD001328;C0279;2025-04-27;9;3;9.00;Livree;domicile;
CMD001328;C0279;27-04-25;8;2;2.60;livrée;domicile;
CMD001328;C0279;27-04-25;4;1,5;2.10;LIVREE;domicile;
CMD001329;C0132;27/04/2025;33;3;4.20;livrée;domicile;
CMD001329;C0132;2025-04-27;2;1.5;2.80;Livree;domicile;
CMD001330;C0163;27/04/2025;28;2;1.90;LIVREE;domicile;
CMD001330;C0163;2025-04-27;18;2;4,20;Livrée;domicile;
CMD001331;C0254;2025-04-28;1;2;4.20;Livrée;point_relais;
CMD001331;C0254;2025-04-28;25;3;4,90;livrée;point_relais;
CMD001331;C0254;2025-04-28;18;3;4.20;LIVREE;point_relais;
CMD001331;C0254;2025-04-28;32;2;2,20;livrée;point_relais;
CMD001332;C0084;28/04/2025;12;3;3,50;livrée;retrait_ferme;
CMD001332;C0084;2025-04-28;35;4;3,90;LIVREE;retrait_ferme;
CMD001332;C0084;2025-04-28;31;2;1.20;livrée;Retrait_ferme;
CMD001332;C0084;2025-04-28;4;1.5;2.10;Livrée;retrait_ferme;
CMD001333;C0065;2025-04-28;7;3;4.50;Livree;retrait_ferme;
CMD001333;C0065;28/04/2025;30;0,5;24,00;Livrée;retrait_ferme;
CMD001333;C0065;2025-04-28;19;3;7.50;Livrée;retrait_ferme;
CMD001334;C0137;2025-04-28;22;3;4.80;Livrée;Point_relais;
CMD001334;C0137;2025-04-28;27;3;3.40;Livrée;point_relais;
CMD001335;C0178;28-04-25;3;2;3.60;Livrée;point_relais;
CMD001335;C0178;2025-04-28;5;1.5;1.90;Livrée;point_relais;
CMD001335;C0178;2025-04-28;35;1;3.90;LIVREE;point_relais;
CMD001336;C0183;2025-04-28;22;1;4,80;Livrée;domicile;
CMD001337;C0023;2025-04-28;24;2;5.60;livrée;retrait_ferme;
CMD001338;C0259;2025-04-28;40;3;3.50;Livrée;domicile;
CMD001338;C0259;28/04/2025;37;1;3.10;LIVREE;domicile;
CMD001339;C0098;2025-04-28;28;2;1.90;Livree;domicile;
CMD001339;C0098;2025-04-28;13;0.5;5.40;Livree;domicile;
CMD001340;C0031;2025-04-28;1;1;4.20;Livrée;domicile;
CMD001340;C0031;2025-04-28;19;1;7,50;LIVREE;domicile;
CMD001341;C0241;29-04-25;36;1;5,20;LIVREE;domicile;
CMD001341;C0241;2025-04-29;35;3;3.90;livrée;domicile;
CMD001341;C0241;2025-04-29;27;4;3.40;livrée;domicile;
CMD001341;C0241;2025-04-29;3;1;3.60;LIVREE;domicile;
CMD001342;C0291;2025-04-29;17;2;3.00;Livree;retrait_ferme;
CMD001342;C0291;2025-04-29;20;2;8.20;Livree;retrait_ferme;
CMD001342;C0291;2025-04-29;12;2;3,50;Livrée;retrait_ferme;
CMD001343;C0227;29/04/2025;39;2;4.90;Livrée;domicile;
CMD001344;C0201;2025-04-29;6;4;1.40;livrée;retrait_ferme;
CMD001344;C0201;2025-04-29;5;1.5;1,90;LIVREE;retrait_ferme;
CMD001344;C0201;2025-04-29;28;4;1.90;LIVREE;retrait_ferme;
CMD001344;C0201;2025-04-29;17;2;3.00;LIVREE;retrait_ferme;
CMD001345;C0126;29/04/2025;27;4;3.40;LIVREE;domicile;
CMD001345;C0126;2025-04-29;29;0.5;28.00;LIVREE;domicile;
CMD001346;C0183;2025-04-29;16;1,5;8.50;LIVREE;domicile;
CMD001347;C0092;2025-04-29;19;4;7,50;livrée;Domicile;
CMD001347;C0092;2025-04-29;11;1.5;3.20;livrée;domicile;
CMD001347;C0092;29/04/2025;15;3;5.80;LIVREE;domicile;
CMD001348;C0112;2025-04-30;1;1;4.20;Livree;Retrait_ferme;
CMD001348;C0112;30/04/2025;2;1;2.80;Livrée;retrait_ferme;
CMD001348;C0112;2025-04-30;31;1;1.20;LIVREE;retrait_ferme;
CMD001349;C0028;2025-04-30;18;2;4,20;livrée;point_relais;
CMD001349;C0028;2025-04-30;2;0.5;2.80;LIVREE;point_relais;
CMD001349;C0028;2025-04-30;9;0.5;9.00;Livree;point_relais;
CMD001349;C0028;2025-04-30;27;2;3.40;Livrée;point_relais;
CMD001350;C0270;2025-04-30;1;1,5;4.20;livrée;domicile;
CMD001350;C0270;30/04/2025;33;1;4.20;LIVREE;domicile;
CMD001351;C0016;2025-04-30;16;0.5;8.50;Livree;Domicile;
CMD001352;C0301;2025-04-30;35;4;3.90;annulee;domicile;client absent
CMD001352;C0301;2025-04-30;24;2;5.60;ANNULEE;domicile;client absent
CMD001352;C0301;2025-04-30;24;2;5.60;ANNULEE;domicile;client absent
CMD001352;C0301;2025-04-30;3;0,5;3.60;ANNULEE;domicile;client absent
CMD001353;C0307;2025-04-30;2;3;2.80;LIVREE;point_relais;
CMD001353;C0307;2025-04-30;3;3;3.60;LIVREE;point_relais;
CMD001353;C0307;30/04/2025;31;1;1.20;Livrée;point_relais;
CMD001353;C0307;30/04/2025;15;1;5.80;LIVREE;point_relais;
CMD001353;C0307;2025-04-30;33;2;4,20;Livrée;point_relais;
CMD001354;C0227;2025-04-30;30;0,5;24.00;livrée;retrait_ferme;
CMD001354;C0971;2025-04-30;7;1;4,50;LIVREE;retrait_ferme;
CMD001355;C0227;2025-04-30;13;0.5;5,40;LIVREE;point_relais;
CMD001355;C0227;2025-04-30;36;1;5.20;LIVREE;point_relais;
CMD001355;C0227;30/04/2025;23;1;12.50;Livrée;point_relais;
CMD001356;C0027;2025-04-30;6;1;1.40;Livree;retrait_ferme;
CMD001356;C0027;2025-04-30;16;3;8.50;LIVREE;retrait_ferme;
CMD001356;C0027;2025-04-30;19;1;7,50;livrée;retrait_ferme;
CMD001357;C0010;2025-04-30;39;2;4.90;Livrée;Point_relais;
CMD001357;C0010;30-04-25;36;1;5,20;LIVREE;point_relais;
CMD001357;C0010;2025-04-30;10;1;2,90;Livree;point_relais;
CMD001357;C0010;2025-04-30;18;3;4,20;LIVREE;point_relais;
CMD001358;C0217;2025-04-30;5;1;1.90;livrée;Point_relais;
CMD001358;C0217;2025-04-30;16;2;8,50;LIVREE;point_relais;
CMD001358;C0217;30/04/2025;7;0.5;4,50;Livree;point_relais;
CMD001358;C0217;2025-04-30;40;4;3.50;Livree;point_relais;
CMD001358;C0217;30/04/2025;26;2;8,90;Livrée;point_relais;
CMD001359;C0145;2025-05-01;35;1;3,90;LIVREE;domicile;
CMD001359;C0145;2025-05-01;40;4;3,50;Livrée;domicile;
CMD001359;C0145;2025-05-01;20;2;8.20;Livrée;Domicile;
CMD001359;C0145;2025-05-01;30;0.5;24.00;livrée;Domicile;
CMD001360;C0104;2025-05-01;37;1;3.10;Livrée;domicile;
CMD001360;C0104;2025-05-01;13;2;5.40;Livree;domicile;
CMD001360;C0104;2025-05-01;38;1;5.60;Livrée;domicile;
CMD001360;C0104;2025-05-01;16;2;8.50;LIVREE;domicile;
CMD001360;C0104;2025-05-01;31;2;1.20;Livrée;domicile;
CMD001361;C0032;01/05/2025;22;1;4.80;LIVREE;domicile;
CMD001361;C0032;01/05/2025;19;4;7.50;Livrée;domicile;
CMD001361;C0032;2025-05-01;1;1;4.20;Livrée;domicile;
CMD001362;C0168;2025-05-01;22;3;4,80;LIVREE;point_relais;
CMD001362;C0168;2025-05-01;6;1;1.40;livrée;point_relais;
CMD001362;C0168;2025-05-01;15;1.5;5.80;Livrée;point_relais;
CMD001363;C0098;2025-05-01;19;1;7.50;Livree;point_relais;
CMD001363;C0098;2025-05-01;27;2;3,40;LIVREE;point_relais;
CMD001364;C0138;2025-05-01;16;3;8,50;livrée;Domicile;
CMD001364;C0138;2025-05-01;34;4;4.80;livrée;domicile;
CMD001364;C0138;01/05/2025;25;2;4.90;livrée;domicile;
CMD001365;C0048;01-05-25;31;2;1.20;Livrée;domicile;
CMD001365;C0048;2025-05-01;19;1;7,50;livrée;domicile;
CMD001365;C0048;2025-05-01;23;4;12.50;livrée;domicile;
CMD001366;C0287;2025-05-01;14;2;4.90;Livree;retrait_ferme;
CMD001366;C0287;2025-05-01;33;2;4,20;Livrée;retrait_ferme;
CMD001367;C0113;2025-05-01;28;2;1.90;livrée;domicile;
CMD001367;C0113;2025-05-01;12;3;3,50;livrée;domicile;
CMD001368;C0287;2025-05-01;38;2;5.60;livrée;domicile;
CMD001368;C0287;2025-05-01;29;0.2;28.00;Livrée;domicile;
CMD001369;C0270;02/05/2025;23;2;12.50;Livree;point_relais;
CMD001369;C0270;2025-05-02;30;0,2;24,00;Livrée;point_relais;
CMD001369;C0270;2025-05-02;29;0,5;28.00;Livrée;point_relais;
CMD001370;C0010;02/05/2025;11;2;3.20;livrée;domicile;
CMD001370;C0010;2025-05-02;24;3;5.60;Livrée;Domicile;
CMD001370;C0010;02/05/2025;23;4;12.50;livrée;domicile;
CMD001370;C0010;2025-05-02;13;1;5.40;LIVREE;domicile;
CMD001370;C0010;2025-05-02;30;0.5;24,00;Livrée;domicile;
CMD001371;C0211;2025-05-02;35;2;3.90;livrée;retrait_ferme;
CMD001372;C0065;2025-05-02;16;0.5;8.50;Livree;domicile;
CMD001372;C0065;2025-05-02;11;0.5;3.20;livrée;domicile;
CMD001372;C0065;2025-05-02;33;3;4.20;LIVREE;domicile;
CMD001373;C0086;2025-05-02;1;3;4,20;livrée;point_relais;
CMD001374;C0217;2025-05-02;11;1;3.20;Livrée;domicile;
CMD001375;C0075;2025-05-02;3;0.5;3.60;Livrée;point_relais;
CMD001375;C0075;2025-05-02;1;0.5;4.20;livrée;point_relais;
CMD001376;C0042;2025-05-02;13;1;5.40;Livree;retrait_ferme;
CMD001376;C0042;2025-05-02;26;2;8.90;livrée;retrait_ferme;
CMD001376;C0042;2025-05-02;27;2;3.40;livrée;retrait_ferme;
CMD001377;C0038;2025-05-02;5;1;1.90;LIVREE;domicile;
CMD001377;C0038;2025-05-02;18;1;4,20;Livree;domicile;
CMD001378;C0060;02-05-25;12;1.5;3.50;livrée;domicile;
CMD001378;C0060;2025-05-02;1;3;4.20;Livree;domicile;
CMD001379;C0222;2025-05-02;39;1,5;4,90;Livree;retrait_ferme;
CMD001379;C0222;2025-05-02;39;1,5;4,90;Livree;retrait_ferme;
CMD001380;C0254;2025-05-02;22;3;4,80;Livree;Domicile;
CMD001380;C0254;02/05/2025;31;3;1.20;LIVREE;domicile;
CMD001381;C0185;2025-05-03;23;2;12.50;livrée;point_relais;
CMD001381;C0185;2025-05-03;34;4;4,80;Livrée;point_relais;
CMD001381;C0185;03/05/2025;24;2;5.60;Livrée;Point_relais;
CMD001381;C0185;2025-05-03;10;1.5;2,90;Livrée;point_relais;
CMD001381;C0185;2025-05-03;38;2;5.60;Livrée;point_relais;
CMD001382;C0272;2025-05-03;18;4;4.20;livrée;Domicile;
CMD001382;C0272;2025-05-03;20;4;8.20;livrée;domicile;
CMD001382;C0272;2025-05-03;6;1;1.40;Livrée;domicile;
CMD001382;C0272;2025-05-03;26;2;8.90;LIVREE;domicile;
CMD001382;C0272;2025-05-03;26;2;8.90;LIVREE;domicile;
CMD001382;C0272;2025-05-03;12;2;3.50;Livrée;Domicile;
CMD001383;C0016;2025-05-03;27;1;3.40;Livrée;point_relais;
CMD001383;C0016;2025-05-03;20;3;8.20;LIVREE;point_relais;
CMD001384;C0188;2025-05-03;8;0.5;2.60;LIVREE;retrait_ferme;
CMD001384;C0188;03/05/2025;40;3;3.50;Livree;retrait_ferme;
CMD001385;C0307;2025-05-03;3;1,5;3.60;Livrée;domicile;
CMD001385;C0307;03/05/2025;22;1;4.80;livrée;domicile;
CMD001386;C0112;2025-05-03;12;1.5;3.50;Livrée;domicile;
CMD001386;C0112;2025-05-03;21;4;9.90;LIVREE;domicile;
CMD001387;C0003;2025-05-03;2;1.5;2.80;LIVREE;domicile;
CMD001387;C0003;2025-05-03;38;2;5,60;Livrée;domicile;
CMD001388;C0036;03-05-25;3;0.5;3,60;Livrée;domicile;
CMD001388;C0036;2025-05-03;1;1.5;4,20;LIVREE;domicile;
CMD001388;C0036;03/05/2025;4;1.5;2,10;livrée;domicile;
CMD001388;C0036;2025-05-03;37;1;3.10;LIVREE;domicile;
CMD001389;C0115;2025-05-03;6;2;1.40;ANNULEE;retrait_ferme;annulation client
CMD001389;C0115;2025-05-03;19;3;7,50;Annulée;retrait_ferme;annulation client
CMD001389;C0115;2025-05-03;16;3;8,50;annulee;retrait_ferme;annulation client
CMD001390;C0276;2025-05-03;39;1;4.90;livrée;point_relais;
CMD001391;C0233;2025-05-03;28;4;1.90;annulée;Domicile;météo
CMD001391;C0233;2025-05-03;36;3;5.20;ANNULEE;domicile;météo
CMD001391;C0233;2025-05-03;21;2;9.90;annulée;domicile;météo
CMD001392;C0199;2025-05-03;19;3;7.50;livrée;Retrait_ferme;
CMD001392;C0199;2025-05-03;1;1.5;4,20;Livrée;retrait_ferme;
CMD001392;C0199;2025-05-03;14;1,5;4.90;Livrée;Retrait_ferme;
CMD001392;C0199;2025-05-03;3;2;3.60;Livrée;retrait_ferme;
CMD001392;C0199;2025-05-03;7;1;4,50;livrée;retrait_ferme;
CMD001393;C0270;2025-05-03;23;3;12.50;annulee;domicile;paiement refusé
CMD001393;C0270;2025-05-03;8;2;2.60;annulée;domicile;paiement refusé
CMD001393;C0270;2025-05-03;4;2;2,10;Annulée;domicile;paiement refusé
CMD001393;C0270;2025-05-03;13;0.5;5.40;ANNULEE;domicile;paiement refusé
CMD001393;C0270;2025-05-03;25;3;4,90;annulee;domicile;paiement refusé
CMD001394;C0137;03/05/2025;24;1;5,60;Livree;point_relais;
CMD001395;C0272;2025-05-03;33;2;4.20;LIVREE;domicile;
CMD001395;C0272;2025-05-03;17;4;3.00;LIVREE;domicile;
CMD001395;C0272;2025-05-03;8;2;2.60;LIVREE;domicile;
CMD001395;C0272;2025-05-03;25;1;4,90;LIVREE;Domicile;
CMD001395;C0272;2025-05-03;31;3;1.20;Livrée;domicile;
CMD001396;C0121;04/05/2025;25;2;4,90;LIVREE;point_relais;
CMD001397;C0080;2025-05-04;13;1.5;5.40;livrée;point_relais;
CMD001398;C0056;2025-05-04;28;1;1.90;LIVREE;domicile;
CMD001398;C0056;2025-05-04;3;N/A;3,60;Livrée;domicile;
CMD001398;C0056;2025-05-04;15;1,5;5.80;livrée;domicile;
CMD001399;C0132;2025-05-04;34;1;4.80;Livree;domicile;
CMD001399;C0132;2025-05-04;6;4;1.40;livrée;domicile;
CMD001399;C0132;2025-05-04;5;1;1.90;Livree;domicile;
CMD001400;C0272;2025-05-04;39;1;4.90;LIVREE;point_relais;
CMD001400;C0272;2025-05-04;30;0.2;24.00;LIVREE;point_relais;
CMD001400;C0272;2025-05-04;36;2;5.20;Livrée;point_relais;
CMD001401;C0185;2025-05-04;10;1.5;2.90;Livree;domicile;
CMD001401;C0185;2025-05-04;19;1;7,50;Livrée;Domicile;
CMD001402;C0309;2025-05-04;10;0,5;2.90;LIVREE;point_relais;
CMD001402;C0309;2025-05-04;40;1;3.50;Livrée;point_relais;
CMD001403;C0204;2025-05-04;25;4;4.90;livrée;domicile;
CMD001404;C0117;2025-05-04;28;2;1.90;Livree;Retrait_ferme;
CMD001404;C0117;2025-05-04;40;2;3,50;Livree;retrait_ferme;
CMD001405;C0094;2025-05-04;20;1;8.20;livrée;Domicile;
CMD001405;C0094;2025-05-04;30;0,5;24.00;Livree;domicile;
CMD001405;C0094;04/05/2025;29;0,2;28,00;Livrée;domicile;
CMD001406;C0052;04/05/2025;37;3;3.10;Livree;point_relais;
CMD001407;C0006;2025-05-04;9;1;9.00;livrée;domicile;
CMD001407;C0006;04/05/2025;31;2;1,20;livrée;domicile;
CMD001408;C0061;2025-05-04;9;2;9,00;LIVREE;retrait_ferme;
CMD001408;C0061;2025-05-04;22;4;4.80;LIVREE;retrait_ferme;
CMD001409;C0046;2025-05-05;16;1;8,50;Livrée;point_relais;
CMD001409;C0046;05/05/2025;7;1.5;4.50;Livrée;point_relais;
CMD001410;C0023;2025-05-05;20;4;8.20;Livrée;domicile;
CMD001410;C0023;2025-05-05;11;1.5;3.20;livrée;domicile;
CMD001411;C0028;2025-05-05;20;1;8.20;LIVREE;retrait_ferme;
CMD001412;C0045;2025-05-05;17;2;3,00;livrée;domicile;
CMD001412;C0045;2025-05-05;18;2;4.20;Livrée;Domicile;
CMD001413;C0075;2025-05-05;22;1;4,80;Livree;retrait_ferme;
CMD001413;C0075;2025-05-05;16;1,5;8.50;livrée;retrait_ferme;
CMD001413;C0075;2025-05-05;32;4;2.20;LIVREE;Retrait_ferme;
CMD001413;C0075;2025-05-05;18;3;4,20;LIVREE;retrait_ferme;
CMD001414;C0098;2025-05-05;14;0.5;4.90;Livrée;domicile;
CMD001415;C0062;2025-05-05;20;1;8,20;livrée;domicile;
CMD001415;C0062;2025-05-05;8;1;2,60;Livrée;domicile;
CMD001415;C0062;2025-05-05;32;1;2.20;livrée;Domicile;
CMD001415;C0062;2025-05-05;32;1;2.20;livrée;Domicile;
CMD001415;C0062;2025-05-05;10;1.5;2.90;Livree;domicile;
CMD001416;C0245;05/05/2025;21;1;9.90;Livree;Domicile;
CMD001416;C0245;2025-05-05;15;2;5,80;livrée;domicile;
CMD001416;C0245;2025-05-05;7;2;4.50;Livrée;domicile;
CMD001417;C0137;2025-05-05;32;4;2.20;livrée;domicile;
CMD001417;C0137;2025-05-05;35;2;3.90;Livree;domicile;
CMD001417;C0137;2025-05-05;16;2;8.50;Livree;domicile;
CMD001418;C0097;2025-05-05;37;1;3.10;Livree;retrait_ferme;
CMD001418;C0097;2025-05-05;5;1;1.90;Livree;retrait_ferme;
CMD001418;C0097;2025-05-05;6;3;1.40;Livrée;retrait_ferme;
CMD001418;C0097;2025-05-05;29;0.5;28.00;livrée;retrait_ferme;
CMD001419;C0121;2025-05-05;15;1.5;5.80;Livrée;point_relais;
CMD001419;C0121;2025-05-05;39;3;4,90;LIVREE;point_relais;
CMD001419;C0121;2025-05-05;31;4;1.20;Livrée;point_relais;
CMD001419;C0121;2025-05-05;10;2;2.90;Livrée;point_relais;
CMD001419;C0121;2025-05-05;3;1;3,60;livrée;point_relais;
CMD001420;C0273;2025-05-06;23;1;12.50;LIVREE;Retrait_ferme;
CMD001420;C0273;2025-05-06;21;4;9.90;Livree;retrait_ferme;
CMD001421;C0097;2025-05-06;11;1,5;3.20;LIVREE;point_relais;
CMD001422;C0076;2025-05-06;20;4;8.20;Livrée;point_relais;
CMD001422;C0076;2025-05-06;13;1;5.40;Livree;point_relais;
CMD001423;C0044;06-05-25;18;1;4,20;Livrée;domicile;
CMD001423;C0044;2025-05-06;20;1;8.20;LIVREE;domicile;
CMD001424;C0161;06-05-25;24;2;5.60;Livrée;point_relais;
CMD001424;C0161;2025-05-06;31;3;1.20;Livree;Point_relais;
CMD001424;C0161;2025-05-06;29;0,5;28.00;livrée;point_relais;
CMD001424;C0161;2025-05-06;5;3;1,90;livrée;point_relais;
CMD001425;C0134;06/05/2025;19;2;7.50;livrée;domicile;
CMD001425;C0134;2025-05-06;16;2;8.50;Livrée;domicile;
CMD001425;C0134;2025-05-06;23;1;12,50;Livrée;Domicile;
CMD001426;C0255;2025-05-06;15;3;5,80;LIVREE;domicile;
CMD001427;C0224;2025-05-07;28;4;1,90;livrée;point_relais;
CMD001427;C0224;07/05/2025;29;0.2;28.00;livrée;point_relais;
CMD001428;C0272;2025-05-07;31;4;1.20;Livree;domicile;
CMD001429;C0082;07/05/2025;6;1;1.40;Livrée;point_relais;
CMD001429;C0082;2025-05-07;9;2;9.00;Livree;point_relais;
CMD001429;C0082;07/05/2025;12;2;3.50;Livrée;Point_relais;
CMD001429;C0082;2025-05-07;32;2;2,20;livrée;point_relais;
CMD001430;C0137;2025-05-07;29;0,5;28,00;Livree;point_relais;
CMD001431;C0201;2025-05-07;35;1;3,90;Livree;domicile;
CMD001431;C0201;2025-05-07;35;1;3,90;Livree;domicile;
CMD001431;C0201;2025-05-07;4;3;2,10;Livrée;Domicile;
CMD001431;C0201;2025-05-07;6;2;1.40;livrée;domicile;
CMD001432;C0094;07-05-25;37;4;3,10;LIVREE;Domicile;
CMD001432;C0094;2025-05-07;2;1;2.80;LIVREE;domicile;
CMD001433;C0142;2025-05-07;4;2;2.10;livrée;domicile;
CMD001434;C0272;2025-05-07;34;2;4.80;LIVREE;point_relais;
CMD001435;C0245;2025-05-08;14;0,5;4.90;livrée;point_relais;
CMD001435;C0245;08/05/2025;6;4;1.40;LIVREE;point_relais;
CMD001435;C0245;2025-05-08;10;3;2,90;Livrée;point_relais;
CMD001435;C0245;2025-05-08;40;3;3.50;LIVREE;point_relais;
CMD001436;C0259;2025-05-08;11;0,5;3,20;livrée;point_relais;
CMD001437;C0224;2025-05-08;15;1.5;5.80;livrée;domicile;
CMD001438;C0170;2025-05-08;38;2;5.60;LIVREE;point_relais;
CMD001438;C0170;2025-05-08;17;2;3.00;Livrée;point_relais;
CMD001439;C0016;2025-05-08;18;4;4.20;LIVREE;retrait_ferme;
CMD001439;C0016;2025-05-08;35;4;3,90;Livree;retrait_ferme;
CMD001439;C0016;08/05/2025;24;1;5.60;LIVREE;retrait_ferme;
CMD001440;C0242;2025-05-08;17;2;3.00;Livree;domicile;
CMD001440;C0242;2025-05-08;5;3;1.90;LIVREE;domicile;
CMD001440;C0242;08/05/2025;36;4;5,20;livrée;domicile;
CMD001441;C0078;2025-05-08;29;0,2;28,00;Livree;domicile;
CMD001441;C0078;2025-05-08;14;1.5;4.90;Livree;domicile;
CMD001442;C0287;2025-05-09;28;3;1.90;livrée;retrait_ferme;
CMD001442;C0287;2025-05-09;9;1;9.00;livrée;retrait_ferme;
CMD001442;C0287;2025-05-09;4;3;2,10;Livree;retrait_ferme;
CMD001442;C0287;2025-05-09;13;0.5;5.40;Livree;retrait_ferme;
CMD001443;C0005;2025-05-09;2;1.5;2,80;Livree;domicile;
CMD001443;C0005;09/05/2025;27;4;3.40;Livree;domicile;
CMD001443;C0005;2025-05-09;30;0.2;24.00;Livrée;domicile;
CMD001444;C0150;2025-05-09;6;3;1.40;LIVREE;domicile;
CMD001444;C0150;2025-05-09;28;4;1.90;livrée;domicile;
CMD001444;C0150;2025-05-09;16;2;8.50;LIVREE;domicile;
CMD001444;C0150;2025-05-09;25;1;4.90;livrée;domicile;
CMD001444;C0150;2025-05-09;22;2;4,80;Livrée;domicile;
CMD001445;C0085;2025-05-09;6;1;1.40;Livrée;point_relais;
CMD001445;C0085;2025-05-09;16;0.5;8.50;Livrée;point_relais;
CMD001445;C0085;2025-05-09;39;1,5;4,90;Livrée;point_relais;
CMD001446;C0069;09/05/2025;27;3;3.40;livrée;domicile;
CMD001446;C0069;09/05/2025;25;1;4.90;LIVREE;domicile;
CMD001446;C0069;2025-05-09;2;1.5;2.80;LIVREE;domicile;
CMD001447;C0132;2025-05-09;37;1;3.10;Livrée;retrait_ferme;
CMD001447;C0132;2025-05-09;11;1,5;3.20;livrée;retrait_ferme;
CMD001447;C0132;2025-05-09;32;4;2.20;LIVREE;retrait_ferme;
CMD001448;C0073;2025-05-09;22;1;4.80;Livrée;domicile;
CMD001449;C0099;2025-05-09;13;1,5;5.40;LIVREE;point_relais;
CMD001449;C0099;2025-05-09;39;2;4.90;livrée;point_relais;
CMD001450;C0287;09-05-25;12;N/A;3.50;Annulée;domicile;annulation client
CMD001450;C0287;2025-05-09;3;1;3.60;annulée;domicile;annulation client
CMD001450;C0287;2025-05-09;37;1;3.10;annulee;Domicile;annulation client
CMD001450;C0287;2025-05-09;36;4;5.20;annulée;domicile;annulation client
CMD001450;C0287;2025-05-09;8;3;2,60;annulée;domicile;annulation client
CMD001451;C0226;2025-05-09;8;0,5;2.60;ANNULEE;point_relais;rupture de stock
CMD001451;C0226;2025-05-09;29;0.2;28.00;ANNULEE;point_relais;rupture de stock
CMD001451;C0226;2025-05-09;21;3;9.90;ANNULEE;point_relais;rupture de stock
CMD001451;C0226;09/05/2025;19;3;7.50;Annulée;point_relais;rupture de stock
CMD001452;C0040;2025-05-09;26;2;8.90;Livrée;retrait_ferme;
CMD001452;C0040;2025-05-09;14;0.5;4,90;Livree;retrait_ferme;
CMD001453;C0107;2025-05-09;27;2;3,40;LIVREE;domicile;
CMD001453;C0107;2025-05-09;28;1;1.90;LIVREE;domicile;
CMD001454;C0132;09/05/2025;12;0,5;3.50;LIVREE;domicile;
CMD001454;C0132;2025-05-09;37;2;3,10;Livree;domicile;
CMD001455;C0060;2025-05-10;34;4;4.80;livrée;point_relais;
CMD001456;C0045;2025-05-10;10;2;2.90;LIVREE;point_relais;
CMD001456;C0045;2025-05-10;17;2;3.00;Livree;point_relais;
CMD001456;C0045;10-05-25;33;1;4.20;livrée;point_relais;
CMD001456;C0045;2025-05-10;19;2;7.50;livrée;point_relais;
CMD001456;C0045;10/05/2025;27;1;3,40;Livrée;point_relais;
CMD001457;C0098;2025-05-10;40;3;3.50;Livree;retrait_ferme;
CMD001457;C0098;2025-05-10;18;2;4.20;LIVREE;retrait_ferme;
CMD001457;C0098;2025-05-10;31;4;1.20;LIVREE;retrait_ferme;
CMD001458;C0175;2025-05-10;19;1;7.50;Livrée;retrait_ferme;
CMD001459;C0245;2025-05-10;28;4;1.90;livrée;Domicile;
CMD001459;C0245;2025-05-10;14;1;4.90;livrée;domicile;
CMD001459;C0245;2025-05-10;31;3;1.20;livrée;domicile;
CMD001460;C0094;2025-05-10;9;1;9.00;Livree;Domicile;
CMD001460;C0094;2025-05-10;29;0.5;28.00;Livrée;domicile;
CMD001461;C0162;2025-05-10;40;2;3,50;livrée;retrait_ferme;
CMD001461;C0162;10/05/2025;26;2;8.90;LIVREE;retrait_ferme;
CMD001461;C0162;2025-05-10;39;1;4.90;Livree;retrait_ferme;
CMD001462;C0151;2025-05-10;3;1,5;3.60;livrée;point_relais;
CMD001463;C0161;2025-05-10;11;1,5;3.20;Livree;retrait_ferme;
CMD001463;C0161;2025-05-10;28;2;1.90;livrée;retrait_ferme;
CMD001463;C0161;2025-05-10;24;1;5,60;Livree;retrait_ferme;
CMD001463;C0161;2025-05-10;8;1.5;2,60;Livrée;retrait_ferme;
CMD001463;C0161;2025-05-10;40;3;3.50;Livree;Retrait_ferme;
CMD001463;C0161;2025-05-10;40;3;3.50;Livree;Retrait_ferme;
CMD001464;C0002;2025-05-10;25;2;4.90;Livrée;domicile;
CMD001464;C0002;2025-05-10;26;2;8,90;LIVREE;domicile;
CMD001464;C0002;2025-05-10;8;3;2,60;LIVREE;domicile;
CMD001465;C0271;10/05/2025;27;1;3.40;Livrée;domicile;
CMD001466;C0244;2025-05-10;29;0,2;28.00;Livree;point_relais;
CMD001466;C0244;2025-05-10;25;1;4.90;Livrée;point_relais;
CMD001467;C0205;2025-05-10;30;0.2;24.00;LIVREE;point_relais;
CMD001467;C0205;10/05/2025;25;2;4.90;Livree;point_relais;
CMD001467;C0205;2025-05-10;5;0.5;1,90;LIVREE;point_relais;
CMD001467;C0205;2025-05-10;34;3;4.80;livrée;point_relais;
CMD001467;C0205;2025-05-10;18;2;4.20;LIVREE;point_relais;
CMD001468;C0216;2025-05-10;10;1.5;2,90;LIVREE;point_relais;
CMD001468;C0216;10-05-25;22;1;4,80;Livree;point_relais;
CMD001468;C0216;2025-05-10;33;1;4.20;LIVREE;point_relais;
CMD001468;C0216;2025-05-10;9;3;9.00;LIVREE;point_relais;
CMD001469;C0185;2025-05-10;33;4;4.20;Livrée;retrait_ferme;
CMD001469;C0185;2025-05-10;6;1;1.40;livrée;retrait_ferme;
CMD001470;C0215;2025-05-11;12;1.5;3.50;LIVREE;domicile;
CMD001470;C0215;2025-05-11;13;0.5;5,40;LIVREE;domicile;
CMD001471;C0171;2025-05-11;11;1;3.20;Livree;domicile;
CMD001471;C0171;11/05/2025;14;1;4.90;livrée;domicile;
CMD001472;C0211;2025-05-11;24;1;5.60;Livree;point_relais;
CMD001472;C0211;2025-05-11;38;3;5,60;Livrée;point_relais;
CMD001473;C0224;11-05-25;3;1;3,60;Livree;retrait_ferme;
CMD001473;C0224;2025-05-11;20;1;8.20;livrée;retrait_ferme;
CMD001474;C0025;2025-05-11;38;2;5.60;Livrée;domicile;
CMD001474;C0025;11/05/2025;4;3;2,10;livrée;domicile;
CMD001475;C0158;11/05/2025;4;2;2.10;Livree;point_relais;
CMD001475;C0158;2025-05-11;33;1;4.20;LIVREE;point_relais;
CMD001475;C0158;2025-05-11;8;3;2.60;Livree;point_relais;
CMD001476;C0138;2025-05-11;1;2;4.20;LIVREE;domicile;
CMD001476;C0138;2025-05-11;34;1;4,80;Livree;domicile;
CMD001476;C0138;2025-05-11;30;0.5;24.00;LIVREE;domicile;
CMD001477;C0052;2025-05-11;2;1;2.80;livrée;domicile;
CMD001478;C0283;2025-05-11;19;4;7,50;ANNULEE;retrait_ferme;client absent
CMD001478;C0283;2025-05-11;21;4;9.90;ANNULEE;retrait_ferme;client absent
CMD001479;C0290;2025-05-11;22;1;4.80;LIVREE;point_relais;
CMD001479;C0290;2025-05-11;35;1;3,90;LIVREE;point_relais;
CMD001480;C0045;2025-05-11;5;1.5;1,90;livrée;point_relais;
CMD001480;C0045;2025-05-11;1;1.5;4.20;Livree;point_relais;
CMD001480;C0045;11-05-25;25;2;4.90;LIVREE;point_relais;
CMD001481;C0078;11/05/2025;32;1;2.20;Livree;point_relais;
CMD001482;C0227;2025-05-11;4;1,5;2.10;Livree;domicile;
CMD001482;C0227;2025-05-11;17;2;3.00;Livree;domicile;
CMD001483;C0286;2025-05-11;18;2;4.20;livrée;domicile;
CMD001483;C0286;11/05/2025;26;1;8,90;Livrée;domicile;
CMD001483;C0286;2025-05-11;6;2;1,40;Livree;domicile;
CMD001484;C0062;2025-05-11;4;2;2.10;Livrée;point_relais;
CMD001484;C0062;2025-05-11;18;1;4.20;livrée;Point_relais;
CMD001484;C0062;11-05-25;32;3;2.20;Livree;point_relais;
CMD001485;C0031;12/05/2025;15;0.5;5.80;livrée;domicile;
CMD001485;C0031;12/05/2025;5;2;1.90;Livree;domicile;
CMD001485;C0031;2025-05-12;25;4;4.90;Livree;domicile;
CMD001486;C0126;2025-05-12;16;3;8,50;Annulée;domicile;annulation client
CMD001486;C0126;2025-05-12;34;2;4.80;ANNULEE;domicile;annulation client
CMD001486;C0126;2025-05-12;34;2;4.80;ANNULEE;domicile;annulation client
CMD001486;C0126;2025-05-12;9;2;9,00;ANNULEE;domicile;annulation client
CMD001487;C0246;12/05/2025;29;0.5;28.00;LIVREE;Point_relais;
CMD001487;C0246;2025-05-12;5;3;1.90;livrée;point_relais;
CMD001488;C0032;12-05-25;32;1;2.20;Livree;domicile;
CMD001488;C0032;2025-05-12;27;3;3.40;LIVREE;domicile;
CMD001488;C0032;12/05/2025;28;1;1.90;Livree;domicile;
CMD001488;C0032;12/05/2025;33;1;4.20;livrée;domicile;
CMD001489;C0219;2025-05-12;36;2;5.20;livrée;domicile;
CMD001489;C0219;2025-05-12;34;4;4.80;Livree;domicile;
CMD001489;C0219;2025-05-12;38;1;5.60;LIVREE;domicile;
CMD001489;C0219;2025-05-12;33;4;4,20;Livree;domicile;
CMD001490;C0054;2025-05-12;12;1;3.50;livrée;domicile;
CMD001490;C0054;2025-05-12;8;1.5;2.60;LIVREE;domicile;
CMD001491;C0297;2025-05-12;35;3;3.90;Livrée;point_relais;
CMD001492;C0111;2025-05-12;9;2;9.00;livrée;domicile;
CMD001492;C0111;2025-05-12;10;0.5;2,90;Livrée;domicile;
CMD001492;C0111;2025-05-12;17;1;3.00;Livree;domicile;
CMD001493;C0016;12/05/2025;21;1;9.90;Livree;domicile;
CMD001494;C0187;2025-05-13;5;1.5;1.90;livrée;point_relais;
CMD001494;C0187;2025-05-13;36;3;5.20;LIVREE;point_relais;
CMD001494;C0187;2025-05-13;27;2;3.40;LIVREE;point_relais;
CMD001495;C0165;2025-05-13;26;4;8.90;livrée;point_relais;
CMD001495;C0165;2025-05-13;34;1;4.80;LIVREE;point_relais;
CMD001496;C0217;2025-05-13;38;2;5.60;Livrée;retrait_ferme;
CMD001497;C0082;2025-05-13;39;3;4.90;LIVREE;domicile;
CMD001497;C0082;2025-05-13;21;2;9.90;livrée;domicile;
CMD001498;C0133;2025-05-13;23;4;12,50;Livree;domicile;
CMD001498;C0133;2025-05-13;37;2;3.10;Livrée;domicile;
CMD001499;C0042;2025-05-13;4;0,5;2,10;annulee;retrait_ferme;annulation client
CMD001499;C0042;2025-05-13;40;3;3.50;Annulée;retrait_ferme;annulation client
CMD001499;C0042;2025-05-13;7;1;4,50;annulee;retrait_ferme;annulation client
CMD001500;C0251;2025-05-13;28;2;1.90;Livrée;domicile;
CMD001501;C0097;2025-05-13;29;0.2;28.00;LIVREE;domicile;
CMD001502;C0111;2025-05-13;18;4;4.20;Livrée;retrait_ferme;
CMD001502;C0111;2025-05-13;38;1;5.60;Livrée;retrait_ferme;
CMD001502;C0111;2025-05-13;2;3;2.80;Livree;retrait_ferme;
CMD001503;C0242;2025-05-13;34;4;4.80;livrée;domicile;
CMD001504;C0045;2025-05-14;9;1;9,00;livrée;domicile;
CMD001505;C0006;14/05/2025;19;4;7.50;Livrée;domicile;
CMD001506;C0216;14-05-25;39;1.5;4.90;Livrée;domicile;
CMD001506;C0216;2025-05-14;32;2;2.20;Livrée;domicile;
CMD001506;C0216;14/05/2025;34;1;4,80;Livree;domicile;
CMD001507;C0277;2025-05-14;14;1;4.90;Livrée;point_relais;
CMD001507;C0277;2025-05-14;5;1.5;1.90;Livrée;Point_relais;
CMD001507;C0277;2025-05-14;9;3;9.00;livrée;point_relais;
CMD001508;C0107;14-05-25;38;1;5,60;Livree;domicile;
CMD001509;C0076;2025-05-14;1;3;4,20;annulée;domicile;météo
CMD001509;C0076;2025-05-14;13;0.5;5.40;Annulée;domicile;météo
CMD001510;C0236;14/05/2025;23;2;12.50;annulée;domicile;annulation client
CMD001510;C0236;2025-05-14;26;3;8,90;annulée;domicile;annulation client
CMD001510;C0997;2025-05-14;12;0.5;3,50;annulee;domicile;annulation client
CMD001510;C0236;14/05/2025;30;0,2;24.00;Annulée;domicile;annulation client
CMD001511;C0217;2025-05-14;21;4;9.90;Livree;domicile;
CMD001511;C0217;2025-05-14;36;3;5.20;Livree;domicile;
CMD001511;C0217;14/05/2025;10;3;2.90;Livree;domicile;
CMD001512;C0082;14/05/2025;39;3;4.90;LIVREE;retrait_ferme;
CMD001512;C0082;2025-05-14;15;2;5.80;Livrée;retrait_ferme;
CMD001513;C0080;2025-05-14;11;1.5;3.20;Livrée;point_relais;
CMD001513;C0080;2025-05-14;5;1.5;1,90;LIVREE;point_relais;
CMD001514;C0117;2025-05-14;36;4;5,20;LIVREE;point_relais;
CMD001514;C0117;2025-05-14;34;4;4,80;Livrée;point_relais;
CMD001515;C0053;2025-05-14;35;1;3.90;Livrée;domicile;
CMD001516;C0078;2025-05-15;11;1,5;3,20;Livrée;Domicile;
CMD001516;C0078;2025-05-15;16;1.5;8.50;livrée;domicile;
CMD001516;C0078;2025-05-15;16;1.5;8.50;livrée;domicile;
CMD001516;C0078;2025-05-15;31;2;1.20;Livrée;domicile;
CMD001517;C0027;2025-05-15;16;3;8.50;LIVREE;retrait_ferme;
CMD001517;C0027;2025-05-15;36;2;5,20;Livrée;retrait_ferme;
CMD001517;C0027;2025-05-15;36;2;5,20;Livrée;retrait_ferme;
CMD001517;C0027;2025-05-15;31;2;1.20;livrée;retrait_ferme;
CMD001518;C0042;2025-05-15;32;4;2.20;ANNULEE;retrait_ferme;paiement refusé
CMD001518;C0042;2025-05-15;1;2;4.20;Annulée;retrait_ferme;paiement refusé
CMD001519;C0282;15-05-25;37;1;3.10;Livrée;domicile;
CMD001519;C0282;2025-05-15;6;2;1,40;livrée;domicile;
CMD001520;C0005;2025-05-15;2;1;2.80;LIVREE;point_relais;
CMD001520;C0005;2025-05-15;14;2;4.90;Livree;point_relais;
CMD001521;C0088;2025-05-15;25;3;4.90;Livree;domicile;
CMD001521;C0088;15/05/2025;39;3;4.90;Livree;domicile;
CMD001521;C0088;2025-05-15;2;3;2.80;Livree;domicile;
CMD001522;C0105;15/05/2025;28;2;1.90;Livrée;domicile;
CMD001523;C0070;2025-05-16;22;2;4.80;LIVREE;point_relais;
CMD001524;C0244;2025-05-16;18;2;4.20;LIVREE;retrait_ferme;
CMD001525;C0059;2025-05-16;4;1.5;2,10;Livree;point_relais;
CMD001525;C0059;2025-05-16;17;2;3.00;livrée;point_relais;
CMD001526;C0045;2025-05-16;8;1;2.60;Livree;domicile;
CMD001526;C0045;2025-05-16;12;0.5;3.50;LIVREE;domicile;
CMD001527;C0028;2025-05-16;16;2;8.50;annulee;domicile;rupture de stock
CMD001528;C0076;16/05/2025;15;1;5,80;Livree;point_relais;
CMD001528;C0076;2025-05-16;26;4;8,90;LIVREE;point_relais;
CMD001528;C0076;2025-05-16;26;4;8,90;LIVREE;point_relais;
CMD001529;C0052;2025-05-16;1;2;4.20;Livrée;retrait_ferme;
CMD001529;C0052;2025-05-16;39;1;4.90;Livrée;retrait_ferme;
CMD001529;C0052;2025-05-16;13;1,5;5.40;livrée;retrait_ferme;
CMD001530;C0309;16/05/2025;28;3;1.90;LIVREE;domicile;
CMD001530;C0309;16-05-25;6;1;1.40;livrée;domicile;
CMD001530;C0309;16/05/2025;23;2;12.50;LIVREE;domicile;
CMD001530;C0309;16-05-25;18;3;4.20;Livrée;domicile;
CMD001531;C0201;2025-05-16;11;3;3.20;LIVREE;retrait_ferme;
CMD001531;C0201;2025-05-16;16;1;8.50;livrée;retrait_ferme;
CMD001531;C0201;2025-05-16;14;3;4.90;Livree;retrait_ferme;
CMD001531;C0201;2025-05-16;37;1;3.10;Livrée;retrait_ferme;
CMD001531;C0201;16/05/2025;7;1.5;4.50;livrée;Retrait_ferme;
CMD001532;C0098;2025-05-16;21;4;9.90;Livrée;point_relais;
CMD001532;C0098;2025-05-16;5;1,5;1.90;livrée;point_relais;
CMD001533;C0207;2025-05-16;29;0.5;28,00;LIVREE;domicile;
CMD001533;C0207;2025-05-16;31;1;1.20;Livree;domicile;
CMD001534;C0150;2025-05-16;29;0.2;28.00;LIVREE;domicile;
CMD001534;C0150;2025-05-16;33;1;4.20;livrée;domicile;
CMD001534;C0150;2025-05-16;22;4;4.80;livrée;domicile;
CMD001535;C0220;2025-05-16;28;1;1,90;Livree;Point_relais;
CMD001535;C0220;2025-05-16;25;1;4.90;livrée;point_relais;
CMD001536;C0064;2025-05-16;39;1;4.90;Livrée;point_relais;
CMD001536;C0064;2025-05-16;27;2;3.40;Livrée;point_relais;
CMD001537;C0120;2025-05-17;26;3;8.90;livrée;retrait_ferme;
CMD001537;C0120;2025-05-17;40;3;3.50;livrée;retrait_ferme;
CMD001537;C0120;2025-05-17;10;1;2.90;LIVREE;retrait_ferme;
CMD001537;C0120;2025-05-17;33;2;4.20;LIVREE;retrait_ferme;
CMD001538;C0085;2025-05-17;40;1;3.50;Livree;retrait_ferme;
CMD001538;C0085;2025-05-17;18;3;4.20;Livree;retrait_ferme;
CMD001539;C0215;2025-05-17;20;1;8.20;Livrée;point_relais;
CMD001539;C0215;2025-05-17;33;1;4,20;Livrée;point_relais;
CMD001539;C0215;17/05/2025;5;3;1.90;Livrée;point_relais;
CMD001539;C0215;2025-05-17;8;1,5;2.60;Livrée;point_relais;
CMD001539;C0215;2025-05-17;37;1;3,10;LIVREE;point_relais;
CMD001540;C0217;2025-05-17;23;1;12.50;Livrée;domicile;
CMD001540;C0217;2025-05-17;15;1.5;5,80;Livrée;domicile;
CMD001541;C0062;2025-05-17;31;3;1,20;livrée;Retrait_ferme;
CMD001542;C0224;2025-05-17;35;1;3.90;Livree;point_relais;
CMD001542;C0224;2025-05-17;40;3;3,50;livrée;point_relais;
CMD001542;C0224;17/05/2025;34;2;4,80;Livrée;point_relais;
CMD001543;C0260;2025-05-17;32;3;2,20;Livree;domicile;
CMD001543;C0260;2025-05-17;7;1;4.50;Livrée;domicile;
CMD001543;C0260;2025-05-17;35;1;3.90;Livree;domicile;
CMD001543;C0260;2025-05-17;8;0,5;2,60;LIVREE;Domicile;
CMD001543;C0260;17-05-25;5;0.5;1,90;Livrée;domicile;
CMD001544;C0046;17/05/2025;39;2;4,90;LIVREE;domicile;
CMD001544;C0046;2025-05-17;24;2;5,60;Livrée;domicile;
CMD001544;C0046;17/05/2025;20;4;8.20;livrée;domicile;
CMD001544;C0046;17-05-25;11;1.5;3.20;Livrée;domicile;
CMD001545;C0259;2025-05-17;33;2;4.20;LIVREE;domicile;
CMD001545;C0259;17/05/2025;9;1;9.00;Livrée;domicile;
CMD001546;C0134;2025-05-17;39;1;4,90;Livree;domicile;
CMD001547;C0147;2025-05-17;12;0.5;3.50;livrée;retrait_ferme;
CMD001547;C0147;2025-05-17;28;3;1.90;Livrée;retrait_ferme;
CMD001548;C0079;2025-05-17;6;2;1,40;Livrée;Point_relais;
CMD001548;C0079;2025-05-17;30;0.5;24,00;livrée;point_relais;
CMD001549;C0161;17-05-25;40;1;3.50;Livrée;point_relais;
CMD001549;C0161;2025-05-17;8;3;2.60;LIVREE;point_relais;
CMD001549;C0161;17-05-25;4;3;2.10;Livree;point_relais;
CMD001549;C0161;2025-05-17;20;1;8.20;LIVREE;point_relais;
CMD001549;C0161;17/05/2025;32;2;2.20;Livrée;Point_relais;
CMD001550;C0172;2025-05-17;6;4;1.40;Livrée;point_relais;
CMD001550;C0172;2025-05-17;28;2;1.90;Livree;point_relais;
CMD001550;C0172;17-05-25;18;2;4.20;LIVREE;Point_relais;
CMD001551;C0203;17/05/2025;19;1;7.50;Livree;point_relais;
CMD001552;C0079;2025-05-17;40;3;3.50;livrée;point_relais;
CMD001553;C0082;2025-05-17;26;3;8,90;Livree;point_relais;
CMD001553;C0082;2025-05-17;18;3;4.20;Livree;point_relais;
CMD001553;C0082;2025-05-17;39;1;4.90;Livrée;point_relais;
CMD001553;C0082;2025-05-17;8;0.5;2.60;livrée;point_relais;
CMD001553;C0082;2025-05-17;36;4;5.20;Livree;point_relais;
CMD001554;C0216;18/05/2025;28;1;1.90;LIVREE;retrait_ferme;
CMD001554;C0216;2025-05-18;1;1;4,20;Livree;retrait_ferme;
CMD001554;C0216;2025-05-18;34;3;4.80;Livree;retrait_ferme;
CMD001555;C0028;2025-05-18;4;3;2.10;LIVREE;point_relais;
CMD001556;C0271;18/05/2025;16;1;8.50;Livree;point_relais;
CMD001557;C0287;18/05/2025;36;1;5.20;LIVREE;point_relais;
CMD001557;C0287;18-05-25;14;1,5;4.90;livrée;Point_relais;
CMD001558;C0180;18-05-25;3;3;3.60;livrée;domicile;
CMD001558;C0180;2025-05-18;39;0.5;4.90;livrée;domicile;
CMD001558;C0180;2025-05-18;11;1;3.20;LIVREE;domicile;
CMD001558;C0180;2025-05-18;34;2;4,80;Livrée;domicile;
CMD001559;C0138;18/05/2025;33;2;4.20;livrée;retrait_ferme;
CMD001559;C0138;2025-05-18;9;1.5;9,00;livrée;retrait_ferme;
CMD001559;C0138;2025-05-18;9;1.5;9,00;livrée;retrait_ferme;
CMD001559;C0138;2025-05-18;22;1;4.80;LIVREE;retrait_ferme;
CMD001559;C0138;2025-05-18;20;2;8.20;livrée;retrait_ferme;
CMD001560;C0056;2025-05-18;20;2;8.20;Livrée;retrait_ferme;
CMD001560;C0056;2025-05-18;1;2;4,20;LIVREE;retrait_ferme;
CMD001561;C0187;2025-05-18;20;1;8.20;LIVREE;Domicile;
CMD001561;C0187;2025-05-18;24;3;5.60;Livrée;domicile;
CMD001562;C0016;18/05/2025;1;1;4.20;Livree;domicile;
CMD001563;C0073;2025-05-18;21;3;9.90;LIVREE;point_relais;
CMD001563;C0073;2025-05-18;31;3;1,20;Livrée;point_relais;
CMD001563;C0073;2025-05-18;35;1;3.90;LIVREE;point_relais;
CMD001564;C0037;2025-05-19;27;2;3,40;livrée;domicile;
CMD001564;C0037;2025-05-19;21;4;9.90;LIVREE;domicile;
CMD001565;C0090;2025-05-19;40;2;3.50;annulée;point_relais;annulation client
CMD001565;C0090;2025-05-19;19;2;7,50;ANNULEE;point_relais;annulation client
CMD001565;C0090;2025-05-19;19;2;7,50;ANNULEE;point_relais;annulation client
CMD001565;C0090;2025-05-19;2;1;2.80;Annulée;point_relais;annulation client
CMD001565;C0090;19-05-25;24;4;5.60;ANNULEE;point_relais;annulation client
CMD001565;C0090;2025-05-19;10;0.5;2,90;annulee;point_relais;annulation client
CMD001566;C0914;2025-05-19;12;0.5;3,50;Livree;domicile;
CMD001567;C0244;2025-05-19;14;0.5;4.90;Livree;domicile;
CMD001567;C0244;19/05/2025;13;3;5,40;livrée;domicile;
CMD001567;C0244;2025-05-19;24;3;5.60;Livree;domicile;
CMD001568;C0166;2025-05-19;1;0.5;4,20;livrée;domicile;
CMD001568;C0166;2025-05-19;20;2;8,20;Livrée;domicile;
CMD001568;C0166;2025-05-19;7;1;4.50;Livree;domicile;
CMD001569;C0059;2025-05-19;17;1;3.00;livrée;Retrait_ferme;
CMD001569;C0059;2025-05-19;39;2;4.90;Livree;retrait_ferme;
CMD001569;C0059;2025-05-19;28;3;1.90;Livrée;retrait_ferme;
CMD001570;C0201;19/05/2025;13;0.5;5.40;LIVREE;point_relais;
CMD001570;C0201;2025-05-19;36;2;5.20;Livrée;point_relais;
CMD001571;C0229;2025-05-19;23;3;12.50;livrée;retrait_ferme;
CMD001571;C0229;2025-05-19;29;0,2;28,00;LIVREE;retrait_ferme;
CMD001571;C0229;2025-05-19;11;3;3.20;LIVREE;retrait_ferme;
CMD001571;C0229;2025-05-19;27;4;3,40;livrée;retrait_ferme;
CMD001572;C0070;2025-05-19;17;2;3,00;livrée;domicile;
CMD001572;C0070;2025-05-19;24;2;5.60;livrée;domicile;
CMD001572;C0070;19/05/2025;40;2;3,50;Livree;domicile;
CMD001572;C0070;2025-05-19;22;2;4,80;Livrée;domicile;
CMD001573;C0138;19/05/2025;16;1,5;8.50;livrée;retrait_ferme;
CMD001573;C0138;2025-05-19;19;2;7.50;LIVREE;retrait_ferme;
CMD001573;C0138;19/05/2025;29;0.5;28.00;Livrée;retrait_ferme;
CMD001573;C0138;2025-05-19;10;0,5;2,90;Livree;retrait_ferme;
CMD001573;C0138;2025-05-19;22;1;4.80;livrée;retrait_ferme;
CMD001574;C0298;2025-05-19;26;1;8,90;livrée;domicile;
CMD001574;C0298;2025-05-19;20;1;8.20;Livrée;domicile;
CMD001574;C0298;19-05-25;33;2;4.20;Livrée;Domicile;
CMD001574;C0298;19/05/2025;11;2;3,20;Livree;domicile;
CMD001575;C0291;2025-05-19;34;3;4.80;livrée;point_relais;
CMD001575;C0291;2025-05-19;33;1;4.20;LIVREE;point_relais;
CMD001576;C0178;2025-05-19;24;2;5.60;Livrée;domicile;
CMD001576;C0178;2025-05-19;32;1;2,20;Livrée;domicile;
CMD001576;C0178;19-05-25;10;0.5;2.90;Livrée;domicile;
CMD001576;C0178;2025-05-19;27;2;3,40;livrée;domicile;
CMD001577;C0112;2025-05-20;18;2;4.20;LIVREE;point_relais;
CMD001577;C0112;20/05/2025;15;1.5;5.80;LIVREE;point_relais;
CMD001577;C0112;2025-05-20;21;1;9,90;livrée;point_relais;
CMD001578;C0059;20/05/2025;31;1;1,20;LIVREE;retrait_ferme;
CMD001578;C0059;2025-05-20;20;1;8.20;Livrée;retrait_ferme;
CMD001578;C0059;2025-05-20;33;2;4.20;Livrée;retrait_ferme;
CMD001579;C0044;2025-05-20;26;4;8,90;Livrée;Domicile;
CMD001579;C0044;2025-05-20;14;2;4.90;Livree;Domicile;
CMD001580;C0283;2025-05-20;5;1.5;1.90;Livrée;domicile;
CMD001581;C0216;2025-05-20;6;1;1,40;livrée;retrait_ferme;
CMD001581;C0216;2025-05-20;9;1;9,00;livrée;retrait_ferme;
CMD001581;C0216;20/05/2025;31;4;1.20;LIVREE;retrait_ferme;
CMD001582;C0003;2025-05-20;23;2;12.50;Livree;Point_relais;
CMD001582;C0003;2025-05-20;26;1;8,90;Livree;point_relais;
CMD001583;C0046;2025-05-20;9;3;9.00;Livrée;domicile;
CMD001583;C0046;20/05/2025;32;3;2,20;livrée;domicile;
CMD001583;C0046;2025-05-20;28;1;1.90;LIVREE;domicile;
CMD001583;C0046;2025-05-20;35;1;3.90;LIVREE;domicile;
CMD001584;C0016;2025-05-21;20;1;8.20;LIVREE;domicile;
CMD001584;C0016;2025-05-21;36;2;5.20;livrée;domicile;
CMD001584;C0016;2025-05-21;32;2;2,20;Livree;domicile;
CMD001585;C0032;21/05/2025;33;1;4,20;LIVREE;retrait_ferme;
CMD001585;C0032;2025-05-21;25;3;4.90;Livree;retrait_ferme;
CMD001585;C0032;2025-05-21;23;4;12.50;Livree;retrait_ferme;
CMD001585;C0032;2025-05-21;2;3;2.80;livrée;retrait_ferme;
CMD001585;C0032;2025-05-21;32;N/A;2.20;Livree;retrait_ferme;
CMD001586;C0023;2025-05-21;11;2;3.20;annulée;domicile;annulation client
CMD001586;C0023;21/05/2025;39;3;4,90;Annulée;domicile;annulation client
CMD001587;C0097;2025-05-21;20;2;8.20;LIVREE;domicile;
CMD001587;C0097;2025-05-21;2;3;2,80;Livrée;domicile;
CMD001587;C0097;21/05/2025;8;3;2.60;livrée;Domicile;
CMD001587;C0097;2025-05-21;1;0.5;4,20;LIVREE;domicile;
CMD001588;C0098;2025-05-21;15;1.5;5.80;LIVREE;point_relais;
CMD001589;C0060;2025-05-21;27;4;3.40;Livree;domicile;
CMD001589;C0060;2025-05-21;14;1;4.90;livrée;domicile;
CMD001589;C0060;2025-05-21;28;4;1.90;Livrée;domicile;
CMD001590;C0080;2025-05-21;37;1;3.10;LIVREE;retrait_ferme;
CMD001590;C0080;2025-05-21;34;1;4,80;livrée;retrait_ferme;
CMD001591;C0274;2025-05-21;39;3;4.90;LIVREE;point_relais;
CMD001591;C0274;2025-05-21;18;4;4.20;Livrée;point_relais;
CMD001591;C0274;2025-05-21;37;4;3.10;Livrée;point_relais;
CMD001592;C0906;2025-05-21;2;3;2.80;Livree;domicile;
CMD001592;C0291;2025-05-21;20;2;8.20;livrée;domicile;
CMD001593;C0084;2025-05-21;8;3;2.60;Livrée;point_relais;
CMD001593;C0084;21/05/2025;26;3;8.90;livrée;point_relais;
CMD001594;C0121;2025-05-22;30;0,5;24.00;LIVREE;domicile;
CMD001594;C0121;2025-05-22;35;3;3.90;LIVREE;domicile;
CMD001595;C0256;2025-05-22;1;1,5;4.20;LIVREE;domicile;
CMD001595;C0256;22/05/2025;26;1;8.90;Livrée;domicile;
CMD001595;C0256;22/05/2025;12;3;3,50;Livrée;domicile;
CMD001595;C0256;2025-05-22;24;2;5.60;livrée;domicile;
CMD001596;C0021;2025-05-22;4;0.5;2,10;livrée;domicile;
CMD001596;C0021;2025-05-22;14;0.5;4,90;LIVREE;domicile;
CMD001596;C0021;2025-05-22;26;2;8.90;Livrée;domicile;
CMD001597;C0138;2025-05-22;38;1;5.60;LIVREE;Domicile;
CMD001597;C0138;22/05/2025;26;2;8.90;livrée;domicile;
CMD001598;C0237;22/05/2025;25;1;4.90;livrée;domicile;
CMD001599;C0076;2025-05-22;19;3;7.50;LIVREE;domicile;
CMD001599;C0076;2025-05-22;26;1;8,90;livrée;domicile;
CMD001599;C0076;2025-05-22;11;3;3,20;livrée;domicile;
CMD001600;C0306;2025-05-22;15;N/A;5.80;Livree;point_relais;
CMD001600;C0306;2025-05-22;17;2;3.00;livrée;point_relais;
CMD001600;C0306;2025-05-22;14;0,5;4.90;Livree;point_relais;
CMD001600;C0306;2025-05-22;1;1;4,20;livrée;point_relais;
CMD001600;C0306;2025-05-22;23;1;12.50;Livree;point_relais;
CMD001601;C0082;2025-05-22;35;3;3.90;livrée;retrait_ferme;
CMD001601;C0082;2025-05-22;12;2;3,50;LIVREE;retrait_ferme;
CMD001602;C0183;2025-05-23;26;4;8.90;livrée;retrait_ferme;
CMD001603;C0264;2025-05-23;32;2;2.20;Livrée;domicile;
CMD001603;C0264;2025-05-23;23;2;12,50;LIVREE;domicile;
CMD001604;C0211;2025-05-23;20;2;8.20;LIVREE;domicile;
CMD001604;C0211;2025-05-23;33;3;4,20;LIVREE;domicile;
CMD001604;C0211;2025-05-23;21;4;9,90;Livrée;domicile;
CMD001604;C0211;2025-05-23;4;3;2.10;LIVREE;domicile;
CMD001604;C0211;2025-05-23;5;1,5;1,90;Livree;domicile;
CMD001605;C0042;23/05/2025;1;1;4,20;Livrée;domicile;
CMD001605;C0042;2025-05-23;10;2;2.90;Livree;domicile;
CMD001605;C0042;2025-05-23;9;1,5;9.00;livrée;Domicile;
CMD001606;C0236;23/05/2025;19;2;7.50;Livrée;point_relais;
CMD001606;C0236;2025-05-23;23;1;12.50;Livree;point_relais;
CMD001606;C0236;23/05/2025;28;2;1.90;LIVREE;Point_relais;
CMD001606;C0236;23-05-25;4;1.5;2,10;livrée;point_relais;
CMD001607;C0245;2025-05-23;13;1,5;5,40;Livree;domicile;
CMD001607;C0245;2025-05-23;18;2;4,20;Livrée;domicile;
CMD001608;C0207;2025-05-23;39;1;4,90;Livrée;domicile;
CMD001608;C0207;2025-05-23;20;3;8.20;Livrée;domicile;
CMD001609;C0151;23/05/2025;39;3;4,90;LIVREE;domicile;
CMD001609;C0151;2025-05-23;31;1;1,20;livrée;domicile;
CMD001610;C0245;2025-05-23;17;2;3.00;Livree;domicile;
CMD001611;C0242;2025-05-23;27;2;3.40;livrée;point_relais;
CMD001611;C0242;2025-05-23;20;1;8.20;Livree;point_relais;
CMD001611;C0242;2025-05-23;3;3;3.60;Livrée;point_relais;
CMD001612;C0152;23/05/2025;33;3;4,20;Livrée;point_relais;
CMD001612;C0152;2025-05-23;39;1.5;4.90;Livrée;point_relais;
CMD001612;C0152;2025-05-23;31;3;1,20;LIVREE;point_relais;
CMD001613;C0272;2025-05-23;12;1,5;3.50;LIVREE;point_relais;
CMD001613;C0272;2025-05-23;3;1,5;3.60;livrée;point_relais;
CMD001614;C0037;23/05/2025;25;3;4,90;Livrée;retrait_ferme;
CMD001615;C0182;2025-05-24;38;1;5.60;livrée;domicile;
CMD001615;C0182;2025-05-24;19;1;7.50;LIVREE;domicile;
CMD001615;C0182;2025-05-24;32;4;2.20;livrée;domicile;
CMD001616;C0076;2025-05-24;24;4;5,60;ANNULEE;domicile;client absent
CMD001616;C0076;2025-05-24;8;1;2.60;ANNULEE;domicile;client absent
CMD001616;C0076;2025-05-24;15;3;5.80;annulée;domicile;client absent
CMD001616;C0076;2025-05-24;6;2;1,40;Annulée;domicile;client absent
CMD001617;C0310;2025-05-24;6;2;1.40;livrée;retrait_ferme;
CMD001617;C0310;24/05/2025;13;2;5,40;LIVREE;retrait_ferme;
CMD001617;C0310;2025-05-24;7;0,5;4.50;Livrée;retrait_ferme;
CMD001617;C0310;2025-05-24;17;1;3,00;Livree;retrait_ferme;
CMD001617;C0310;2025-05-24;5;1.5;1,90;Livree;retrait_ferme;
CMD001618;C0150;24/05/2025;26;2;8.90;LIVREE;domicile;
CMD001618;C0150;2025-05-24;25;1;4,90;Livrée;domicile;
CMD001619;C0121;2025-05-24;3;1.5;3.60;annulée;domicile;paiement refusé
CMD001620;C0036;2025-05-24;36;3;5,20;LIVREE;point_relais;
CMD001620;C0036;2025-05-24;7;3;4.50;Livrée;point_relais;
CMD001620;C0036;2025-05-24;32;4;2,20;LIVREE;point_relais;
CMD001620;C0036;2025-05-24;18;4;4,20;Livrée;point_relais;
CMD001621;C0084;2025-05-24;31;2;1,20;Livrée;point_relais;
CMD001621;C0084;24/05/2025;30;0.2;24,00;LIVREE;point_relais;
CMD001621;C0084;2025-05-24;28;2;1,90;Livrée;point_relais;
CMD001622;C0270;2025-05-24;38;1;5,60;LIVREE;domicile;
CMD001622;C0270;2025-05-24;3;1,5;3,60;livrée;domicile;
CMD001623;C0201;24-05-25;21;2;9,90;Livrée;retrait_ferme;
CMD001623;C0201;2025-05-24;5;3;1,90;Livree;retrait_ferme;
CMD001624;C0016;2025-05-24;23;2;12,50;LIVREE;retrait_ferme;
CMD001625;C0214;24/05/2025;23;2;12.50;livrée;domicile;
CMD001625;C0214;2025-05-24;21;2;9.90;Livree;domicile;
CMD001625;C0214;2025-05-24;1;1,5;4.20;Livree;domicile;
CMD001625;C0214;2025-05-24;35;1;3.90;Livree;domicile;
CMD001626;C0048;2025-05-24;29;0.5;28.00;Livrée;point_relais;
CMD001626;C0048;2025-05-24;35;4;3.90;LIVREE;Point_relais;
CMD001626;C0048;2025-05-24;6;2;1,40;Livrée;point_relais;
CMD001627;C0134;24/05/2025;12;1.5;3.50;livrée;domicile;
CMD001627;C0134;2025-05-24;34;3;4.80;Livree;Domicile;
CMD001627;C0134;2025-05-24;24;2;5,60;livrée;domicile;
CMD001628;C0088;2025-05-24;35;2;3.90;Livree;domicile;
CMD001628;C0088;2025-05-24;33;1;4,20;LIVREE;Domicile;
CMD001628;C0088;2025-05-24;14;1;4,90;Livrée;domicile;
CMD001629;C0120;2025-05-24;28;1;1.90;LIVREE;domicile;
CMD001629;C0120;2025-05-24;25;2;4,90;livrée;domicile;
CMD001629;C0120;2025-05-24;3;2;3,60;LIVREE;domicile;
CMD001630;C0025;2025-05-25;39;3;4,90;Livree;retrait_ferme;
CMD001630;C0025;25-05-25;36;2;5.20;livrée;retrait_ferme;
CMD001630;C0025;2025-05-25;9;2;9.00;Livree;retrait_ferme;
CMD001631;C0060;25/05/2025;15;3;5.80;livrée;domicile;
CMD001631;C0060;2025-05-25;5;1.5;1.90;Livrée;domicile;
CMD001631;C0060;25/05/2025;28;1;1.90;Livrée;domicile;
CMD001631;C0060;2025-05-25;19;2;7.50;LIVREE;domicile;
CMD001632;C0237;25-05-25;21;1;9.90;livrée;domicile;
CMD001633;C0294;2025-05-25;22;1;4.80;Livree;domicile;
CMD001634;C0216;25/05/2025;11;0,5;3,20;Livrée;point_relais;
CMD001634;C0216;2025-05-25;17;4;3,00;Livrée;point_relais;
CMD001634;C0216;2025-05-25;7;3;4.50;Livree;point_relais;
CMD001635;C0099;2025-05-25;26;2;8.90;annulee;point_relais;météo
CMD001635;C0099;2025-05-25;4;1;2.10;Annulée;point_relais;météo
CMD001635;C0099;2025-05-25;15;0,5;5.80;annulee;point_relais;météo
CMD001635;C0099;2025-05-25;14;2;4.90;annulée;point_relais;météo
CMD001635;C0099;2025-05-25;19;4;7.50;annulée;point_relais;météo
CMD001636;C0272;25-05-25;13;2;5.40;Livree;domicile;
CMD001637;C0107;2025-05-25;26;3;8.90;LIVREE;domicile;
CMD001637;C0107;2025-05-25;35;1;3,90;livrée;domicile;
CMD001638;C0288;25-05-25;35;2;3,90;LIVREE;Point_relais;
CMD001638;C0288;2025-05-25;15;2;5,80;Livrée;point_relais;
CMD001639;C0073;25-05-25;36;3;5.20;livrée;domicile;
CMD001639;C0073;2025-05-25;4;1.5;2.10;Livrée;domicile;
CMD001640;C0097;25/05/2025;28;4;1.90;Livree;point_relais;
CMD001640;C0097;2025-05-25;22;4;4.80;livrée;point_relais;
CMD001640;C0097;2025-05-25;17;1;3,00;Livrée;point_relais;
CMD001641;C0162;2025-05-25;8;2;2.60;livrée;domicile;
CMD001642;C0121;2025-05-26;20;1;8.20;livrée;point_relais;
CMD001642;C0121;2025-05-26;21;4;9.90;Livree;point_relais;
CMD001642;C0121;2025-05-26;16;1;8.50;LIVREE;point_relais;
CMD001643;C0270;2025-05-26;27;1;3,40;LIVREE;point_relais;
CMD001644;C0283;2025-05-26;14;1,5;4.90;Livrée;domicile;
CMD001644;C0283;2025-05-26;3;1.5;3,60;LIVREE;domicile;
CMD001644;C0283;2025-05-26;12;3;3.50;Livree;domicile;
CMD001645;C0183;2025-05-26;33;1;4.20;annulée;domicile;annulation client
CMD001645;C0183;2025-05-26;4;2;2,10;Annulée;domicile;annulation client
CMD001646;C0084;26/05/2025;36;1;5.20;livrée;domicile;
CMD001646;C0084;2025-05-26;7;0.5;4.50;livrée;domicile;
CMD001647;C0064;2025-05-26;40;4;3.50;Livree;domicile;
CMD001648;C0097;2025-05-26;16;0,5;8.50;Livree;Domicile;
CMD001648;C0097;2025-05-26;14;1;4.90;LIVREE;Domicile;
CMD001648;C0097;26/05/2025;32;4;2.20;LIVREE;domicile;
CMD001649;C0188;2025-05-26;1;2;4.20;Livrée;retrait_ferme;
CMD001649;C0188;2025-05-26;7;1,5;4.50;LIVREE;retrait_ferme;
CMD001650;C0130;26-05-25;25;2;4,90;LIVREE;domicile;
CMD001650;C0130;2025-05-26;27;2;3.40;Livrée;domicile;
CMD001650;C0130;2025-05-26;32;2;2.20;Livree;domicile;
CMD001650;C0130;2025-05-26;5;1.5;1.90;Livree;Domicile;
CMD001650;C0130;2025-05-26;40;3;3.50;Livree;domicile;
CMD001651;C0014;26/05/2025;39;0.5;4.90;Livrée;point_relais;
CMD001652;C0048;2025-05-26;40;3;3.50;livrée;domicile;
CMD001652;C0048;2025-05-26;9;1.5;9.00;LIVREE;domicile;
CMD001652;C0048;2025-05-26;37;2;3,10;Livrée;Domicile;
CMD001652;C0048;2025-05-26;10;0.5;2,90;LIVREE;domicile;
CMD001653;C0185;26/05/2025;21;1;9.90;livrée;domicile;
CMD001653;C0185;2025-05-26;24;1;5.60;Livree;domicile;
CMD001653;C0185;26/05/2025;27;1;3.40;LIVREE;domicile;
CMD001653;C0185;26/05/2025;17;2;3.00;LIVREE;domicile;
CMD001654;C0270;2025-05-27;27;3;3.40;LIVREE;domicile;
CMD001654;C0270;2025-05-27;39;2;4.90;livrée;domicile;
CMD001654;C0270;2025-05-27;39;2;4.90;livrée;domicile;
CMD001655;C0021;2025-05-27;15;2;5,80;livrée;point_relais;
CMD001655;C0021;2025-05-27;8;3;2,60;LIVREE;Point_relais;
CMD001655;C0021;2025-05-27;26;1;8,90;LIVREE;point_relais;
CMD001656;C0028;2025-05-27;7;2;4,50;LIVREE;point_relais;
CMD001657;C0199;2025-05-27;8;1;2.60;livrée;domicile;
CMD001657;C0199;2025-05-27;26;3;8,90;Livree;domicile;
CMD001657;C0199;2025-05-27;11;2;3,20;livrée;domicile;
CMD001657;C0199;2025-05-27;6;3;1.40;Livrée;domicile;
CMD001658;C0183;2025-05-27;39;3;4,90;livrée;domicile;
CMD001658;C0183;27/05/2025;15;2;5.80;livrée;domicile;
CMD001659;C0090;27/05/2025;34;4;4.80;livrée;retrait_ferme;
CMD001659;C0090;2025-05-27;5;1,5;1,90;LIVREE;retrait_ferme;
CMD001659;C0090;2025-05-27;22;1;4,80;Livree;retrait_ferme;
CMD001660;C0185;2025-05-27;21;2;9.90;Livrée;point_relais;
CMD001660;C0185;2025-05-27;1;3;4,20;Livree;point_relais;
CMD001660;C0185;2025-05-27;40;4;3.50;Livree;point_relais;
CMD001661;C0177;2025-05-27;32;4;2.20;Livree;domicile;
CMD001662;C0224;2025-05-27;16;0.5;8.50;LIVREE;domicile;
CMD001663;C0099;2025-05-27;36;1;5.20;Livree;point_relais;
CMD001663;C0099;2025-05-27;18;2;4.20;LIVREE;point_relais;
CMD001664;C0073;2025-05-27;20;2;8.20;Livree;domicile;
CMD001664;C0073;2025-05-27;37;4;3.10;LIVREE;domicile;
CMD001664;C0073;2025-05-27;24;1;5.60;livrée;domicile;
CMD001665;C0183;27/05/2025;15;1;5.80;Livrée;point_relais;
CMD001665;C0183;2025-05-27;5;2;1.90;livrée;point_relais;
CMD001665;C0183;2025-05-27;36;1;5.20;Livrée;point_relais;
CMD001665;C0183;2025-05-27;19;4;7.50;Livrée;point_relais;
CMD001665;C0183;2025-05-27;25;2;4,90;LIVREE;point_relais;
CMD001666;C0046;2025-05-28;10;1;2.90;LIVREE;retrait_ferme;
CMD001666;C0046;2025-05-28;8;1,5;2.60;Livree;retrait_ferme;
CMD001666;C0046;2025-05-28;4;0.5;2.10;Livree;retrait_ferme;
CMD001666;C0046;2025-05-28;11;1,5;3.20;Livree;retrait_ferme;
CMD001667;C0137;2025-05-28;31;1;1,20;livrée;retrait_ferme;
CMD001668;C0185;28/05/2025;26;1;8.90;Livrée;retrait_ferme;
CMD001668;C0185;2025-05-28;22;2;4.80;LIVREE;retrait_ferme;
CMD001668;C0185;2025-05-28;31;1;1,20;Livree;retrait_ferme;
CMD001668;C0185;2025-05-28;4;3;2,10;livrée;retrait_ferme;
CMD001669;C0107;2025-05-28;19;2;7,50;livrée;retrait_ferme;
CMD001669;C0107;2025-05-28;39;3;4.90;LIVREE;retrait_ferme;
CMD001670;C0079;2025-05-28;21;N/A;9.90;LIVREE;domicile;
CMD001671;C0242;2025-05-28;6;2;1.40;Livree;domicile;
CMD001672;C0084;2025-05-28;5;2;1.90;LIVREE;domicile;
CMD001672;C0084;2025-05-28;1;3;4.20;LIVREE;domicile;
CMD001672;C0084;2025-05-28;8;3;2.60;livrée;domicile;
CMD001672;C0084;2025-05-28;15;0,5;5,80;Livrée;domicile;
CMD001673;C0270;2025-05-28;11;2;3.20;LIVREE;point_relais;
CMD001673;C0270;28/05/2025;30;0.5;24.00;Livree;point_relais;
CMD001673;C0270;2025-05-28;18;4;4.20;livrée;point_relais;
CMD001674;C0108;28-05-25;25;1;4.90;LIVREE;domicile;
CMD001674;C0108;2025-05-28;29;0.2;28.00;Livree;domicile;
CMD001675;C0271;2025-05-28;21;1;9.90;LIVREE;domicile;
CMD001676;C0152;2025-05-28;11;3;3,20;Livrée;domicile;
CMD001676;C0152;2025-05-28;28;1;1.90;Livrée;domicile;
CMD001676;C0152;2025-05-28;23;1;12,50;LIVREE;domicile;
CMD001676;C0152;2025-05-28;4;2;2,10;livrée;domicile;
CMD001676;C0152;2025-05-28;9;1;9.00;Livree;Domicile;
CMD001677;C0184;2025-05-29;26;4;8.90;LIVREE;retrait_ferme;
CMD001677;C0184;29/05/2025;7;3;4.50;Livree;retrait_ferme;
CMD001677;C0184;29/05/2025;30;0.5;24,00;livrée;retrait_ferme;
CMD001678;C0042;29/05/2025;33;3;4.20;annulée;domicile;client absent
CMD001678;C0042;2025-05-29;12;0,5;3,50;annulée;domicile;client absent
CMD001678;C0042;2025-05-29;11;3;3.20;ANNULEE;domicile;client absent
CMD001678;C0042;29/05/2025;22;1;4.80;annulee;domicile;client absent
CMD001678;C0042;29/05/2025;20;2;8.20;ANNULEE;domicile;client absent
CMD001679;C0256;2025-05-29;40;1;3,50;livrée;domicile;
CMD001680;C0217;2025-05-29;21;2;9.90;Livree;domicile;
CMD001680;C0217;2025-05-29;28;4;1.90;Livree;domicile;
CMD001681;C0161;2025-05-29;30;0.2;24.00;livrée;point_relais;
CMD001681;C0161;2025-05-29;1;1;4,20;Livrée;point_relais;
CMD001682;C0229;2025-05-29;7;3;4.50;Livrée;point_relais;
CMD001682;C0229;2025-05-29;3;0.5;3.60;livrée;point_relais;
CMD001683;C0222;29/05/2025;8;0.5;2.60;Livree;domicile;
CMD001683;C0222;2025-05-29;40;1;3.50;LIVREE;domicile;
CMD001684;C0175;2025-05-29;32;2;2.20;livrée;domicile;
CMD001684;C0175;29/05/2025;14;1.5;4.90;Livrée;Domicile;
CMD001684;C0175;29-05-25;33;2;4.20;Livrée;domicile;
CMD001684;C0175;2025-05-29;26;1;8,90;LIVREE;domicile;
CMD001685;C0271;29/05/2025;25;2;4.90;LIVREE;domicile;
CMD001685;C0271;2025-05-29;18;4;4.20;LIVREE;domicile;
CMD001686;C0107;29-05-25;1;2;4,20;annulée;retrait_ferme;rupture de stock
CMD001686;C0107;2025-05-29;21;4;9.90;Annulée;Retrait_ferme;rupture de stock
CMD001686;C0107;2025-05-29;7;1,5;4.50;annulee;retrait_ferme;rupture de stock
CMD001687;C0099;2025-05-30;5;3;1.90;LIVREE;point_relais;
CMD001687;C0099;2025-05-30;33;1;4.20;livrée;point_relais;
CMD001687;C0099;2025-05-30;18;1;4,20;livrée;point_relais;
CMD001687;C0099;2025-05-30;29;0.5;28.00;Livrée;Point_relais;
CMD001687;C0099;2025-05-30;28;1;1,90;Livrée;point_relais;
CMD001688;C0219;2025-05-30;4;1.5;2.10;Livrée;point_relais;
CMD001689;C0185;2025-05-30;6;2;1.40;LIVREE;retrait_ferme;
CMD001689;C0185;30-05-25;33;1;4.20;LIVREE;retrait_ferme;
CMD001690;C0309;2025-05-30;27;4;3,40;livrée;domicile;
CMD001690;C0309;30/05/2025;30;0.2;24.00;Livree;domicile;
CMD001691;C0205;2025-05-30;26;1;8.90;livrée;point_relais;
CMD001691;C0205;2025-05-30;31;1;1.20;LIVREE;point_relais;
CMD001692;C0078;2025-05-30;23;3;12,50;livrée;retrait_ferme;
CMD001693;C0147;2025-05-30;19;3;7.50;Livrée;domicile;
CMD001694;C0014;2025-05-31;18;1;4,20;Livrée;point_relais;
CMD001694;C0014;2025-05-31;22;4;4.80;Livree;point_relais;
CMD001694;C0014;2025-05-31;33;1;4,20;Livrée;point_relais;
CMD001695;C0042;2025-05-31;38;1;5.60;LIVREE;point_relais;
CMD001696;C0080;2025-05-31;9;1.5;9,00;Livree;domicile;
CMD001696;C0080;2025-05-31;39;1;4.90;Livrée;domicile;
CMD001697;C0265;31-05-25;13;1;5.40;Annulée;domicile;client absent
CMD001697;C0265;2025-05-31;5;1.5;1.90;ANNULEE;domicile;client absent
CMD001698;C0281;2025-05-31;36;2;5.20;Livrée;point_relais;
CMD001698;C0281;2025-05-31;18;1;4.20;livrée;point_relais;
CMD001698;C0281;2025-05-31;40;2;3,50;livrée;point_relais;
CMD001699;C0188;2025-05-31;24;3;5,60;Livrée;domicile;
CMD001700;C0080;2025-05-31;14;0.5;4,90;LIVREE;domicile;
CMD001700;C0080;2025-05-31;35;2;3,90;LIVREE;domicile;
CMD001701;C0094;2025-05-31;30;0.2;24.00;livrée;point_relais;
CMD001701;C0094;2025-05-31;26;1;8.90;LIVREE;point_relais;
CMD001701;C0094;2025-05-31;16;1,5;8,50;LIVREE;point_relais;
CMD001701;C0094;2025-05-31;2;0,5;2.80;livrée;Point_relais;
CMD001702;C0296;2025-05-31;29;0.5;28.00;Livrée;point_relais;
CMD001702;C0296;2025-05-31;37;3;3.10;Livree;point_relais;
CMD001703;C0281;2025-05-31;33;1;4.20;livrée;point_relais;
CMD001703;C0281;2025-05-31;20;1;8,20;Livrée;point_relais;
CMD001703;C0281;2025-05-31;34;3;4.80;Livree;point_relais;
CMD001704;C0273;2025-05-31;20;3;8,20;LIVREE;point_relais;
CMD001704;C0273;2025-05-31;13;0,5;5,40;Livrée;point_relais;
CMD001704;C0273;31/05/2025;15;2;5.80;livrée;point_relais;
CMD001705;C0161;2025-05-31;33;3;4.20;Livree;domicile;
CMD001705;C0161;2025-05-31;5;3;1.90;LIVREE;domicile;
CMD001706;C0208;2025-05-31;32;2;2,20;Livree;domicile;
CMD001706;C0208;2025-05-31;2;2;2,80;LIVREE;Domicile;
CMD001706;C0208;2025-05-31;19;4;7.50;livrée;domicile;
CMD001707;C0098;2025-05-31;13;1;5.40;Livrée;retrait_ferme;
CMD001707;C0098;2025-05-31;22;1;4.80;LIVREE;retrait_ferme;
CMD001707;C0098;2025-05-31;32;2;2.20;Livree;retrait_ferme;
CMD001707;C0098;2025-05-31;28;2;1.90;Livrée;retrait_ferme;
CMD001708;C0138;2025-06-01;10;2;2.90;Livrée;point_relais;
CMD001708;C0138;2025-06-01;40;4;3.50;LIVREE;Point_relais;
CMD001709;C0130;2025-06-01;12;3;3.50;ANNULEE;domicile;météo
CMD001710;C0021;2025-06-01;28;3;1.90;Livree;domicile;
CMD001710;C0021;2025-06-01;15;3;5.80;Livree;domicile;
CMD001710;C0021;2025-06-01;5;0.5;1.90;Livrée;Domicile;
CMD001711;C0254;01/06/2025;15;0.5;5,80;livrée;domicile;
CMD001712;C0300;01/06/2025;39;0.5;4,90;LIVREE;domicile;
CMD001712;C0300;2025-06-01;36;1;5.20;livrée;domicile;
CMD001712;C0300;2025-06-01;14;2;4.90;Livree;Domicile;
CMD001712;C0300;2025-06-01;38;2;5.60;Livree;domicile;
CMD001713;C0099;01/06/2025;10;1,5;2.90;Livrée;retrait_ferme;
CMD001713;C0099;01/06/2025;10;1,5;2.90;Livrée;retrait_ferme;
CMD001713;C0099;2025-06-01;4;2;2,10;livrée;retrait_ferme;
CMD001714;C0078;2025-06-01;8;1.5;2,60;LIVREE;domicile;
CMD001715;C0084;2025-06-01;25;2;4,90;livrée;Domicile;
CMD001715;C0084;2025-06-01;35;1;3,90;livrée;domicile;
CMD001715;C0084;01-06-25;7;1,5;4,50;livrée;domicile;
CMD001715;C0084;2025-06-01;17;4;3,00;Livrée;domicile;
CMD001716;C0287;2025-06-01;10;1;2,90;LIVREE;retrait_ferme;
CMD001717;C0217;2025-06-01;38;4;5,60;Livrée;domicile;
CMD001717;C0217;2025-06-01;25;4;4.90;LIVREE;domicile;
CMD001717;C0217;01-06-25;6;2;1.40;Livrée;domicile;
CMD001717;C0217;2025-06-01;23;3;12,50;livrée;domicile;
CMD001717;C0217;2025-06-01;1;3;4.20;Livree;domicile;
CMD001718;C0234;2025-06-01;39;1.5;4,90;livrée;domicile;
CMD001719;C0056;2025-06-01;34;1;4.80;livrée;point_relais;
CMD001720;C0098;01/06/2025;24;2;5.60;LIVREE;domicile;
CMD001720;C0098;2025-06-01;1;1.5;4,20;Livrée;domicile;
CMD001720;C0098;2025-06-01;5;0.5;1,90;livrée;domicile;
CMD001720;C0098;2025-06-01;4;0,5;2,10;livrée;domicile;
CMD001720;C0098;2025-06-01;22;2;4.80;Livree;domicile;
CMD001721;C0237;2025-06-02;15;1.5;5,80;LIVREE;retrait_ferme;
CMD001721;C0237;02-06-25;5;3;1.90;Livree;retrait_ferme;
CMD001722;C0112;2025-06-02;2;3;2,80;Livree;domicile;
CMD001722;C0112;2025-06-02;20;3;8,20;Livrée;domicile;
CMD001722;C0112;2025-06-02;14;1;4.90;Livrée;domicile;
CMD001722;C0112;2025-06-02;5;0.5;1.90;LIVREE;domicile;
CMD001722;C0112;2025-06-02;7;0.5;4,50;livrée;domicile;
CMD001723;C0060;2025-06-02;11;3;3,20;annulee;domicile;rupture de stock
CMD001723;C0060;2025-06-02;26;2;8.90;ANNULEE;domicile;rupture de stock
CMD001723;C0060;2025-06-02;2;2;2.80;annulée;domicile;rupture de stock
CMD001724;C0267;2025-06-02;30;0.5;24,00;Livree;domicile;
CMD001724;C0267;2025-06-02;26;4;8.90;LIVREE;domicile;
CMD001725;C0230;02-06-25;8;3;2.60;Livrée;point_relais;
CMD001725;C0230;02/06/2025;5;1.5;1.90;livrée;point_relais;
CMD001725;C0230;02-06-25;25;2;4.90;LIVREE;point_relais;
CMD001726;C0219;2025-06-02;22;4;4,80;LIVREE;point_relais;
CMD001727;C0219;02/06/2025;25;2;4.90;Livrée;domicile;
CMD001727;C0219;2025-06-02;2;1;2.80;Livrée;domicile;
CMD001728;C0172;2025-06-03;17;2;3,00;Livree;point_relais;
CMD001728;C0172;2025-06-03;7;2;4,50;livrée;point_relais;
CMD001728;C0172;2025-06-03;21;2;9.90;Livrée;point_relais;
CMD001729;C0277;03-06-25;27;3;3.40;Livree;domicile;
CMD001729;C0277;03/06/2025;26;1;8.90;Livrée;domicile;
CMD001730;C0291;2025-06-03;11;1;3,20;Livrée;Retrait_ferme;
CMD001731;C0036;2025-06-03;26;1;8.90;Livrée;point_relais;
CMD001731;C0036;2025-06-03;21;2;9.90;livrée;point_relais;
CMD001731;C0036;03/06/2025;20;4;8.20;Livrée;point_relais;
CMD001732;C0002;2025-06-03;4;3;2.10;LIVREE;domicile;
CMD001732;C0002;2025-06-03;8;1.5;2.60;livrée;domicile;
CMD001732;C0002;2025-06-03;33;1;4.20;livrée;domicile;
CMD001733;C0264;2025-06-03;16;0.5;8.50;Livrée;domicile;
CMD001733;C0264;2025-06-03;33;4;4,20;LIVREE;domicile;
CMD001734;C0016;2025-06-03;8;0,5;2,60;Livree;domicile;
CMD001734;C0016;2025-06-03;40;4;3,50;Livrée;domicile;
CMD001735;C0154;2025-06-03;35;3;3.90;LIVREE;retrait_ferme;
CMD001735;C0154;2025-06-03;6;2;1,40;Livree;retrait_ferme;
CMD001735;C0154;2025-06-03;18;4;4.20;LIVREE;retrait_ferme;
CMD001735;C0154;2025-06-03;8;2;2.60;Livree;retrait_ferme;
CMD001735;C0154;2025-06-03;5;2;1,90;Livrée;retrait_ferme;
CMD001736;C0151;03/06/2025;26;4;8.90;livrée;domicile;
CMD001736;C0151;2025-06-03;7;1;4.50;LIVREE;domicile;
CMD001736;C0151;2025-06-03;11;2;3.20;livrée;domicile;
CMD001737;C0271;2025-06-03;18;3;4.20;livrée;domicile;
CMD001737;C0271;2025-06-03;7;2;4.50;LIVREE;domicile;
CMD001738;C0254;2025-06-03;24;2;5.60;Livrée;domicile;
CMD001738;C0254;2025-06-03;6;1;1.40;livrée;domicile;
CMD001739;C0277;2025-06-03;3;1;3.60;LIVREE;retrait_ferme;
CMD001739;C0277;2025-06-03;11;0,5;3.20;Livrée;retrait_ferme;
CMD001739;C0277;2025-06-03;14;1;4.90;LIVREE;retrait_ferme;
CMD001739;C0277;2025-06-03;28;2;1.90;LIVREE;retrait_ferme;
CMD001739;C0277;2025-06-03;6;2;1,40;livrée;retrait_ferme;
CMD001740;C0161;2025-06-03;5;2;1.90;Livrée;domicile;
CMD001740;C0161;03/06/2025;25;1;4.90;livrée;domicile;
CMD001740;C0161;2025-06-03;8;1;2.60;LIVREE;domicile;
CMD001741;C0110;2025-06-03;15;1.5;5,80;LIVREE;domicile;
CMD001741;C0110;2025-06-03;15;1.5;5,80;LIVREE;domicile;
CMD001741;C0110;2025-06-03;29;0.5;28.00;Livree;domicile;
CMD001742;C0203;04/06/2025;11;1;3.20;livrée;point_relais;
CMD001742;C0203;2025-06-04;9;1;9.00;Livrée;point_relais;
CMD001742;C0203;2025-06-04;34;1;4.80;LIVREE;point_relais;
CMD001743;C0217;2025-06-04;1;0,5;4.20;Livree;point_relais;
CMD001744;C0246;2025-06-04;18;1;4,20;livrée;domicile;
CMD001745;C0211;2025-06-04;16;3;8.50;livrée;point_relais;
CMD001745;C0211;2025-06-04;24;2;5.60;Livrée;point_relais;
CMD001746;C0003;04/06/2025;30;0,2;24.00;LIVREE;retrait_ferme;
CMD001746;C0003;04/06/2025;13;1.5;5.40;Livree;retrait_ferme;
CMD001747;C0121;2025-06-04;9;2;9.00;ANNULEE;domicile;client absent
CMD001747;C0121;2025-06-04;4;0.5;2.10;annulée;domicile;client absent
CMD001747;C0121;2025-06-04;37;1;3.10;ANNULEE;domicile;client absent
CMD001747;C0121;04/06/2025;16;2;8.50;ANNULEE;domicile;client absent
CMD001748;C0154;2025-06-04;1;0,5;4.20;Livree;domicile;
CMD001748;C0154;2025-06-04;20;1;8,20;LIVREE;domicile;
CMD001749;C0046;2025-06-04;8;1.5;2.60;Livree;domicile;
CMD001749;C0046;2025-06-04;14;1;4.90;Livrée;domicile;
CMD001749;C0927;2025-06-04;5;3;1.90;livrée;domicile;
CMD001749;C0046;2025-06-04;20;1;8.20;Livree;domicile;
CMD001749;C0046;2025-06-04;15;2;5.80;Livrée;domicile;
CMD001750;C0075;2025-06-04;1;1,5;4.20;Livrée;point_relais;
CMD001750;C0075;2025-06-04;16;0.5;8.50;livrée;point_relais;
CMD001750;C0075;2025-06-04;20;2;8.20;Livree;point_relais;
CMD001751;C0132;2025-06-05;5;3;1.90;LIVREE;domicile;
CMD001751;C0132;2025-06-05;8;3;2.60;Livree;Domicile;
CMD001752;C0297;2025-06-05;1;0.5;4.20;LIVREE;domicile;
CMD001752;C0297;05-06-25;36;1;5.20;livrée;domicile;
CMD001753;C0282;2025-06-05;34;1;4,80;Livree;domicile;
CMD001754;C0210;05/06/2025;12;1;3.50;Livrée;point_relais;
CMD001755;C0027;2025-06-05;38;3;5.60;Livree;point_relais;
CMD001755;C0027;2025-06-05;38;3;5.60;Livree;point_relais;
CMD001755;C0027;2025-06-05;10;0.5;2,90;livrée;point_relais;
CMD001755;C0027;2025-06-05;20;2;8.20;LIVREE;point_relais;
CMD001755;C0027;2025-06-05;21;2;9.90;LIVREE;point_relais;
CMD001756;C0100;2025-06-05;16;0.5;8.50;livrée;point_relais;
CMD001756;C0100;2025-06-05;20;2;8.20;livrée;point_relais;
CMD001756;C0100;2025-06-05;4;1.5;2.10;LIVREE;point_relais;
CMD001757;C0197;2025-06-05;1;1;4.20;Livrée;domicile;
CMD001757;C0197;05/06/2025;39;3;4,90;Livrée;domicile;
CMD001757;C0197;2025-06-05;37;3;3,10;LIVREE;domicile;
CMD001758;C0110;2025-06-06;15;0.5;5.80;Livrée;Domicile;
CMD001758;C0110;2025-06-06;10;0,5;2.90;livrée;domicile;
CMD001758;C0110;2025-06-06;1;3;4,20;Livree;domicile;
CMD001759;C0151;2025-06-06;31;2;1,20;Livrée;Domicile;
CMD001759;C0151;2025-06-06;11;1.5;3,20;LIVREE;domicile;
CMD001760;C0028;2025-06-06;9;2;9,00;Livree;Domicile;
CMD001760;C0028;2025-06-06;2;3;2,80;Livrée;domicile;
CMD001761;C0274;2025-06-06;11;0.5;3.20;livrée;retrait_ferme;
CMD001761;C0274;2025-06-06;31;2;1,20;LIVREE;retrait_ferme;
CMD001761;C0274;2025-06-06;10;1.5;2.90;Livrée;retrait_ferme;
CMD001762;C0069;2025-06-06;15;N/A;5.80;Livree;point_relais;
CMD001762;C0069;2025-06-06;8;3;2.60;livrée;point_relais;
CMD001762;C0069;2025-06-06;36;2;5.20;Livree;point_relais;
CMD001762;C0069;2025-06-06;31;2;1.20;livrée;point_relais;
CMD001762;C0069;2025-06-06;2;1;2.80;Livree;point_relais;
CMD001763;C0062;06-06-25;18;1;4.20;livrée;point_relais;
CMD001763;C0062;06/06/2025;38;2;5.60;LIVREE;point_relais;
CMD001763;C0062;2025-06-06;10;1.5;2.90;Livree;point_relais;
CMD001764;C0036;2025-06-06;10;1;2.90;Livree;domicile;
CMD001764;C0036;06/06/2025;14;0,5;4.90;livrée;domicile;
CMD001765;C0104;2025-06-06;10;1;2.90;Livrée;point_relais;
CMD001766;C0038;06/06/2025;9;2;9.00;LIVREE;point_relais;
CMD001766;C0038;2025-06-06;30;0.2;24,00;Livrée;point_relais;
CMD001767;C0297;2025-06-07;18;1;4.20;Livree;retrait_ferme;
CMD001767;C0297;2025-06-07;14;1.5;4,90;Livrée;retrait_ferme;
CMD001767;C0297;2025-06-07;36;3;5.20;livrée;retrait_ferme;
CMD001768;C0274;07/06/2025;15;0.5;5.80;livrée;domicile;
CMD001769;C0037;2025-06-07;6;3;1.40;LIVREE;domicile;
CMD001769;C0037;2025-06-07;23;1;12,50;LIVREE;domicile;
CMD001769;C0037;2025-06-07;7;3;4.50;livrée;domicile;
CMD001770;C0245;2025-06-07;8;1;2.60;Livree;retrait_ferme;
CMD001770;C0245;2025-06-07;9;2;9,00;Livree;retrait_ferme;
CMD001770;C0245;2025-06-07;10;3;2.90;Livree;retrait_ferme;
CMD001771;C0217;07/06/2025;35;1;3.90;Livree;point_relais;
CMD001771;C0217;2025-06-07;12;3;3.50;Livrée;point_relais;
CMD001771;C0217;2025-06-07;27;2;3.40;Livrée;point_relais;
CMD001772;C0062;2025-06-07;17;3;3,00;LIVREE;domicile;
CMD001772;C0062;2025-06-07;22;2;4.80;livrée;domicile;
CMD001773;C0125;2025-06-07;35;2;3,90;livrée;Domicile;
CMD001773;C0125;07/06/2025;6;2;1,40;livrée;domicile;
CMD001774;C0260;07-06-25;30;0.2;24.00;annulee;domicile;client absent
CMD001774;C0260;2025-06-07;16;0.5;8.50;annulée;domicile;client absent
CMD001774;C0260;2025-06-07;2;0.5;2.80;ANNULEE;domicile;client absent
CMD001774;C0260;2025-06-07;2;0.5;2.80;ANNULEE;domicile;client absent
CMD001774;C0260;2025-06-07;13;1.5;5.40;Annulée;domicile;client absent
CMD001775;C0091;07/06/2025;18;2;4.20;Livrée;retrait_ferme;
CMD001775;C0091;2025-06-07;39;3;4,90;Livrée;retrait_ferme;
CMD001775;C0091;2025-06-07;16;0.5;8.50;Livrée;retrait_ferme;
CMD001776;C0291;07/06/2025;22;2;4.80;LIVREE;point_relais;
CMD001777;C0062;2025-06-07;4;0.5;2.10;Livree;point_relais;
CMD001778;C0250;2025-06-08;19;1;7.50;Livrée;domicile;
CMD001778;C0250;2025-06-08;31;1;1,20;Livrée;domicile;
CMD001779;C0158;08/06/2025;17;2;3,00;LIVREE;domicile;
CMD001779;C0158;08/06/2025;37;2;3.10;Livree;domicile;
CMD001779;C0158;08/06/2025;39;1.5;4.90;LIVREE;domicile;
CMD001779;C0158;2025-06-08;11;1.5;3.20;Livrée;domicile;
CMD001780;C0133;2025-06-08;4;1;2.10;LIVREE;domicile;
CMD001781;C0215;08/06/2025;15;1;5,80;ANNULEE;domicile;annulation client
CMD001781;C0215;2025-06-08;38;4;5.60;ANNULEE;domicile;annulation client
CMD001781;C0215;08/06/2025;6;3;1.40;annulée;domicile;annulation client
CMD001782;C0150;2025-06-08;15;2;5.80;livrée;Point_relais;
CMD001782;C0150;2025-06-08;6;1;1.40;Livrée;point_relais;
CMD001782;C0150;2025-06-08;8;1;2,60;livrée;point_relais;
CMD001783;C0080;08/06/2025;15;0,5;5.80;Livree;domicile;
CMD001784;C0281;2025-06-08;13;3;5.40;livrée;domicile;
CMD001784;C0281;2025-06-08;8;3;2,60;LIVREE;domicile;
CMD001784;C0281;2025-06-08;9;1,5;9.00;LIVREE;domicile;
CMD001784;C0281;08/06/2025;35;3;3.90;Livree;domicile;
CMD001785;C0121;08/06/2025;20;3;8.20;LIVREE;point_relais;
CMD001785;C0121;08/06/2025;31;2;1.20;livrée;point_relais;
CMD001785;C0121;2025-06-08;27;2;3.40;Livrée;point_relais;
CMD001786;C0137;2025-06-08;10;1.5;2.90;LIVREE;domicile;
CMD001786;C0137;2025-06-08;32;3;2.20;LIVREE;domicile;
CMD001786;C0137;2025-06-08;38;4;5,60;Livrée;domicile;
CMD001787;C0107;2025-06-08;22;1;4.80;Livree;domicile;
CMD001788;C0237;2025-06-08;18;1;4,20;LIVREE;domicile;
CMD001788;C0237;2025-06-08;39;2;4.90;livrée;domicile;
CMD001788;C0237;08-06-25;4;0.5;2.10;livrée;domicile;
CMD001788;C0237;2025-06-08;22;1;4,80;Livrée;domicile;
CMD001788;C0237;2025-06-08;7;1;4,50;Livrée;domicile;
CMD001789;C0090;2025-06-08;36;2;5.20;Livrée;Point_relais;
CMD001790;C0150;2025-06-08;10;0.5;2,90;LIVREE;point_relais;
CMD001790;C0150;2025-06-08;16;1;8,50;Livrée;point_relais;
CMD001791;C0028;2025-06-08;23;3;12,50;livrée;domicile;
CMD001791;C0028;2025-06-08;2;2;2.80;livrée;domicile;
CMD001791;C0028;2025-06-08;24;1;5.60;Livrée;domicile;
CMD001792;C0292;2025-06-09;15;1.5;5,80;Livree;Point_relais;
CMD001793;C0079;2025-06-09;33;3;4.20;Livrée;domicile;
CMD001793;C0079;2025-06-09;15;3;5.80;LIVREE;domicile;
CMD001793;C0079;2025-06-09;30;0,2;24.00;Livree;domicile;
CMD001793;C0079;09/06/2025;35;1;3.90;livrée;domicile;
CMD001793;C0079;2025-06-09;40;4;3.50;Livree;domicile;
CMD001794;C0099;2025-06-09;2;3;2,80;livrée;domicile;
CMD001795;C0272;2025-06-09;32;2;2,20;annulée;point_relais;rupture de stock
CMD001795;C0272;2025-06-09;39;2;4.90;Annulée;point_relais;rupture de stock
CMD001795;C0272;2025-06-09;29;0,2;28,00;Annulée;point_relais;rupture de stock
CMD001796;C0005;2025-06-09;39;3;4.90;livrée;domicile;
CMD001797;C0062;2025-06-09;19;4;7.50;Livrée;domicile;
CMD001797;C0062;2025-06-09;2;2;2.80;Livree;domicile;
CMD001798;C0270;2025-06-09;22;3;4.80;LIVREE;retrait_ferme;
CMD001799;C0138;2025-06-09;16;1.5;8.50;livrée;domicile;
CMD001799;C0138;09/06/2025;4;1,5;2,10;livrée;domicile;
CMD001799;C0138;09/06/2025;31;1;1,20;livrée;domicile;
CMD001799;C0138;2025-06-09;29;0.2;28,00;Livree;domicile;
CMD001799;C0138;09/06/2025;8;1;2.60;Livree;domicile;
CMD001800;C0028;2025-06-09;14;3;4.90;Livree;point_relais;
CMD001800;C0028;2025-06-09;4;2;2,10;Livrée;point_relais;
CMD001800;C0028;2025-06-09;10;2;2.90;LIVREE;point_relais;
CMD001801;C0268;09/06/2025;40;1;3,50;annulee;domicile;météo
CMD001801;C0268;2025-06-09;9;3;9.00;annulee;Domicile;météo
CMD001801;C0268;2025-06-09;31;1;1.20;annulee;domicile;météo
CMD001801;C0268;2025-06-09;11;1.5;3,20;Annulée;domicile;météo
CMD001801;C0268;09/06/2025;2;1,5;2,80;Annulée;domicile;météo
CMD001802;C0196;2025-06-09;22;4;4.80;Livrée;point_relais;
CMD001802;C0196;09/06/2025;13;3;5.40;livrée;point_relais;
CMD001802;C0196;2025-06-09;16;1.5;8.50;Livrée;point_relais;
CMD001802;C0196;2025-06-09;35;3;3.90;livrée;point_relais;
CMD001802;C0196;2025-06-09;3;2;3.60;Livrée;point_relais;
CMD001803;C0156;2025-06-09;30;0,2;24.00;Livree;point_relais;
CMD001803;C0156;2025-06-09;12;2;3.50;livrée;point_relais;
CMD001803;C0156;2025-06-09;33;1;4.20;Livree;point_relais;
CMD001804;C0043;09/06/2025;14;2;4,90;livrée;Retrait_ferme;
CMD001804;C0928;2025-06-09;9;3;9.00;LIVREE;retrait_ferme;
CMD001804;C0043;2025-06-09;11;2;3.20;Livree;Retrait_ferme;
CMD001804;C0043;2025-06-09;6;1;1.40;LIVREE;retrait_ferme;
CMD001805;C0088;2025-06-10;33;4;4.20;Livrée;domicile;
CMD001805;C0088;2025-06-10;2;2;2,80;Livree;domicile;
CMD001806;C0068;2025-06-10;14;1;4.90;Livrée;point_relais;
CMD001806;C0068;2025-06-10;11;0.5;3.20;LIVREE;Point_relais;
CMD001807;C0307;2025-06-10;14;2;4,90;LIVREE;retrait_ferme;
CMD001807;C0307;2025-06-10;4;2;2.10;Livree;retrait_ferme;
CMD001808;C0246;2025-06-10;1;2;4,20;livrée;domicile;
CMD001808;C0246;10-06-25;21;2;9.90;Livree;domicile;
CMD001809;C0076;10/06/2025;33;2;4,20;Livree;point_relais;
CMD001809;C0076;10-06-25;8;2;2.60;Livree;point_relais;
CMD001809;C0076;2025-06-10;20;2;8,20;Livree;point_relais;
CMD001809;C0076;2025-06-10;9;3;9.00;Livree;point_relais;
CMD001809;C0076;2025-06-10;9;3;9.00;Livree;point_relais;
CMD001809;C0076;10-06-25;1;1,5;4.20;Livrée;point_relais;
CMD001810;C0288;2025-06-10;27;2;3,40;livrée;domicile;
CMD001810;C0288;2025-06-10;7;1;4,50;livrée;domicile;
CMD001811;C0070;2025-06-10;12;1;3.50;livrée;point_relais;
CMD001811;C0070;2025-06-10;23;1;12.50;Livrée;point_relais;
CMD001811;C0070;2025-06-10;31;1;1,20;Livrée;point_relais;
CMD001812;C0104;2025-06-10;15;1,5;5.80;Livrée;domicile;
CMD001813;C0256;2025-06-10;1;0.5;4,20;livrée;point_relais;
CMD001813;C0256;10/06/2025;17;2;3.00;Livrée;point_relais;
CMD001813;C0256;10/06/2025;10;1;2.90;livrée;point_relais;
CMD001814;C0062;10-06-25;23;1;12,50;LIVREE;domicile;
CMD001814;C0062;2025-06-10;14;1;4,90;Livree;domicile;
CMD001815;C0033;2025-06-10;13;2;5.40;Livree;point_relais;
CMD001815;C0033;2025-06-10;31;4;1,20;livrée;point_relais;
CMD001815;C0033;2025-06-10;17;2;3.00;Livrée;point_relais;
CMD001816;C0214;10-06-25;21;2;9.90;Annulée;domicile;annulation client
CMD001816;C0214;2025-06-10;10;1;2.90;ANNULEE;Domicile;annulation client
CMD001816;C0214;2025-06-10;9;2;9,00;annulée;domicile;annulation client
CMD001816;C0214;2025-06-10;25;3;4,90;Annulée;domicile;annulation client
CMD001816;C0214;10/06/2025;15;2;5,80;Annulée;domicile;annulation client
CMD001817;C0207;2025-06-10;12;0.5;3.50;Livrée;retrait_ferme;
CMD001817;C0207;2025-06-10;13;1;5.40;LIVREE;retrait_ferme;
CMD001818;C0042;2025-06-11;32;2;2.20;livrée;point_relais;
CMD001818;C0042;2025-06-11;8;3;2.60;livrée;point_relais;
CMD001818;C0042;2025-06-11;5;3;1.90;LIVREE;point_relais;
CMD001818;C0042;2025-06-11;5;3;1.90;LIVREE;point_relais;
CMD001818;C0042;2025-06-11;9;2;9.00;Livree;point_relais;
CMD001818;C0042;2025-06-11;12;2;3.50;Livree;Point_relais;
CMD001819;C0018;2025-06-11;7;0.5;4.50;Livree;domicile;
CMD001820;C0113;2025-06-11;3;3;3.60;LIVREE;domicile;
CMD001820;C0113;2025-06-11;1;3;4.20;LIVREE;domicile;
CMD001820;C0113;2025-06-11;8;1.5;2,60;livrée;domicile;
CMD001820;C0113;2025-06-11;39;3;4.90;livrée;domicile;
CMD001821;C0121;2025-06-11;9;1.5;9.00;Livrée;point_relais;
CMD001822;C0145;11-06-25;32;3;2,20;Livree;point_relais;
CMD001822;C0145;2025-06-11;40;3;3.50;LIVREE;point_relais;
CMD001822;C0145;2025-06-11;12;0,5;3,50;Livrée;point_relais;
CMD001822;C0145;2025-06-11;8;0.5;2.60;LIVREE;point_relais;
CMD001823;C0311;2025-06-11;23;2;12.50;Annulée;domicile;paiement refusé
CMD001824;C0040;2025-06-11;3;2;3,60;LIVREE;retrait_ferme;
CMD001824;C0040;2025-06-11;25;2;4,90;LIVREE;retrait_ferme;
CMD001824;C0040;2025-06-11;1;0.5;4,20;LIVREE;retrait_ferme;
CMD001824;C0040;2025-06-11;1;0.5;4,20;LIVREE;retrait_ferme;
CMD001825;C0289;2025-06-11;9;2;9.00;Livree;point_relais;
CMD001825;C0289;2025-06-11;19;1;7.50;Livree;point_relais;
CMD001825;C0289;2025-06-11;40;1;3,50;LIVREE;point_relais;
CMD001826;C0287;2025-06-11;32;1;2.20;livrée;domicile;
CMD001826;C0287;2025-06-11;2;3;2.80;livrée;domicile;
CMD001827;C0073;2025-06-11;4;0.5;2.10;Livrée;domicile;
CMD001827;C0073;2025-06-11;8;2;2.60;livrée;Domicile;
CMD001828;C0048;2025-06-11;29;0.2;28,00;LIVREE;point_relais;
CMD001828;C0048;2025-06-11;29;0.2;28,00;LIVREE;point_relais;
CMD001829;C0036;11/06/2025;10;2;2.90;livrée;domicile;
CMD001830;C0010;2025-06-12;8;1;2.60;livrée;point_relais;
CMD001830;C0010;12-06-25;7;3;4,50;Livree;point_relais;
CMD001831;C0036;2025-06-12;18;3;4,20;Livree;Retrait_ferme;
CMD001831;C0036;2025-06-12;22;3;4,80;LIVREE;retrait_ferme;
CMD001831;C0036;2025-06-12;4;1;2,10;LIVREE;retrait_ferme;
CMD001831;C0036;12-06-25;29;0.5;28,00;Livrée;retrait_ferme;
CMD001831;C0036;2025-06-12;11;0.5;3,20;Livree;retrait_ferme;
CMD001832;C0104;2025-06-12;36;3;5,20;livrée;domicile;
CMD001832;C0104;2025-06-12;19;2;7.50;Livree;domicile;
CMD001832;C0104;2025-06-12;3;3;3.60;Livree;domicile;
CMD001832;C0104;12-06-25;23;3;12,50;Livrée;domicile;
CMD001832;C0104;2025-06-12;5;0.5;1.90;Livrée;domicile;
CMD001833;C0156;2025-06-12;40;1;3,50;LIVREE;domicile;
CMD001833;C0156;2025-06-12;10;1;2.90;LIVREE;domicile;
CMD001834;C0253;2025-06-12;4;1;2.10;LIVREE;retrait_ferme;
CMD001834;C0253;2025-06-12;11;3;3.20;Livree;retrait_ferme;
CMD001834;C0253;2025-06-12;8;2;2.60;LIVREE;retrait_ferme;
CMD001835;C0098;2025-06-12;3;2;3,60;Livree;Point_relais;
CMD001836;C0107;2025-06-12;23;1;12.50;Livree;domicile;
CMD001836;C0107;2025-06-12;5;3;1.90;Livrée;domicile;
CMD001836;C0107;2025-06-12;27;2;3.40;livrée;Domicile;
CMD001836;C0107;2025-06-12;4;0,5;2,10;Livree;domicile;
CMD001837;C0046;2025-06-12;13;3;5,40;LIVREE;domicile;
CMD001838;C0210;2025-06-12;25;1;4.90;Livrée;retrait_ferme;
CMD001838;C0210;2025-06-12;15;0.5;5,80;Livree;retrait_ferme;
CMD001839;C0094;13/06/2025;1;1;4,20;LIVREE;point_relais;
CMD001839;C0094;2025-06-13;20;2;8.20;Livree;point_relais;
CMD001840;C0202;2025-06-13;27;4;3,40;Livrée;retrait_ferme;
CMD001840;C0202;13-06-25;1;2;4.20;livrée;retrait_ferme;
CMD001841;C0112;2025-06-13;14;3;4.90;Livree;point_relais;
CMD001841;C0112;2025-06-13;14;3;4.90;Livree;point_relais;
CMD001842;C0161;2025-06-13;26;3;8.90;Livree;domicile;
CMD001843;C0236;13-06-25;29;0.2;28,00;Livree;domicile;
CMD001844;C0152;2025-06-13;26;4;8,90;annulée;retrait_ferme;paiement refusé
CMD001845;C0299;2025-06-13;10;1;2.90;Livree;point_relais;
CMD001845;C0299;2025-06-13;2;0.5;2.80;livrée;point_relais;
CMD001846;C0087;2025-06-13;2;1;2.80;Livrée;domicile;
CMD001846;C0087;2025-06-13;36;2;5.20;livrée;domicile;
CMD001847;C0062;2025-06-14;5;0.5;1,90;LIVREE;retrait_ferme;
CMD001847;C0062;2025-06-14;7;0.5;4.50;Livrée;retrait_ferme;
CMD001848;C0183;2025-06-14;1;1,5;4.20;Livrée;point_relais;
CMD001848;C0183;2025-06-14;18;3;4.20;livrée;point_relais;
CMD001848;C0183;2025-06-14;13;3;5.40;livrée;point_relais;
CMD001848;C0183;2025-06-14;27;2;3.40;livrée;point_relais;
CMD001849;C0143;2025-06-14;30;0,5;24.00;LIVREE;point_relais;
CMD001849;C0143;2025-06-14;31;1;1.20;livrée;point_relais;
CMD001849;C0143;2025-06-14;17;1;3.00;LIVREE;point_relais;
CMD001849;C0143;2025-06-14;15;0.5;5.80;livrée;point_relais;
CMD001850;C0204;2025-06-14;18;2;4,20;LIVREE;point_relais;
CMD001850;C0204;2025-06-14;10;0,5;2.90;Livrée;point_relais;
CMD001850;C0204;14/06/2025;3;0.5;3,60;LIVREE;point_relais;
CMD001850;C0204;14/06/2025;30;0.5;24,00;livrée;point_relais;
CMD001851;C0260;2025-06-14;12;1;3.50;Livree;domicile;
CMD001852;C0237;2025-06-14;22;1;4,80;Livrée;domicile;
CMD001853;C0032;2025-06-14;3;0,5;3.60;Livrée;domicile;
CMD001853;C0032;2025-06-14;9;3;9.00;livrée;domicile;
CMD001854;C0150;2025-06-14;6;2;1.40;Livrée;point_relais;
CMD001854;C0150;2025-06-14;11;1;3,20;Livrée;point_relais;
CMD001854;C0150;14-06-25;25;3;4.90;LIVREE;point_relais;
CMD001855;C0285;14/06/2025;3;1.5;3,60;LIVREE;point_relais;
CMD001856;C0205;14-06-25;2;1,5;2.80;LIVREE;domicile;
CMD001856;C0205;2025-06-14;39;2;4.90;livrée;domicile;
CMD001857;C0150;2025-06-14;4;0.5;2.10;livrée;point_relais;
CMD001857;C0150;2025-06-14;33;4;4.20;LIVREE;point_relais;
CMD001857;C0150;2025-06-14;16;0.5;8,50;livrée;point_relais;
CMD001857;C0150;2025-06-14;18;2;4.20;Livree;Point_relais;
CMD001858;C0278;2025-06-14;33;2;4.20;LIVREE;point_relais;
CMD001859;C0190;2025-06-14;8;2;2.60;LIVREE;Domicile;
CMD001860;C0197;2025-06-14;39;1.5;4,90;livrée;retrait_ferme;
CMD001860;C0197;2025-06-14;4;1;2.10;Livree;retrait_ferme;
CMD001861;C0300;2025-06-14;32;1;2.20;Livree;point_relais;
CMD001861;C0300;2025-06-14;7;N/A;4,50;Livrée;point_relais;
CMD001862;C0077;2025-06-15;27;2;3.40;Livrée;point_relais;
CMD001863;C0044;2025-06-15;25;3;4.90;ANNULEE;domicile;client absent
CMD001863;C0044;2025-06-15;25;3;4.90;ANNULEE;domicile;client absent
CMD001863;C0044;2025-06-15;39;0.5;4,90;Annulée;domicile;client absent
CMD001863;C0044;2025-06-15;15;2;5.80;annulee;domicile;client absent
CMD001864;C0236;2025-06-15;37;2;3.10;Livree;domicile;
CMD001864;C0236;2025-06-15;13;1;5,40;Livree;domicile;
CMD001864;C0236;2025-06-15;13;1;5,40;Livree;domicile;
CMD001864;C0236;2025-06-15;2;0.5;2,80;Livrée;domicile;
CMD001864;C0236;15/06/2025;9;1;9.00;LIVREE;domicile;
CMD001864;C0236;2025-06-15;8;1;2.60;LIVREE;Domicile;
CMD001865;C0126;15/06/2025;32;1;2,20;livrée;domicile;
CMD001865;C0126;2025-06-15;3;3;3.60;Livree;domicile;
CMD001865;C0126;2025-06-15;13;2;5,40;Livree;domicile;
CMD001866;C0167;2025-06-15;15;3;5.80;ANNULEE;domicile;annulation client
CMD001866;C0167;15/06/2025;11;1.5;3.20;Annulée;domicile;annulation client
CMD001866;C0167;2025-06-15;37;4;3.10;ANNULEE;domicile;annulation client
CMD001866;C0167;2025-06-15;33;4;4,20;annulée;domicile;annulation client
CMD001866;C0167;2025-06-15;18;3;4,20;annulee;domicile;annulation client
CMD001867;C0281;2025-06-15;39;1;4.90;Livree;domicile;
CMD001867;C0281;2025-06-15;10;1.5;2.90;Livree;Domicile;
CMD001867;C0281;2025-06-15;16;3;8,50;Livree;domicile;
CMD001867;C0281;2025-06-15;4;1;2.10;LIVREE;domicile;
CMD001867;C0281;2025-06-15;12;1,5;3.50;livrée;domicile;
CMD001868;C0010;2025-06-15;23;2;12.50;Livrée;domicile;
CMD001868;C0010;15-06-25;17;2;3.00;LIVREE;domicile;
CMD001869;C0277;2025-06-15;22;4;4.80;LIVREE;point_relais;
CMD001870;C0211;2025-06-15;23;1;12.50;LIVREE;domicile;
CMD001870;C0211;2025-06-15;40;4;3.50;livrée;domicile;
CMD001871;C0133;15/06/2025;32;3;2,20;LIVREE;domicile;
CMD001872;C0111;2025-06-15;12;1,5;3,50;livrée;retrait_ferme;
CMD001872;C0111;2025-06-15;24;2;5.60;Livrée;retrait_ferme;
CMD001872;C0111;2025-06-15;26;3;8.90;LIVREE;retrait_ferme;
CMD001873;C0298;2025-06-15;18;3;4,20;Livrée;point_relais;
CMD001874;C0132;2025-06-16;22;1;4.80;Livree;point_relais;
CMD001874;C0132;2025-06-16;34;2;4,80;livrée;point_relais;
CMD001875;C0950;2025-06-16;14;1;4.90;annulee;retrait_ferme;rupture de stock
CMD001875;C0144;16/06/2025;16;0.5;8.50;ANNULEE;retrait_ferme;rupture de stock
CMD001875;C0144;2025-06-16;30;0.2;24.00;annulee;retrait_ferme;rupture de stock
CMD001875;C0144;2025-06-16;23;2;12.50;ANNULEE;retrait_ferme;rupture de stock
CMD001875;C0144;2025-06-16;2;3;2.80;ANNULEE;Retrait_ferme;rupture de stock
CMD001876;C0236;2025-06-16;14;1,5;4.90;livrée;point_relais;
CMD001876;C0236;2025-06-16;8;1;2.60;LIVREE;point_relais;
CMD001876;C0236;2025-06-16;40;2;3.50;Livrée;point_relais;
CMD001877;C0082;2025-06-16;2;1;2.80;livrée;point_relais;
CMD001878;C0188;2025-06-16;16;1;8.50;Livree;point_relais;
CMD001879;C0124;2025-06-16;8;0,5;2.60;Livrée;point_relais;
CMD001879;C0124;2025-06-16;12;1;3.50;Livree;point_relais;
CMD001879;C0124;16/06/2025;13;2;5.40;LIVREE;point_relais;
CMD001880;C0274;2025-06-16;7;3;4.50;Livree;point_relais;
CMD001880;C0274;2025-06-16;12;1.5;3.50;LIVREE;point_relais;
CMD001880;C0274;16/06/2025;21;2;9.90;LIVREE;Point_relais;
CMD001881;C0107;2025-06-16;4;2;2.10;Livrée;point_relais;
CMD001881;C0107;2025-06-16;35;1;3.90;Livree;point_relais;
CMD001881;C0107;2025-06-16;15;2;5,80;livrée;point_relais;
CMD001881;C0107;2025-06-16;16;0.5;8.50;Livree;point_relais;
CMD001882;C0113;16/06/2025;13;3;5,40;livrée;retrait_ferme;
CMD001883;C0098;2025-06-16;3;0,5;3,60;Livree;point_relais;
CMD001883;C0098;2025-06-16;8;2;2,60;Livrée;point_relais;
CMD001884;C0043;2025-06-16;23;2;12,50;Livree;domicile;
CMD001884;C0043;2025-06-16;9;1;9.00;LIVREE;domicile;
CMD001884;C0043;16/06/2025;14;2;4,90;LIVREE;Domicile;
CMD001885;C0094;16/06/2025;11;1;3.20;Livrée;domicile;
CMD001885;C0094;2025-06-16;16;2;8.50;Livree;domicile;
CMD001885;C0094;2025-06-16;39;1.5;4.90;Livree;domicile;
CMD001886;C0224;17/06/2025;5;2;1,90;livrée;point_relais;
CMD001886;C0224;2025-06-17;24;2;5,60;LIVREE;point_relais;
CMD001886;C0224;17-06-25;32;2;2.20;livrée;point_relais;
CMD001886;C0224;2025-06-17;13;1;5,40;Livrée;point_relais;
CMD001887;C0028;2025-06-17;28;1;1.90;Livree;domicile;
CMD001887;C0028;2025-06-17;6;4;1.40;Livrée;domicile;
CMD001887;C0028;2025-06-17;18;2;4.20;Livrée;domicile;
CMD001887;C0028;2025-06-17;16;3;8,50;LIVREE;domicile;
CMD001887;C0028;2025-06-17;4;3;2,10;livrée;domicile;
CMD001888;C0172;2025-06-17;25;3;4,90;Livree;domicile;
CMD001889;C0060;2025-06-17;8;N/A;2.60;Livree;domicile;
CMD001889;C0060;2025-06-17;3;2;3.60;livrée;domicile;
CMD001889;C0060;17/06/2025;5;2;1.90;LIVREE;domicile;
CMD001889;C0060;2025-06-17;26;4;8,90;livrée;domicile;
CMD001889;C0060;2025-06-17;26;4;8,90;livrée;domicile;
CMD001889;C0060;2025-06-17;37;1;3.10;Livrée;domicile;
CMD001889;C0060;2025-06-17;37;1;3.10;Livrée;domicile;
CMD001890;C0082;2025-06-17;4;1.5;2,10;Livrée;Point_relais;
CMD001890;C0082;2025-06-17;15;1;5,80;LIVREE;point_relais;
CMD001891;C0188;2025-06-17;1;2;4.20;LIVREE;retrait_ferme;
CMD001891;C0188;2025-06-17;9;2;9,00;Livrée;retrait_ferme;
CMD001891;C0188;2025-06-17;24;2;5.60;LIVREE;retrait_ferme;
CMD001891;C0188;2025-06-17;25;1;4.90;LIVREE;retrait_ferme;
CMD001892;C0185;2025-06-17;33;2;4.20;Livrée;retrait_ferme;
CMD001892;C0185;2025-06-17;6;1;1,40;Livrée;retrait_ferme;
CMD001892;C0185;2025-06-17;4;3;2,10;Livree;retrait_ferme;
CMD001893;C0279;2025-06-17;39;1;4,90;livrée;domicile;
CMD001893;C0279;2025-06-17;3;0,5;3.60;livrée;domicile;
CMD001894;C0263;2025-06-17;16;2;8.50;livrée;domicile;
CMD001894;C0263;17-06-25;8;1.5;2.60;Livrée;domicile;
CMD001895;C0285;2025-06-17;25;2;4.90;LIVREE;retrait_ferme;
CMD001896;C0076;17/06/2025;18;1;4.20;LIVREE;retrait_ferme;
CMD001896;C0076;2025-06-17;29;0.5;28.00;LIVREE;retrait_ferme;
CMD001897;C0285;2025-06-17;25;2;4.90;Livree;point_relais;
CMD001898;C0002;2025-06-17;17;1;3,00;livrée;point_relais;
CMD001898;C0002;2025-06-17;39;2;4.90;Livrée;point_relais;
CMD001899;C0048;2025-06-18;19;4;7.50;LIVREE;point_relais;
CMD001899;C0048;2025-06-18;33;3;4.20;LIVREE;point_relais;
CMD001899;C0048;2025-06-18;9;2;9.00;Livrée;point_relais;
CMD001899;C0048;2025-06-18;11;2;3,20;livrée;point_relais;
CMD001900;C0286;2025-06-18;21;3;9,90;Livree;domicile;
CMD001900;C0286;2025-06-18;4;0.5;2.10;Livree;domicile;
CMD001900;C0286;2025-06-18;20;1;8.20;Livree;domicile;
CMD001900;C0286;2025-06-18;20;1;8.20;Livree;domicile;
CMD001901;C0307;2025-06-18;28;1;1,90;LIVREE;point_relais;
CMD001901;C0307;18/06/2025;10;1.5;2.90;Livrée;point_relais;
CMD001902;C0300;2025-06-18;25;3;4,90;Livrée;point_relais;
CMD001902;C0300;2025-06-18;13;1;5.40;livrée;point_relais;
CMD001903;C0099;2025-06-18;4;1,5;2,10;LIVREE;retrait_ferme;
CMD001904;C0188;2025-06-18;12;1;3,50;Livree;retrait_ferme;
CMD001904;C0188;18/06/2025;11;2;3,20;Livrée;retrait_ferme;
CMD001904;C0188;2025-06-18;15;1;5.80;LIVREE;retrait_ferme;
CMD001904;C0188;2025-06-18;5;1.5;1.90;livrée;retrait_ferme;
CMD001905;C0300;2025-06-18;18;1;4,20;LIVREE;retrait_ferme;
CMD001905;C0300;2025-06-18;2;1;2.80;Livrée;retrait_ferme;
CMD001906;C0005;2025-06-18;38;2;5,60;livrée;point_relais;
CMD001906;C0005;2025-06-18;20;2;8.20;LIVREE;point_relais;
CMD001906;C0005;2025-06-18;16;1;8.50;Livree;point_relais;
CMD001907;C0224;2025-06-18;21;1;9,90;LIVREE;domicile;
CMD001907;C0224;2025-06-18;29;0.5;28.00;Livree;domicile;
CMD001908;C0301;2025-06-18;8;3;2.60;LIVREE;domicile;
CMD001908;C0301;18/06/2025;34;2;4,80;LIVREE;domicile;
CMD001908;C0301;2025-06-18;2;2;2.80;livrée;domicile;
CMD001909;C0137;2025-06-18;13;3;5,40;Livree;retrait_ferme;
CMD001909;C0137;18/06/2025;25;2;4,90;LIVREE;retrait_ferme;
CMD001909;C0137;2025-06-18;26;2;8.90;livrée;retrait_ferme;
CMD001909;C0137;2025-06-18;39;0,5;4.90;LIVREE;retrait_ferme;
CMD001910;C0283;2025-06-18;9;1.5;9.00;Livree;Point_relais;
CMD001910;C0283;2025-06-18;6;1;1.40;Livrée;point_relais;
CMD001910;C0283;2025-06-18;11;1.5;3,20;Livrée;point_relais;
CMD001911;C0120;2025-06-18;34;3;4.80;annulée;domicile;météo
CMD001911;C0120;2025-06-18;5;3;1.90;ANNULEE;domicile;météo
CMD001911;C0120;2025-06-18;12;3;3.50;Annulée;domicile;météo
CMD001912;C0107;2025-06-19;15;0.5;5,80;Livrée;domicile;
CMD001912;C0107;2025-06-19;10;3;2,90;livrée;domicile;
CMD001912;C0107;2025-06-19;39;2;4,90;LIVREE;domicile;
CMD001913;C0133;2025-06-19;19;1;7.50;Livrée;domicile;
CMD001913;C0133;2025-06-19;5;1;1,90;Livree;domicile;
CMD001913;C0133;2025-06-19;5;1;1,90;Livree;domicile;
CMD001913;C0133;2025-06-19;34;1;4.80;Livrée;domicile;
CMD001914;C0092;2025-06-19;10;1.5;2,90;livrée;point_relais;
CMD001915;C0237;2025-06-19;4;0.5;2.10;Livrée;Retrait_ferme;
CMD001916;C0093;19/06/2025;2;3;2.80;Livree;domicile;
CMD001916;C0093;2025-06-19;11;3;3,20;LIVREE;domicile;
CMD001917;C0224;2025-06-19;37;1;3.10;Livree;domicile;
CMD001917;C0224;2025-06-19;11;0.5;3.20;LIVREE;domicile;
CMD001917;C0224;19/06/2025;15;3;5.80;Livrée;domicile;
CMD001918;C0291;2025-06-19;16;0,5;8.50;Livrée;domicile;
CMD001919;C0003;2025-06-19;33;1;4.20;Livree;retrait_ferme;
CMD001919;C0984;2025-06-19;8;3;2.60;livrée;retrait_ferme;
CMD001919;C0003;2025-06-19;16;3;8.50;livrée;retrait_ferme;
CMD001920;C0070;2025-06-19;5;0.5;1,90;Livree;domicile;
CMD001920;C0070;2025-06-19;9;1,5;9.00;LIVREE;domicile;
CMD001921;C0059;19/06/2025;14;2;4.90;Livrée;domicile;
CMD001921;C0059;2025-06-19;9;1.5;9,00;Livree;domicile;
CMD001922;C0104;2025-06-19;19;4;7.50;livrée;domicile;
CMD001922;C0104;2025-06-19;17;1;3.00;LIVREE;domicile;
CMD001922;C0104;19-06-25;16;3;8.50;Livrée;Domicile;
CMD001922;C0104;2025-06-19;40;4;3,50;livrée;domicile;
CMD001923;C0028;19/06/2025;6;3;1.40;Livrée;point_relais;
CMD001923;C0028;2025-06-19;16;2;8.50;Livrée;point_relais;
CMD001924;C0004;2025-06-19;24;1;5.60;livrée;domicile;
CMD001924;C0004;2025-06-19;37;2;3,10;LIVREE;domicile;
CMD001925;C0126;2025-06-19;26;3;8.90;Livrée;domicile;
CMD001925;C0126;19/06/2025;5;3;1,90;Livree;domicile;
CMD001926;C0114;2025-06-20;37;1;3,10;Livrée;retrait_ferme;
CMD001926;C0114;2025-06-20;34;1;4.80;LIVREE;retrait_ferme;
CMD001927;C0032;2025-06-20;16;1.5;8,50;Livrée;point_relais;
CMD001927;C0032;2025-06-20;18;3;4.20;livrée;point_relais;
CMD001927;C0032;2025-06-20;8;0,5;2.60;Livrée;point_relais;
CMD001928;C0093;20/06/2025;27;3;3.40;Livrée;domicile;
CMD001928;C0093;2025-06-20;11;1.5;3,20;Livree;domicile;
CMD001928;C0927;2025-06-20;26;2;8.90;Livree;domicile;
CMD001928;C0093;2025-06-20;31;2;1.20;livrée;domicile;
CMD001928;C0093;2025-06-20;8;0.5;2,60;Livrée;domicile;
CMD001929;C0099;2025-06-20;9;3;9,00;LIVREE;point_relais;
CMD001929;C0099;2025-06-20;5;1;1.90;Livree;point_relais;
CMD001930;C0237;20-06-25;34;1;4,80;Livrée;Domicile;
CMD001930;C0237;2025-06-20;18;2;4.20;Livrée;domicile;
CMD001930;C0237;2025-06-20;36;3;5.20;livrée;domicile;
CMD001930;C0237;2025-06-20;37;1;3.10;Livrée;domicile;
CMD001931;C0297;2025-06-20;32;2;2,20;Livrée;domicile;
CMD001931;C0297;20-06-25;6;1;1,40;Livree;domicile;
CMD001932;C0108;2025-06-20;36;2;5.20;livrée;point_relais;
CMD001932;C0108;2025-06-20;6;3;1,40;Livree;point_relais;
CMD001932;C0108;2025-06-20;12;3;3.50;livrée;point_relais;
CMD001933;C0161;2025-06-21;9;2;9.00;Livree;retrait_ferme;
CMD001933;C0161;2025-06-21;14;1;4.90;livrée;retrait_ferme;
CMD001933;C0161;2025-06-21;12;0.5;3.50;LIVREE;Retrait_ferme;
CMD001934;C0238;21/06/2025;23;2;12.50;livrée;Retrait_ferme;
CMD001934;C0238;21-06-25;39;0.5;4,90;Livrée;retrait_ferme;
CMD001934;C0238;2025-06-21;17;4;3.00;Livree;retrait_ferme;
CMD001934;C0238;2025-06-21;17;4;3.00;Livree;retrait_ferme;
CMD001934;C0238;2025-06-21;14;2;4.90;Livrée;retrait_ferme;
CMD001934;C0238;2025-06-21;27;4;3.40;Livree;retrait_ferme;
CMD001935;C0105;2025-06-21;7;2;4,50;annulée;point_relais;annulation client
CMD001936;C0199;2025-06-21;20;4;8.20;livrée;point_relais;
CMD001937;C0218;2025-06-21;12;3;3.50;Livrée;domicile;
CMD001937;C0218;2025-06-21;28;3;1.90;Livree;domicile;
CMD001937;C0218;2025-06-21;15;N/A;5,80;Livree;domicile;
CMD001937;C0218;21-06-25;14;1.5;4.90;Livrée;Domicile;
CMD001937;C0218;2025-06-21;16;3;8,50;Livree;domicile;
CMD001938;C0183;2025-06-21;9;3;9,00;livrée;point_relais;
CMD001938;C0183;2025-06-21;9;3;9,00;livrée;point_relais;
CMD001938;C0183;2025-06-21;29;0,5;28.00;livrée;point_relais;
CMD001939;C0272;2025-06-21;34;1;4.80;Livree;Point_relais;
CMD001939;C0272;2025-06-21;3;1,5;3,60;Livrée;point_relais;
CMD001939;C0272;21/06/2025;4;0.5;2.10;livrée;point_relais;
CMD001940;C0291;2025-06-21;11;1;3.20;livrée;retrait_ferme;
CMD001940;C0291;2025-06-21;23;4;12.50;LIVREE;retrait_ferme;
CMD001940;C0291;2025-06-21;36;3;5.20;Livree;retrait_ferme;
CMD001940;C0291;2025-06-21;16;3;8.50;LIVREE;retrait_ferme;
CMD001941;C0205;2025-06-21;22;1;4.80;Livrée;retrait_ferme;
CMD001941;C0205;2025-06-21;2;2;2.80;Livrée;retrait_ferme;
CMD001942;C0023;2025-06-21;18;2;4.20;LIVREE;point_relais;
CMD001942;C0023;2025-06-21;18;2;4.20;LIVREE;point_relais;
CMD001943;C0025;2025-06-21;7;0.5;4.50;LIVREE;domicile;
CMD001943;C0025;2025-06-21;31;3;1.20;Livrée;domicile;
CMD001943;C0025;2025-06-21;4;3;2,10;Livrée;domicile;
CMD001943;C0025;2025-06-21;14;0.5;4,90;Livrée;domicile;
CMD001944;C0100;2025-06-21;39;0,5;4.90;livrée;Domicile;
CMD001944;C0100;2025-06-21;8;2;2,60;LIVREE;domicile;
CMD001944;C0100;2025-06-21;37;4;3.10;LIVREE;domicile;
CMD001945;C0087;2025-06-21;1;1;4,20;Livree;domicile;
CMD001946;C0078;2025-06-22;27;1;3.40;Livrée;retrait_ferme;
CMD001946;C0078;2025-06-22;16;1,5;8.50;LIVREE;retrait_ferme;
CMD001946;C0078;22/06/2025;11;1,5;3.20;livrée;retrait_ferme;
CMD001947;C0060;2025-06-22;5;0.5;1.90;Livrée;domicile;
CMD001947;C0060;22/06/2025;15;1.5;5.80;LIVREE;domicile;
CMD001947;C0060;2025-06-22;3;2;3.60;Livrée;domicile;
CMD001948;C0010;22/06/2025;15;1;5.80;Livree;domicile;
CMD001948;C0010;22/06/2025;22;2;4,80;livrée;domicile;
CMD001948;C0010;2025-06-22;39;1.5;4,90;Livree;domicile;
CMD001948;C0010;22-06-25;14;2;4,90;Livrée;domicile;
CMD001949;C0010;2025-06-22;17;2;3.00;livrée;Domicile;
CMD001949;C0010;22-06-25;3;1;3,60;livrée;domicile;
CMD001950;C0042;2025-06-22;25;3;4,90;Livrée;domicile;
CMD001950;C0042;2025-06-22;10;3;2.90;livrée;domicile;
CMD001950;C0042;2025-06-22;38;3;5,60;Livrée;domicile;
CMD001951;C0271;2025-06-22;12;2;3.50;Livrée;point_relais;
CMD001951;C0271;2025-06-22;39;0.5;4.90;livrée;point_relais;
CMD001951;C0271;2025-06-22;9;1.5;9.00;LIVREE;point_relais;
CMD001952;C0163;2025-06-22;2;0,5;2,80;LIVREE;point_relais;
CMD001952;C0163;2025-06-22;13;2;5.40;Livrée;point_relais;
CMD001953;C0080;2025-06-22;30;0.5;24.00;Livree;retrait_ferme;
CMD001954;C0242;2025-06-22;36;2;5,20;LIVREE;point_relais;
CMD001955;C0064;2025-06-22;12;3;3.50;Livree;retrait_ferme;
CMD001956;C0112;2025-06-23;25;3;4.90;livrée;Point_relais;
CMD001957;C0099;2025-06-23;40;1;3.50;livrée;domicile;
CMD001958;C0202;23/06/2025;40;1;3,50;livrée;point_relais;
CMD001958;C0202;2025-06-23;22;4;4.80;LIVREE;point_relais;
CMD001958;C0202;2025-06-23;12;0.5;3.50;LIVREE;point_relais;
CMD001958;C0202;2025-06-23;11;1;3.20;Livrée;Point_relais;
CMD001958;C0202;2025-06-23;16;1;8.50;livrée;point_relais;
CMD001959;C0105;2025-06-23;4;2;2,10;livrée;point_relais;
CMD001960;C0099;2025-06-23;2;1;2.80;LIVREE;domicile;
CMD001961;C0065;2025-06-23;7;1.5;4.50;livrée;domicile;
CMD001962;C0199;2025-06-23;32;1;2.20;LIVREE;Domicile;
CMD001963;C0199;2025-06-23;6;2;1.40;Livrée;domicile;
CMD001963;C0199;2025-06-23;34;3;4.80;LIVREE;domicile;
CMD001964;C0028;2025-06-23;31;3;1.20;LIVREE;domicile;
CMD001964;C0028;2025-06-23;13;3;5,40;Livree;domicile;
CMD001965;C0121;23/06/2025;5;2;1.90;livrée;retrait_ferme;
CMD001965;C0121;2025-06-23;32;2;2.20;livrée;retrait_ferme;
CMD001966;C0175;2025-06-23;12;1.5;3.50;Livree;retrait_ferme;
CMD001966;C0175;2025-06-23;31;1;1.20;Livrée;retrait_ferme;
CMD001967;C0163;2025-06-24;22;1;4.80;livrée;domicile;
CMD001967;C0163;24-06-25;28;1;1.90;Livree;domicile;
CMD001968;C0078;24/06/2025;24;2;5,60;Livree;domicile;
CMD001968;C0078;2025-06-24;12;1;3.50;livrée;Domicile;
CMD001969;C0263;24/06/2025;15;2;5.80;LIVREE;domicile;
CMD001969;C0263;2025-06-24;27;4;3.40;LIVREE;Domicile;
CMD001969;C0263;2025-06-24;31;3;1,20;LIVREE;domicile;
CMD001969;C0263;24-06-25;6;2;1,40;Livree;domicile;
CMD001970;C0129;2025-06-24;13;1;5.40;LIVREE;point_relais;
CMD001970;C0129;2025-06-24;33;2;4,20;Livrée;point_relais;
CMD001971;C0070;2025-06-24;12;2;3.50;Livrée;retrait_ferme;
CMD001971;C0070;24/06/2025;10;1;2.90;livrée;retrait_ferme;
CMD001971;C0070;24/06/2025;23;1;12.50;Livrée;retrait_ferme;
CMD001972;C0068;2025-06-24;38;N/A;5.60;Livree;point_relais;
CMD001973;C0128;24/06/2025;18;2;4.20;Livrée;point_relais;
CMD001973;C0128;24/06/2025;4;0.5;2,10;Livrée;point_relais;
CMD001974;C0022;24-06-25;12;0.5;3.50;annulée;domicile;météo
CMD001974;C0022;24/06/2025;19;1;7.50;ANNULEE;Domicile;météo
CMD001975;C0168;2025-06-24;14;0,5;4.90;livrée;domicile;
CMD001975;C0168;2025-06-24;38;2;5.60;Livrée;Domicile;
CMD001976;C0113;2025-06-24;14;3;4.90;livrée;domicile;
CMD001977;C0263;25/06/2025;25;1;4.90;Livree;Point_relais;
CMD001978;C0260;25-06-25;2;0,5;2,80;livrée;domicile;
CMD001978;C0260;25-06-25;33;4;4,20;Livree;domicile;
CMD001978;C0260;2025-06-25;36;1;5.20;Livree;domicile;
CMD001979;C0111;2025-06-25;3;1;3,60;Livree;domicile;
CMD001979;C0111;2025-06-25;9;1;9.00;Livrée;Domicile;
CMD001980;C0044;2025-06-25;17;2;3.00;Livrée;point_relais;
CMD001981;C0082;2025-06-25;8;1;2.60;ANNULEE;domicile;météo
CMD001981;C0082;2025-06-25;21;2;9.90;ANNULEE;domicile;météo
CMD001981;C0082;2025-06-25;13;1;5.40;annulee;domicile;météo
CMD001981;C0082;2025-06-25;34;4;4.80;annulée;domicile;météo
CMD001981;C0082;2025-06-25;22;3;4.80;ANNULEE;Domicile;météo
CMD001982;C0080;2025-06-25;30;0,5;24.00;Livree;point_relais;
CMD001983;C0190;2025-06-25;27;1;3,40;Livree;point_relais;
CMD001983;C0190;2025-06-25;22;1;4,80;Livree;point_relais;
CMD001984;C0190;2025-06-25;25;2;4,90;LIVREE;Point_relais;
CMD001985;C0271;2025-06-25;35;3;3,90;Livree;domicile;
CMD001985;C0271;2025-06-25;14;1.5;4,90;Livree;domicile;
CMD001985;C0271;2025-06-25;12;1,5;3.50;Livrée;domicile;
CMD001986;C0198;2025-06-25;40;1;3.50;Livree;domicile;
CMD001986;C0198;2025-06-25;20;3;8.20;LIVREE;domicile;
CMD001986;C0198;2025-06-25;17;1;3,00;livrée;domicile;
CMD001987;C0112;25/06/2025;8;2;2.60;livrée;point_relais;
CMD001988;C0062;2025-06-25;13;2;5,40;livrée;retrait_ferme;
CMD001988;C0062;2025-06-25;22;3;4.80;LIVREE;retrait_ferme;
CMD001989;C0229;2025-06-25;19;3;7.50;LIVREE;retrait_ferme;
CMD001989;C0229;2025-06-25;34;1;4.80;Livree;retrait_ferme;
CMD001989;C0229;2025-06-25;34;1;4.80;Livree;retrait_ferme;
CMD001990;C0065;2025-06-26;16;0.5;8.50;Livree;domicile;
CMD001991;C0199;2025-06-26;2;0,5;2.80;LIVREE;point_relais;
CMD001992;C0271;26-06-25;4;2;2.10;LIVREE;point_relais;
CMD001992;C0271;2025-06-26;28;1;1.90;livrée;point_relais;
CMD001992;C0271;26/06/2025;15;1;5.80;LIVREE;point_relais;
CMD001992;C0271;2025-06-26;32;1;2.20;LIVREE;point_relais;
CMD001992;C0271;2025-06-26;36;2;5.20;Livrée;point_relais;
CMD001993;C0005;26/06/2025;11;2;3.20;livrée;point_relais;
CMD001994;C0254;2025-06-26;14;N/A;4.90;LIVREE;domicile;
CMD001994;C0254;2025-06-26;12;0,5;3.50;livrée;domicile;
CMD001995;C0311;26/06/2025;6;1;1.40;livrée;point_relais;
CMD001995;C0311;2025-06-26;14;3;4.90;Livrée;point_relais;
CMD001995;C0311;26-06-25;22;1;4.80;Livrée;point_relais;
CMD001995;C0311;2025-06-26;40;1;3.50;LIVREE;point_relais;
CMD001995;C0311;2025-06-26;21;2;9.90;Livree;point_relais;
CMD001996;C0153;26/06/2025;1;0.5;4.20;LIVREE;retrait_ferme;
CMD001996;C0153;2025-06-26;12;1.5;3.50;Livrée;retrait_ferme;
CMD001996;C0153;2025-06-26;20;2;8.20;Livree;retrait_ferme;
CMD001996;C0153;2025-06-26;3;3;3.60;Livrée;retrait_ferme;
CMD001997;C0306;2025-06-26;26;2;8.90;livrée;domicile;
CMD001998;C0165;2025-06-27;35;1;3.90;livrée;point_relais;
CMD001999;C0139;2025-06-27;9;3;9.00;LIVREE;Domicile;
CMD001999;C0139;2025-06-27;34;3;4.80;Livree;domicile;
CMD001999;C0139;2025-06-27;15;3;5,80;Livree;domicile;
CMD002000;C0017;2025-06-27;31;4;1,20;livrée;domicile;
CMD002000;C0017;2025-06-27;11;0.5;3.20;LIVREE;domicile;
CMD002000;C0017;27/06/2025;8;2;2.60;Livree;domicile;
CMD002001;C0240;2025-06-27;19;1;7,50;LIVREE;point_relais;
CMD002002;C0062;2025-06-27;3;1;3.60;livrée;domicile;
CMD002002;C0062;27/06/2025;33;4;4.20;Livree;domicile;
CMD002003;C0185;27/06/2025;32;1;2,20;LIVREE;domicile;
CMD002003;C0185;2025-06-27;8;1;2.60;LIVREE;domicile;
CMD002003;C0185;2025-06-27;11;1;3.20;Livree;domicile;
CMD002004;C0237;27/06/2025;9;1.5;9.00;Livree;domicile;
CMD002004;C0237;2025-06-27;4;2;2.10;LIVREE;domicile;
CMD002005;C0166;2025-06-27;29;0.5;28.00;LIVREE;domicile;
CMD002005;C0166;2025-06-27;32;1;2.20;Livree;domicile;
CMD002006;C0093;2025-06-27;1;3;4,20;Livree;domicile;
CMD002006;C0093;2025-06-27;9;2;9.00;LIVREE;domicile;
CMD002006;C0093;2025-06-27;15;1.5;5.80;Livree;domicile;
CMD002007;C0031;2025-06-28;39;1;4,90;LIVREE;domicile;
CMD002007;C0031;28-06-25;18;2;4.20;LIVREE;Domicile;
CMD002008;C0265;28/06/2025;40;1;3.50;LIVREE;Domicile;
CMD002008;C0265;2025-06-28;26;3;8.90;LIVREE;domicile;
CMD002008;C0265;2025-06-28;31;2;1,20;Livrée;domicile;
CMD002009;C0263;2025-06-28;15;3;5,80;livrée;point_relais;
CMD002009;C0263;2025-06-28;14;2;4.90;Livrée;point_relais;
CMD002010;C0211;2025-06-28;1;2;4.20;Livrée;retrait_ferme;
CMD002010;C0211;2025-06-28;6;1;1.40;livrée;retrait_ferme;
CMD002010;C0211;2025-06-28;4;3;2.10;LIVREE;Retrait_ferme;
CMD002010;C0211;2025-06-28;15;1;5.80;livrée;retrait_ferme;
CMD002010;C0211;2025-06-28;10;3;2.90;livrée;Retrait_ferme;
CMD002011;C0207;2025-06-28;13;1;5,40;Livree;retrait_ferme;
CMD002011;C0207;28/06/2025;11;3;3.20;Livrée;retrait_ferme;
CMD002012;C0217;28/06/2025;30;0,2;24.00;Livrée;domicile;
CMD002012;C0217;2025-06-28;12;1,5;3,50;Livree;domicile;
CMD002013;C0211;2025-06-28;5;2;1.90;LIVREE;domicile;
CMD002014;C0120;2025-06-28;12;0.5;3,50;LIVREE;point_relais;
CMD002014;C0120;2025-06-28;14;3;4.90;Livree;point_relais;
CMD002015;C0052;28-06-25;9;0.5;9.00;Livree;point_relais;
CMD002016;C0276;2025-06-28;26;2;8.90;Livrée;domicile;
CMD002016;C0276;2025-06-28;21;4;9.90;Livree;domicile;
CMD002016;C0276;28/06/2025;2;2;2,80;Livree;domicile;
CMD002017;C0013;2025-06-28;5;1.5;1.90;livrée;domicile;
CMD002017;C0013;2025-06-28;18;N/A;4.20;Livrée;domicile;
CMD002017;C0013;2025-06-28;1;1.5;4.20;livrée;domicile;
CMD002017;C0013;2025-06-28;1;1.5;4.20;livrée;domicile;
CMD002017;C0013;28/06/2025;25;4;4.90;Livrée;domicile;
CMD002018;C0100;2025-06-28;28;1;1.90;LIVREE;point_relais;
CMD002018;C0100;2025-06-28;7;2;4.50;Livree;point_relais;
CMD002019;C0014;2025-06-28;1;2;4.20;Livrée;domicile;
CMD002019;C0014;2025-06-28;40;2;3,50;Livrée;domicile;
CMD002019;C0014;2025-06-28;14;1;4.90;livrée;domicile;
CMD002020;C0103;29-06-25;6;2;1.40;LIVREE;domicile;
CMD002020;C0103;2025-06-29;40;4;3.50;LIVREE;domicile;
CMD002021;C0062;2025-06-29;23;3;12.50;Livrée;domicile;
CMD002021;C0062;2025-06-29;12;2;3.50;Livrée;Domicile;
CMD002021;C0062;2025-06-29;27;4;3.40;LIVREE;domicile;
CMD002022;C0021;2025-06-29;37;1;3.10;LIVREE;point_relais;
CMD002022;C0021;2025-06-29;8;2;2,60;livrée;point_relais;
CMD002022;C0021;2025-06-29;38;2;5.60;livrée;point_relais;
CMD002023;C0300;29/06/2025;16;3;8.50;Livrée;domicile;
CMD002023;C0300;2025-06-29;11;3;3.20;LIVREE;domicile;
CMD002023;C0300;2025-06-29;15;2;5.80;Livrée;domicile;
CMD002024;C0217;2025-06-29;9;2;9.00;Livree;domicile;
CMD002024;C0217;2025-06-29;10;3;2.90;livrée;domicile;
CMD002025;C0079;2025-06-29;11;0.5;3.20;livrée;domicile;
CMD002025;C0079;2025-06-29;7;1;4,50;Livree;Domicile;
CMD002026;C0188;2025-06-29;20;1;8,20;Livrée;domicile;
CMD002026;C0188;29/06/2025;2;2;2.80;Livrée;domicile;
CMD002027;C0070;2025-06-29;15;1;5.80;Livrée;domicile;
CMD002027;C0070;2025-06-29;18;1;4.20;LIVREE;domicile;
CMD002027;C0070;2025-06-29;17;1;3,00;Livree;domicile;
CMD002028;C0105;2025-06-29;18;2;4.20;livrée;point_relais;
CMD002028;C0105;29/06/2025;29;0.5;28,00;Livrée;point_relais;
CMD002029;C0224;2025-06-29;32;3;2.20;Livree;point_relais;
CMD002030;C0282;2025-06-29;15;0.5;5,80;LIVREE;domicile;
CMD002030;C0282;2025-06-29;20;4;8,20;LIVREE;domicile;
CMD002030;C0282;2025-06-29;34;3;4.80;LIVREE;domicile;
CMD002031;C0207;2025-06-29;11;1,5;3.20;livrée;point_relais;
CMD002031;C0207;2025-06-29;17;2;3,00;Livrée;point_relais;
CMD002032;C0056;2025-06-29;25;4;4,90;livrée;retrait_ferme;
CMD002032;C0056;2025-06-29;2;1,5;2.80;Livrée;retrait_ferme;
CMD002032;C0056;2025-06-29;18;1;4,20;Livree;retrait_ferme;
CMD002033;C0093;2025-06-30;4;1.5;2.10;livrée;domicile;
CMD002033;C0093;2025-06-30;11;0.5;3.20;livrée;domicile;
CMD002033;C0093;2025-06-30;33;2;4,20;Livrée;domicile;
CMD002034;C0281;2025-06-30;13;2;5.40;annulee;domicile;rupture de stock
CMD002035;C0185;2025-06-30;35;1;3.90;Livree;domicile;
CMD002036;C0270;2025-06-30;38;4;5.60;Livrée;retrait_ferme;
CMD002036;C0270;2025-06-30;40;2;3.50;Livrée;retrait_ferme;
CMD002036;C0270;2025-06-30;5;0.5;1.90;Livree;retrait_ferme;
CMD002036;C0270;2025-06-30;13;1;5.40;Livree;retrait_ferme;
CMD002036;C0270;2025-06-30;18;1;4.20;LIVREE;retrait_ferme;
CMD002037;C0289;30/06/2025;18;1;4.20;Livree;point_relais;
CMD002037;C0289;2025-06-30;16;2;8.50;Livree;point_relais;
CMD002037;C0289;2025-06-30;20;2;8,20;livrée;point_relais;
CMD002038;C0241;2025-06-30;21;1;9,90;livrée;domicile;
CMD002039;C0090;30/06/2025;10;0.5;2.90;livrée;domicile;
CMD002040;C0005;30/06/2025;11;1,5;3,20;Livree;point_relais;
CMD002040;C0005;2025-06-30;20;1;8.20;Livree;point_relais;
CMD002041;C0282;2025-06-30;24;2;5.60;Livree;domicile;
CMD002041;C0282;2025-06-30;10;1;2.90;LIVREE;domicile;
CMD002042;C0211;30-06-25;35;2;3.90;Livrée;domicile;
CMD002042;C0211;2025-06-30;16;2;8,50;livrée;Domicile;
CMD002042;C0211;30/06/2025;19;1;7.50;Livrée;Domicile;
CMD002043;C0250;2025-07-01;34;1;5.09;livrée;domicile;
CMD002044;C0151;2025-07-01;19;4;7,95;Livree;point_relais;
CMD002044;C0151;2025-07-01;9;2;9,00;Livrée;point_relais;
CMD002045;C0135;2025-07-01;15;2;5.80;annulee;point_relais;annulation client
CMD002045;C0135;2025-07-01;36;3;5,51;annulée;point_relais;annulation client
CMD002045;C0135;2025-07-01;16;3;8.50;Annulée;point_relais;annulation client
CMD002046;C0060;2025-07-01;9;0.5;9.00;livrée;domicile;
CMD002046;C0060;2025-07-01;32;2;2,20;Livree;domicile;
CMD002047;C0283;01/07/2025;17;2;3.00;Livree;domicile;
CMD002048;C0075;01/07/2025;33;2;4.45;Livree;point_relais;
CMD002048;C0075;2025-07-01;1;1.5;4.20;Livree;Point_relais;
CMD002048;C0075;01-07-25;4;2;2,10;livrée;point_relais;
CMD002048;C0075;01/07/2025;24;2;5.94;LIVREE;point_relais;
CMD002049;C0093;2025-07-01;2;2;2.80;Livrée;retrait_ferme;
CMD002049;C0093;2025-07-01;13;1,5;5,40;Livrée;retrait_ferme;
CMD002049;C0093;2025-07-01;15;1,5;5.80;Livree;retrait_ferme;
CMD002049;C0093;2025-07-01;20;2;8.69;LIVREE;retrait_ferme;
CMD002049;C0093;2025-07-01;16;2;8,50;livrée;Retrait_ferme;
CMD002050;C0224;01-07-25;36;2;5.51;Livrée;retrait_ferme;
CMD002051;C0188;2025-07-01;38;2;5.60;LIVREE;domicile;
CMD002051;C0188;2025-07-01;22;1;5,09;livrée;Domicile;
CMD002051;C0188;2025-07-01;15;0.5;5.80;Livrée;domicile;
CMD002051;C0188;2025-07-01;15;0.5;5.80;Livrée;domicile;
CMD002051;C0188;01/07/2025;33;4;4,45;Livrée;domicile;
CMD002052;C0075;2025-07-01;14;3;4.90;LIVREE;domicile;
CMD002053;C0254;2025-07-02;23;4;13.25;livrée;point_relais;
CMD002053;C0254;2025-07-02;12;2;3.50;livrée;point_relais;
CMD002053;C0254;2025-07-02;19;2;7.95;LIVREE;point_relais;
CMD002053;C0254;2025-07-02;34;1;5,09;Livree;point_relais;
CMD002054;C0121;02/07/2025;19;4;7.95;Livree;point_relais;
CMD002054;C0121;2025-07-02;17;2;3.00;Livree;point_relais;
CMD002055;C0004;2025-07-02;16;2;8.50;LIVREE;retrait_ferme;
CMD002055;C0004;02/07/2025;28;1;1.90;LIVREE;retrait_ferme;
CMD002055;C0004;2025-07-02;10;2;2,90;livrée;retrait_ferme;
CMD002055;C0004;2025-07-02;40;2;3.71;Livrée;retrait_ferme;
CMD002055;C0004;2025-07-02;38;3;5.60;Livree;retrait_ferme;
CMD002056;C0158;2025-07-02;19;4;7,95;Livree;domicile;
CMD002056;C0158;2025-07-02;7;N/A;4.50;Livrée;domicile;
CMD002056;C0158;2025-07-02;11;0.5;3.20;Livree;domicile;
CMD002056;C0158;2025-07-02;23;1;13.25;Livree;domicile;
CMD002056;C0158;2025-07-02;6;1;1.40;LIVREE;domicile;
CMD002057;C0042;2025-07-02;10;3;2.90;livrée;domicile;
CMD002057;C0042;02/07/2025;16;1.5;8,50;LIVREE;domicile;
CMD002058;C0016;2025-07-02;5;1.5;1.90;LIVREE;point_relais;
CMD002058;C0016;2025-07-02;11;2;3,20;livrée;point_relais;
CMD002058;C0016;2025-07-02;37;1;3.10;LIVREE;point_relais;
CMD002059;C0291;2025-07-02;24;2;5,94;Livrée;point_relais;
CMD002059;C0291;2025-07-02;7;2;4.50;livrée;point_relais;
CMD002060;C0073;2025-07-02;4;0,5;2,10;Livrée;point_relais;
CMD002060;C0073;02-07-25;10;3;2.90;livrée;point_relais;
CMD002060;C0073;2025-07-02;22;4;5,09;LIVREE;point_relais;
CMD002060;C0073;2025-07-02;9;3;9,00;Livrée;point_relais;
CMD002061;C0010;02/07/2025;24;1;5.94;LIVREE;domicile;
CMD002061;C0010;2025-07-02;17;2;3.00;Livree;domicile;
CMD002061;C0010;02-07-25;18;2;4.20;livrée;domicile;
CMD002062;C0172;03/07/2025;27;2;3,40;LIVREE;domicile;
CMD002062;C0172;2025-07-03;18;2;4.20;LIVREE;domicile;
CMD002062;C0172;03/07/2025;12;1;3.50;Livree;domicile;
CMD002062;C0172;03/07/2025;12;1;3.50;Livree;domicile;
CMD002062;C0172;2025-07-03;28;1;1.90;LIVREE;domicile;
CMD002063;C0048;2025-07-03;4;0,5;2.10;LIVREE;retrait_ferme;
CMD002064;C0042;2025-07-03;27;3;3.40;Livree;point_relais;
CMD002064;C0042;03/07/2025;10;3;2,90;livrée;point_relais;
CMD002065;C0060;2025-07-03;40;3;3.71;livrée;domicile;
CMD002065;C0060;2025-07-03;35;1;4.13;LIVREE;domicile;
CMD002065;C0060;2025-07-03;1;3;4.20;Livree;Domicile;
CMD002066;C0028;2025-07-03;3;0.5;3,60;LIVREE;point_relais;
CMD002066;C0028;2025-07-03;37;2;3,10;Livree;point_relais;
CMD002067;C0032;2025-07-03;3;3;3.60;livrée;point_relais;
CMD002067;C0032;2025-07-03;12;1;3.50;Livree;point_relais;
CMD002068;C0107;2025-07-03;14;N/A;4.90;LIVREE;point_relais;
CMD002068;C0107;2025-07-03;16;2;8.50;Livrée;point_relais;
CMD002069;C0005;2025-07-04;12;3;3.50;Livrée;retrait_ferme;
CMD002069;C0005;2025-07-04;18;1;4.20;Livree;retrait_ferme;
CMD002070;C0017;04/07/2025;12;0.5;3.50;livrée;Point_relais;
CMD002071;C0216;2025-07-04;18;2;4,20;ANNULEE;domicile;client absent
CMD002071;C0216;2025-07-04;15;2;5,80;annulee;domicile;client absent
CMD002072;C0073;2025-07-04;19;3;7.95;LIVREE;point_relais;
CMD002073;C0028;2025-07-04;9;2;9.00;Livrée;point_relais;
CMD002074;C0306;2025-07-04;8;0.5;2.60;livrée;point_relais;
CMD002075;C0297;2025-07-04;6;1;1.40;Livrée;retrait_ferme;
CMD002075;C0297;04/07/2025;20;1;8.69;livrée;retrait_ferme;
CMD002076;C0143;2025-07-04;18;4;4.20;Livree;retrait_ferme;
CMD002076;C0143;2025-07-04;39;2;5.19;Livrée;retrait_ferme;
CMD002077;C0046;2025-07-04;6;3;1.40;livrée;point_relais;
CMD002077;C0046;2025-07-04;19;2;7.95;livrée;point_relais;
CMD002077;C0046;2025-07-04;23;1;13.25;livrée;point_relais;
CMD002078;C0038;2025-07-04;10;0.5;2.90;livrée;point_relais;
CMD002078;C0038;04/07/2025;18;3;4.20;LIVREE;point_relais;
CMD002078;C0038;2025-07-04;4;3;2.10;LIVREE;point_relais;
CMD002079;C0168;2025-07-04;27;2;3.40;Livrée;domicile;
CMD002080;C0279;2025-07-04;15;1;5.80;LIVREE;domicile;
CMD002080;C0279;04/07/2025;18;1;4.20;Livree;domicile;
CMD002080;C0279;2025-07-04;35;1;4.13;Livrée;domicile;
CMD002080;C0279;2025-07-04;30;0.5;24.00;Livree;domicile;
CMD002081;C0241;2025-07-04;9;1.5;9.00;LIVREE;point_relais;
CMD002081;C0241;2025-07-04;38;1;5.60;livrée;point_relais;
CMD002082;C0135;2025-07-04;7;2;4.50;livrée;point_relais;
CMD002082;C0135;2025-07-04;2;3;2.80;Livree;point_relais;
CMD002083;C0014;05/07/2025;24;3;5,94;Livrée;Retrait_ferme;
CMD002083;C0014;2025-07-05;26;1;8.90;Livrée;retrait_ferme;
CMD002083;C0014;05-07-25;15;1.5;5.80;livrée;retrait_ferme;
CMD002083;C0014;2025-07-05;31;3;1.20;LIVREE;retrait_ferme;
CMD002084;C0003;2025-07-05;11;1,5;3.20;LIVREE;domicile;
CMD002084;C0003;2025-07-05;14;1.5;4.90;LIVREE;domicile;
CMD002084;C0910;2025-07-05;12;0.5;3.50;livrée;domicile;
CMD002085;C0224;05/07/2025;1;1;4.20;LIVREE;point_relais;
CMD002085;C0224;2025-07-05;40;1;3,71;LIVREE;point_relais;
CMD002085;C0224;2025-07-05;11;3;3,20;livrée;point_relais;
CMD002085;C0224;2025-07-05;9;0,5;9.00;Livree;point_relais;
CMD002085;C0224;2025-07-05;38;1;5.60;livrée;point_relais;
CMD002086;C0103;2025-07-05;10;3;2.90;Livree;point_relais;
CMD002086;C0103;2025-07-05;13;2;5.40;livrée;point_relais;
CMD002086;C0103;2025-07-05;15;1.5;5.80;Livrée;point_relais;
CMD002087;C0203;2025-07-05;14;0.5;4,90;Livrée;domicile;
CMD002087;C0203;2025-07-05;10;3;2.90;Livree;domicile;
CMD002087;C0203;2025-07-05;18;4;4.20;Livree;domicile;
CMD002088;C0274;2025-07-05;21;4;10.49;livrée;point_relais;
CMD002089;C0026;2025-07-05;18;1;4,20;Livrée;point_relais;
CMD002089;C0026;2025-07-05;9;0.5;9,00;LIVREE;point_relais;
CMD002090;C0143;2025-07-05;21;1;10,49;livrée;point_relais;
CMD002091;C0207;2025-07-05;15;3;5.80;Livrée;point_relais;
CMD002091;C0207;05/07/2025;32;2;2,20;livrée;point_relais;
CMD002091;C0207;2025-07-05;23;3;13.25;Livrée;point_relais;
CMD002092;C0272;2025-07-05;38;2;5.60;LIVREE;point_relais;
CMD002092;C0272;2025-07-05;39;1.5;5.19;Livree;point_relais;
CMD002093;C0032;2025-07-06;31;2;1,20;Livree;point_relais;
CMD002093;C0032;2025-07-06;6;1;1.40;LIVREE;point_relais;
CMD002094;C0228;2025-07-06;32;1;2.20;ANNULEE;Domicile;rupture de stock
CMD002094;C0228;2025-07-06;18;2;4.20;annulée;domicile;rupture de stock
CMD002094;C0228;2025-07-06;27;1;3.40;annulee;domicile;rupture de stock
CMD002095;C0076;2025-07-06;1;3;4.20;livrée;domicile;
CMD002096;C0166;2025-07-06;38;3;5,60;Livree;domicile;
CMD002096;C0166;2025-07-06;33;2;4.45;LIVREE;domicile;
CMD002096;C0166;2025-07-06;7;0.5;4.50;LIVREE;domicile;
CMD002097;C0028;2025-07-06;13;1;5.40;LIVREE;Domicile;
CMD002097;C0028;2025-07-06;32;3;2,20;LIVREE;domicile;
CMD002097;C0028;2025-07-06;38;1;5.60;livrée;domicile;
CMD002097;C0028;2025-07-06;11;1,5;3,20;livrée;domicile;
CMD002098;C0198;2025-07-06;2;1.5;2,80;Livree;domicile;
CMD002099;C0107;06/07/2025;10;0.5;2,90;LIVREE;domicile;
CMD002099;C0107;2025-07-06;25;1;5.19;LIVREE;domicile;
CMD002099;C0107;2025-07-06;8;1;2.60;Livree;domicile;
CMD002099;C0107;2025-07-06;21;2;10.49;Livree;Domicile;
CMD002099;C0107;2025-07-06;36;2;5.51;LIVREE;domicile;
CMD002099;C0107;2025-07-06;36;2;5.51;LIVREE;domicile;
CMD002100;C0129;2025-07-06;3;0.5;3.60;Livrée;Point_relais;
CMD002100;C0129;2025-07-06;18;4;4,20;Livree;point_relais;
CMD002100;C0129;2025-07-06;20;1;8.69;LIVREE;point_relais;
CMD002101;C0265;2025-07-06;13;2;5.40;LIVREE;domicile;
CMD002101;C0265;06-07-25;27;4;3,40;Livree;domicile;
CMD002101;C0265;2025-07-06;12;3;3.50;Livrée;domicile;
CMD002102;C0149;2025-07-06;18;1;4.20;LIVREE;Retrait_ferme;
CMD002102;C0149;2025-07-06;13;1.5;5.40;Livrée;retrait_ferme;
CMD002102;C0149;06/07/2025;9;3;9.00;LIVREE;retrait_ferme;
CMD002103;C0211;2025-07-06;14;1.5;4.90;Livree;domicile;
CMD002103;C0211;2025-07-06;7;3;4.50;Livree;Domicile;
CMD002103;C0211;2025-07-06;4;1.5;2.10;livrée;domicile;
CMD002103;C0211;06/07/2025;25;3;5.19;livrée;domicile;
CMD002103;C0211;2025-07-06;24;2;5.94;livrée;domicile;
CMD002104;C0093;06/07/2025;35;1;4,13;livrée;retrait_ferme;
CMD002104;C0093;2025-07-06;36;2;5.51;Livrée;retrait_ferme;
CMD002104;C0093;06/07/2025;15;0.5;5,80;Livree;retrait_ferme;
CMD002105;C0250;2025-07-06;14;1.5;4.90;Livree;domicile;
CMD002105;C0250;2025-07-06;28;1;1.90;Livree;domicile;
CMD002105;C0250;2025-07-06;35;4;4.13;Livree;domicile;
CMD002106;C0014;06-07-25;12;0.5;3,50;livrée;point_relais;
CMD002106;C0014;2025-07-06;4;0.5;2.10;Livrée;point_relais;
CMD002107;C0236;2025-07-06;18;2;4,20;LIVREE;domicile;
CMD002107;C0236;2025-07-06;18;2;4,20;LIVREE;domicile;
CMD002107;C0236;2025-07-06;22;1;5.09;Livree;domicile;
CMD002107;C0236;2025-07-06;15;3;5,80;Livree;domicile;
CMD002108;C0023;06-07-25;15;3;5.80;Livree;point_relais;
CMD002108;C0023;06/07/2025;18;4;4,20;LIVREE;point_relais;
CMD002109;C0143;2025-07-06;12;3;3,50;Livree;domicile;
CMD002109;C0143;06-07-25;7;2;4,50;LIVREE;domicile;
CMD002109;C0143;2025-07-06;8;1.5;2,60;Livree;domicile;
CMD002110;C0183;2025-07-07;16;0,5;8.50;livrée;retrait_ferme;
CMD002110;C0183;2025-07-07;5;1.5;1.90;Livree;retrait_ferme;
CMD002110;C0183;07/07/2025;38;2;5.60;Livrée;retrait_ferme;
CMD002111;C0191;2025-07-07;17;2;3.00;Livree;domicile;
CMD002112;C0282;07/07/2025;40;3;3.71;livrée;domicile;
CMD002112;C0282;07/07/2025;29;0.2;28.00;Livree;domicile;
CMD002112;C0282;2025-07-07;25;1;5.19;livrée;domicile;
CMD002112;C0282;07/07/2025;18;N/A;4.20;livrée;domicile;
CMD002112;C0282;07/07/2025;6;2;1.40;LIVREE;domicile;
CMD002112;C0282;07/07/2025;6;2;1.40;LIVREE;domicile;
CMD002113;C0016;2025-07-07;9;1;9.00;livrée;domicile;
CMD002113;C0016;07/07/2025;12;3;3.50;LIVREE;domicile;
CMD002114;C0138;07/07/2025;32;2;2,20;LIVREE;point_relais;
CMD002114;C0138;07/07/2025;1;1;4.20;Livrée;point_relais;
CMD002114;C0138;2025-07-07;18;1;4.20;LIVREE;point_relais;
CMD002115;C0297;2025-07-07;6;3;1,40;Livree;point_relais;
CMD002116;C0167;2025-07-07;23;2;13,25;livrée;retrait_ferme;
CMD002117;C0263;2025-07-07;1;2;4,20;LIVREE;point_relais;
CMD002117;C0263;2025-07-07;30;0.5;24.00;livrée;point_relais;
CMD002117;C0263;2025-07-07;12;2;3,50;Livrée;point_relais;
CMD002118;C0084;2025-07-07;28;4;1,90;LIVREE;point_relais;
CMD002118;C0084;2025-07-07;2;3;2,80;Livree;point_relais;
CMD002118;C0084;2025-07-07;19;3;7.95;Livrée;point_relais;
CMD002118;C0084;07-07-25;40;4;3.71;LIVREE;point_relais;
CMD002119;C0309;2025-07-07;29;0,5;28.00;LIVREE;domicile;
CMD002120;C0016;2025-07-07;40;3;3,71;livrée;point_relais;
CMD002120;C0016;2025-07-07;12;1.5;3.50;livrée;point_relais;
CMD002120;C0016;2025-07-07;31;2;1.20;livrée;point_relais;
CMD002120;C0016;2025-07-07;11;1.5;3,20;livrée;point_relais;
CMD002121;C0016;2025-07-08;32;1;2.20;livrée;point_relais;
CMD002121;C0016;2025-07-08;18;1;4.20;Livrée;point_relais;
CMD002121;C0016;2025-07-08;8;0,5;2.60;LIVREE;point_relais;
CMD002121;C0016;08/07/2025;27;1;3.40;Livrée;point_relais;
CMD002121;C0016;08/07/2025;13;3;5,40;Livree;point_relais;
CMD002122;C0023;2025-07-08;27;1;3.40;Livrée;domicile;
CMD002122;C0023;2025-07-08;4;0.5;2.10;LIVREE;Domicile;
CMD002123;C0188;2025-07-08;11;2;3.20;livrée;domicile;
CMD002123;C0188;08/07/2025;6;2;1.40;Livrée;domicile;
CMD002123;C0188;2025-07-08;20;4;8.69;livrée;domicile;
CMD002124;C0185;08/07/2025;22;3;5.09;LIVREE;domicile;
CMD002124;C0185;2025-07-08;3;2;3.60;Livrée;domicile;
CMD002125;C0216;2025-07-08;15;1.5;5,80;livrée;point_relais;
CMD002126;C0174;2025-07-08;5;0,5;1.90;LIVREE;domicile;
CMD002126;C0174;2025-07-08;24;3;5,94;livrée;domicile;
CMD002127;C0053;08/07/2025;26;2;8,90;Livree;point_relais;
CMD002127;C0053;2025-07-08;10;0.5;2.90;Livrée;point_relais;
CMD002128;C0172;2025-07-09;29;0,5;28.00;LIVREE;point_relais;
CMD002128;C0172;2025-07-09;37;4;3.10;Livree;point_relais;
CMD002128;C0172;2025-07-09;1;2;4.20;Livrée;point_relais;
CMD002128;C0172;2025-07-09;19;2;7,95;Livrée;point_relais;
CMD002129;C0016;09-07-25;11;3;3.20;Livree;point_relais;
CMD002129;C0016;2025-07-09;9;1.5;9,00;LIVREE;point_relais;
CMD002129;C0016;2025-07-09;4;3;2.10;livrée;Point_relais;
CMD002130;C0205;2025-07-09;26;2;8.90;Livrée;domicile;
CMD002131;C0207;2025-07-09;2;3;2.80;livrée;retrait_ferme;
CMD002132;C0070;2025-07-09;33;3;4.45;livrée;domicile;
CMD002133;C0080;09-07-25;7;2;4.50;livrée;point_relais;
CMD002134;C0300;09/07/2025;15;2;5,80;Livrée;point_relais;
CMD002134;C0300;2025-07-09;5;1;1,90;Livrée;point_relais;
CMD002134;C0300;2025-07-09;8;0.5;2.60;Livree;point_relais;
CMD002134;C0300;2025-07-09;2;1;2,80;Livrée;point_relais;
CMD002135;C0032;2025-07-09;29;0.2;28.00;livrée;domicile;
CMD002135;C0032;2025-07-09;5;3;1,90;LIVREE;domicile;
CMD002136;C0187;2025-07-09;1;1;4.20;annulee;domicile;paiement refusé
CMD002136;C0187;2025-07-09;23;3;13.25;annulée;domicile;paiement refusé
CMD002136;C0187;09/07/2025;3;0,5;3,60;Annulée;domicile;paiement refusé
CMD002136;C0187;2025-07-09;18;1;4.20;annulée;domicile;paiement refusé
CMD002136;C0187;2025-07-09;24;3;5.94;annulee;domicile;paiement refusé
CMD002137;C0272;2025-07-09;15;1;5.80;Livrée;retrait_ferme;
CMD002137;C0272;09-07-25;5;1;1,90;livrée;retrait_ferme;
CMD002137;C0272;2025-07-09;20;4;8.69;livrée;retrait_ferme;
CMD002138;C0224;2025-07-09;19;2;7.95;LIVREE;point_relais;
CMD002139;C0080;2025-07-10;37;1;3,10;livrée;domicile;
CMD002139;C0080;2025-07-10;2;2;2,80;livrée;domicile;
CMD002140;C0282;2025-07-10;16;1.5;8,50;Livree;point_relais;
CMD002141;C0107;10/07/2025;27;1;3,40;LIVREE;domicile;
CMD002142;C0045;2025-07-10;14;1,5;4.90;Livrée;domicile;
CMD002142;C0045;2025-07-10;10;3;2,90;livrée;domicile;
CMD002143;C0190;2025-07-10;34;2;5.09;livrée;point_relais;
CMD002143;C0190;2025-07-10;2;0.5;2.80;LIVREE;point_relais;
CMD002143;C0190;2025-07-10;12;3;3.50;Livree;point_relais;
CMD002143;C0190;2025-07-10;32;3;2,20;Livrée;point_relais;
CMD002143;C0190;10/07/2025;16;3;8,50;Livrée;point_relais;
CMD002144;C0282;2025-07-10;1;1;4,20;livrée;domicile;
CMD002144;C0282;2025-07-10;16;1;8,50;Livrée;domicile;
CMD002145;C0075;2025-07-10;36;2;5,51;Livrée;domicile;
CMD002145;C0956;2025-07-10;12;1;3,50;Livree;domicile;
CMD002145;C0075;2025-07-10;10;1.5;2.90;Livrée;domicile;
CMD002145;C0972;2025-07-10;2;3;2.80;Livree;domicile;
CMD002146;C0016;2025-07-10;9;2;9.00;Livree;retrait_ferme;
CMD002147;C0187;2025-07-11;14;3;4,90;Livrée;retrait_ferme;
CMD002147;C0187;2025-07-11;29;0.2;28.00;Livrée;retrait_ferme;
CMD002148;C0162;2025-07-11;3;2;3.60;LIVREE;domicile;
CMD002148;C0162;2025-07-11;4;3;2.10;LIVREE;domicile;
CMD002148;C0162;11/07/2025;21;4;10.49;livrée;domicile;
CMD002149;C0006;2025-07-11;7;1;4,50;livrée;domicile;
CMD002150;C0271;2025-07-11;17;1;3.00;livrée;domicile;
CMD002150;C0271;2025-07-11;15;1;5.80;livrée;domicile;
CMD002150;C0271;11/07/2025;16;2;8,50;Livrée;domicile;
CMD002151;C0005;2025-07-11;12;1;3,50;livrée;point_relais;
CMD002151;C0005;2025-07-11;31;1;1,20;Livree;point_relais;
CMD002152;C0151;11-07-25;39;3;5,19;Livrée;domicile;
CMD002152;C0151;2025-07-11;8;3;2.60;Livree;domicile;
CMD002153;C0053;2025-07-11;3;2;3,60;livrée;retrait_ferme;
CMD002153;C0053;2025-07-11;3;2;3,60;livrée;retrait_ferme;
CMD002153;C0053;11-07-25;30;0.2;24.00;livrée;retrait_ferme;
CMD002153;C0053;2025-07-11;4;3;2.10;LIVREE;retrait_ferme;
CMD002154;C0168;11/07/2025;16;1.5;8.50;livrée;point_relais;
CMD002154;C0168;2025-07-11;13;2;5.40;LIVREE;point_relais;
CMD002154;C0168;2025-07-11;7;2;4,50;Livree;point_relais;
CMD002154;C0168;11/07/2025;31;3;1.20;Livrée;Point_relais;
CMD002154;C0168;11/07/2025;5;3;1.90;Livrée;point_relais;
CMD002155;C0263;12-07-25;3;1;3,60;livrée;point_relais;
CMD002155;C0263;2025-07-12;2;3;2,80;Livrée;point_relais;
CMD002155;C0263;2025-07-12;5;1.5;1,90;LIVREE;Point_relais;
CMD002155;C0263;2025-07-12;17;4;3.00;LIVREE;point_relais;
CMD002156;C0062;2025-07-12;3;1;3.60;Livree;domicile;
CMD002156;C0062;2025-07-12;13;1,5;5.40;LIVREE;domicile;
CMD002156;C0062;12/07/2025;21;1;10.49;Livrée;domicile;
CMD002156;C0062;2025-07-12;9;1;9.00;LIVREE;domicile;
CMD002157;C0293;2025-07-12;37;3;3.10;LIVREE;domicile;
CMD002157;C0293;12/07/2025;21;3;10,49;LIVREE;domicile;
CMD002158;C0287;2025-07-12;32;4;2.20;Annulée;domicile;paiement refusé
CMD002158;C0287;2025-07-12;3;1.5;3.60;annulée;domicile;paiement refusé
CMD002158;C0287;2025-07-12;9;2;9.00;annulée;domicile;paiement refusé
CMD002158;C0287;2025-07-12;11;3;3,20;annulee;domicile;paiement refusé
CMD002159;C0156;12/07/2025;12;1.5;3,50;Livrée;point_relais;
CMD002159;C0156;12/07/2025;5;1;1.90;livrée;point_relais;
CMD002160;C0245;2025-07-12;23;2;13.25;LIVREE;point_relais;
CMD002160;C0245;2025-07-12;2;0.5;2,80;Livrée;point_relais;
CMD002161;C0256;12/07/2025;2;0.5;2.80;LIVREE;point_relais;
CMD002162;C0159;2025-07-12;19;2;7.95;LIVREE;retrait_ferme;
CMD002163;C0037;12/07/2025;3;2;3.60;Livrée;point_relais;
CMD002164;C0287;2025-07-12;23;1;13.25;LIVREE;point_relais;
CMD002164;C0287;2025-07-12;6;3;1.40;Livree;point_relais;
CMD002164;C0287;2025-07-12;16;1.5;8.50;Livrée;point_relais;
CMD002165;C0217;2025-07-12;11;2;3,20;livrée;retrait_ferme;
CMD002165;C0217;12/07/2025;9;1;9,00;Livree;retrait_ferme;
CMD002165;C0217;2025-07-12;28;3;1.90;LIVREE;retrait_ferme;
CMD002165;C0217;12/07/2025;15;1.5;5,80;Livrée;retrait_ferme;
CMD002166;C0270;2025-07-12;16;0.5;8,50;livrée;domicile;
CMD002166;C0270;2025-07-12;31;2;1.20;Livrée;domicile;
CMD002166;C0270;2025-07-12;18;2;4.20;Livree;domicile;
CMD002166;C0270;2025-07-12;19;2;7.95;livrée;domicile;
CMD002166;C0270;12/07/2025;14;1.5;4,90;LIVREE;domicile;
CMD002167;C0039;2025-07-12;6;1;1,40;Livree;point_relais;
CMD002168;C0014;12/07/2025;5;1;1,90;LIVREE;domicile;
CMD002169;C0071;12/07/2025;9;2;9.00;livrée;domicile;
CMD002169;C0071;12/07/2025;9;2;9.00;livrée;domicile;
CMD002170;C0111;2025-07-13;14;0,5;4.90;livrée;domicile;
CMD002170;C0111;2025-07-13;5;1;1,90;livrée;domicile;
CMD002170;C0111;2025-07-13;12;1.5;3,50;Livree;domicile;
CMD002170;C0111;13/07/2025;16;0,5;8.50;LIVREE;domicile;
CMD002170;C0111;2025-07-13;15;3;5.80;Livrée;domicile;
CMD002171;C0105;2025-07-13;26;1;8.90;Livree;domicile;
CMD002171;C0105;2025-07-13;11;1.5;3.20;Livree;domicile;
CMD002172;C0245;13/07/2025;11;3;3.20;LIVREE;point_relais;
CMD002172;C0245;13/07/2025;34;2;5.09;Livrée;point_relais;
CMD002172;C0245;2025-07-13;4;1;2.10;Livrée;point_relais;
CMD002173;C0283;2025-07-13;3;0.5;3.60;livrée;retrait_ferme;
CMD002173;C0283;2025-07-13;5;3;1.90;Livree;retrait_ferme;
CMD002173;C0283;2025-07-13;31;1;1.20;Livrée;retrait_ferme;
CMD002174;C0189;2025-07-13;6;2;1.40;Annulée;Domicile;paiement refusé
CMD002174;C0189;13/07/2025;8;2;2,60;Annulée;domicile;paiement refusé
CMD002174;C0189;13/07/2025;8;2;2,60;Annulée;domicile;paiement refusé
CMD002174;C0189;13/07/2025;17;2;3,00;annulee;domicile;paiement refusé
CMD002174;C0189;2025-07-13;12;0,5;3.50;ANNULEE;domicile;paiement refusé
CMD002175;C0002;2025-07-13;9;3;9.00;Livrée;point_relais;
CMD002176;C0062;2025-07-13;24;1;5.94;Livree;domicile;
CMD002176;C0062;13-07-25;4;0.5;2,10;Livrée;domicile;
CMD002176;C0062;2025-07-13;13;1.5;5,40;Livree;domicile;
CMD002177;C0208;2025-07-13;4;3;2.10;LIVREE;domicile;
CMD002177;C0208;2025-07-13;27;4;3.40;Livree;domicile;
CMD002177;C0208;13-07-25;26;3;8.90;LIVREE;domicile;
CMD002177;C0208;2025-07-13;31;1;1.20;Livree;domicile;
CMD002178;C0060;2025-07-13;15;1.5;5.80;Annulée;domicile;rupture de stock
CMD002178;C0060;2025-07-13;2;3;2,80;annulee;domicile;rupture de stock
CMD002179;C0278;13/07/2025;38;2;5,60;livrée;point_relais;
CMD002179;C0278;2025-07-13;1;0,5;4.20;livrée;point_relais;
CMD002179;C0278;2025-07-13;8;1.5;2,60;livrée;point_relais;
CMD002180;C0297;14-07-25;18;3;4,20;ANNULEE;point_relais;paiement refusé
CMD002180;C0297;14/07/2025;10;0.5;2.90;annulée;point_relais;paiement refusé
CMD002180;C0297;2025-07-14;13;3;5.40;annulée;point_relais;paiement refusé
CMD002181;C0133;14-07-25;6;3;1.40;livrée;point_relais;
CMD002181;C0133;14/07/2025;3;2;3.60;Livree;point_relais;
CMD002181;C0133;2025-07-14;29;0.2;28.00;Livrée;point_relais;
CMD002182;C0013;2025-07-14;33;1;4.45;Livrée;domicile;
CMD002182;C0013;2025-07-14;17;2;3,00;LIVREE;Domicile;
CMD002182;C0013;2025-07-14;6;N/A;1.40;Livree;domicile;
CMD002182;C0013;2025-07-14;12;3;3,50;LIVREE;domicile;
CMD002183;C0294;2025-07-14;27;3;3.40;LIVREE;domicile;
CMD002183;C0294;2025-07-14;36;3;5.51;Livree;domicile;
CMD002183;C0294;2025-07-14;7;1;4.50;Livrée;domicile;
CMD002183;C0294;14-07-25;31;2;1.20;Livree;domicile;
CMD002183;C0294;2025-07-14;3;3;3.60;livrée;domicile;
CMD002184;C0094;2025-07-14;10;1.5;2.90;Livrée;domicile;
CMD002185;C0041;2025-07-14;10;1.5;2.90;Livrée;point_relais;
CMD002185;C0041;2025-07-14;6;1;1,40;Livree;point_relais;
CMD002186;C0150;2025-07-14;12;0,5;3.50;livrée;point_relais;
CMD002187;C0273;2025-07-14;12;2;3.50;Livrée;retrait_ferme;
CMD002188;C0113;14/07/2025;5;3;1,90;Livrée;point_relais;
CMD002188;C0113;14/07/2025;2;0.5;2.80;Livrée;point_relais;
CMD002188;C0113;2025-07-14;9;2;9,00;Livree;point_relais;
CMD002189;C0302;2025-07-15;14;2;4,90;livrée;domicile;
CMD002189;C0302;2025-07-15;14;2;4,90;livrée;domicile;
CMD002189;C0302;2025-07-15;6;1;1,40;Livree;domicile;
CMD002189;C0302;2025-07-15;15;1.5;5.80;Livrée;domicile;
CMD002189;C0302;2025-07-15;7;0.5;4,50;LIVREE;domicile;
CMD002190;C0064;2025-07-15;15;1;5.80;Livrée;point_relais;
CMD002190;C0064;15-07-25;36;3;5.51;Livree;point_relais;
CMD002190;C0064;15/07/2025;4;2;2.10;LIVREE;Point_relais;
CMD002190;C0064;2025-07-15;7;3;4,50;LIVREE;point_relais;
CMD002190;C0064;2025-07-15;5;3;1.90;livrée;point_relais;
CMD002191;C0028;2025-07-15;17;4;3,00;Livree;point_relais;
CMD002191;C0028;2025-07-15;16;0,5;8.50;Livree;point_relais;
CMD002191;C0028;2025-07-15;38;1;5.60;Livrée;point_relais;
CMD002192;C0273;2025-07-15;3;3;3,60;Livrée;point_relais;
CMD002193;C0163;2025-07-15;2;3;2.80;livrée;domicile;
CMD002194;C0150;2025-07-15;8;1;2,60;livrée;retrait_ferme;
CMD002194;C0150;2025-07-15;3;3;3,60;LIVREE;retrait_ferme;
CMD002195;C0052;2025-07-15;33;4;4.45;Livree;domicile;
CMD002195;C0052;15/07/2025;8;1.5;2.60;Livrée;domicile;
CMD002196;C0060;15/07/2025;10;1;2,90;Livrée;domicile;
CMD002196;C0060;2025-07-15;34;1;5.09;Livree;domicile;
CMD002196;C0060;2025-07-15;34;1;5.09;Livree;domicile;
CMD002197;C0127;2025-07-15;40;3;3,71;livrée;point_relais;
CMD002197;C0127;15/07/2025;22;4;5.09;livrée;point_relais;
CMD002198;C0207;2025-07-16;10;3;2.90;Livree;domicile;
CMD002198;C0207;2025-07-16;9;0,5;9.00;LIVREE;domicile;
CMD002198;C0207;16-07-25;8;1.5;2.60;LIVREE;domicile;
CMD002199;C0012;2025-07-16;9;1;9.00;livrée;point_relais;
CMD002199;C0012;2025-07-16;2;2;2.80;Livree;point_relais;
CMD002199;C0012;16/07/2025;38;3;5.60;LIVREE;point_relais;
CMD002199;C0012;16-07-25;4;3;2,10;Livrée;point_relais;
CMD002200;C0112;16/07/2025;32;1;2.20;Livrée;point_relais;
CMD002200;C0112;16/07/2025;21;4;10.49;Livree;point_relais;
CMD002200;C0112;2025-07-16;39;3;5,19;livrée;point_relais;
CMD002201;C0086;16/07/2025;4;3;2.10;Livree;domicile;
CMD002202;C0239;16/07/2025;40;2;3.71;livrée;domicile;
CMD002202;C0239;16/07/2025;27;4;3.40;LIVREE;domicile;
CMD002203;C0015;2025-07-16;4;2;2.10;ANNULEE;Domicile;paiement refusé
CMD002204;C0080;2025-07-16;31;N/A;1.20;Livrée;point_relais;
CMD002204;C0080;16-07-25;1;1;4.20;Livree;point_relais;
CMD002204;C0080;16-07-25;1;1;4.20;Livree;point_relais;
CMD002205;C0157;16/07/2025;1;2;4.20;Livree;domicile;
CMD002205;C0157;16/07/2025;4;1.5;2.10;Livree;domicile;
CMD002205;C0157;2025-07-16;19;2;7.95;Livree;domicile;
CMD002206;C0053;2025-07-16;26;1;8.90;Livree;retrait_ferme;
CMD002207;C0244;2025-07-16;21;2;10.49;LIVREE;point_relais;
CMD002207;C0244;16/07/2025;1;0.5;4.20;LIVREE;point_relais;
CMD002208;C0309;2025-07-16;26;1;8.90;livrée;domicile;
CMD002208;C0309;2025-07-16;1;2;4,20;LIVREE;domicile;
CMD002208;C0309;2025-07-16;1;2;4,20;LIVREE;domicile;
CMD002209;C0170;2025-07-16;5;3;1,90;Livree;retrait_ferme;
CMD002209;C0170;2025-07-16;29;0.5;28.00;Livrée;retrait_ferme;
CMD002210;C0283;2025-07-16;6;1;1.40;Livree;domicile;
CMD002210;C0283;16-07-25;22;3;5.09;Livrée;domicile;
CMD002211;C0154;2025-07-17;32;4;2.20;Livrée;domicile;
CMD002211;C0154;17/07/2025;11;0,5;3.20;Livrée;domicile;
CMD002212;C0224;17/07/2025;11;0,5;3.20;Livrée;retrait_ferme;
CMD002213;C0219;2025-07-17;6;3;1,40;Livrée;domicile;
CMD002213;C0219;17/07/2025;13;1;5.40;LIVREE;domicile;
CMD002213;C0219;17/07/2025;13;1;5.40;LIVREE;domicile;
CMD002214;C0183;17/07/2025;5;1;1.90;LIVREE;domicile;
CMD002215;C0166;17-07-25;15;1.5;5.80;Livree;Point_relais;
CMD002216;C0015;17-07-25;3;1,5;3.60;Livrée;retrait_ferme;
CMD002216;C0015;2025-07-17;38;1;5.60;Livree;Retrait_ferme;
CMD002216;C0015;17/07/2025;32;2;2.20;LIVREE;retrait_ferme;
CMD002217;C0197;2025-07-17;5;1;1,90;Livrée;domicile;
CMD002217;C0197;2025-07-17;10;1;2.90;Livrée;domicile;
CMD002217;C0197;2025-07-17;23;3;13.25;livrée;domicile;
CMD002217;C0197;17/07/2025;16;1;8,50;LIVREE;domicile;
CMD002217;C0197;17/07/2025;16;1;8,50;LIVREE;domicile;
CMD002217;C0197;2025-07-17;26;1;8,90;LIVREE;domicile;
CMD002218;C0048;2025-07-17;33;2;4.45;livrée;domicile;
CMD002218;C0048;17/07/2025;11;2;3,20;livrée;domicile;
CMD002219;C0263;2025-07-17;2;2;2.80;Livrée;point_relais;
CMD002220;C0273;2025-07-17;33;2;4.45;Livree;domicile;
CMD002220;C0273;2025-07-17;19;1;7,95;Livree;domicile;
CMD002220;C0273;2025-07-17;14;1;4,90;Livree;domicile;
CMD002221;C0075;2025-07-17;35;2;4.13;Livrée;Domicile;
CMD002221;C0075;2025-07-17;21;1;10,49;Livree;domicile;
CMD002221;C0075;2025-07-17;2;1.5;2,80;Livrée;domicile;
CMD002221;C0075;2025-07-17;3;0.5;3.60;Livree;domicile;
CMD002222;C0042;2025-07-17;9;2;9.00;Livree;retrait_ferme;
CMD002222;C0042;2025-07-17;18;2;4,20;Livree;retrait_ferme;
CMD002223;C0224;2025-07-17;10;1;2.90;livrée;domicile;
CMD002223;C0224;2025-07-17;25;2;5.19;LIVREE;domicile;
CMD002223;C0224;2025-07-17;24;2;5.94;Livrée;domicile;
CMD002224;C0220;2025-07-18;38;4;5.60;Livrée;retrait_ferme;
CMD002224;C0220;2025-07-18;7;1.5;4.50;livrée;retrait_ferme;
CMD002224;C0220;2025-07-18;2;3;2.80;Livrée;retrait_ferme;
CMD002225;C0039;2025-07-18;30;0.5;24.00;Livree;retrait_ferme;
CMD002226;C0244;2025-07-18;1;1.5;4,20;Livree;domicile;
CMD002226;C0985;2025-07-18;15;3;5.80;LIVREE;domicile;
CMD002227;C0138;18/07/2025;14;1.5;4.90;livrée;domicile;
CMD002228;C0200;2025-07-18;17;3;3.00;Livree;domicile;
CMD002228;C0200;2025-07-18;20;3;8.69;LIVREE;domicile;
CMD002229;C0120;18/07/2025;28;3;1.90;Livrée;point_relais;
CMD002229;C0120;2025-07-18;16;2;8.50;Livrée;point_relais;
CMD002229;C0120;18-07-25;11;3;3,20;Livrée;point_relais;
CMD002229;C0120;2025-07-18;10;0.5;2.90;LIVREE;point_relais;
CMD002230;C0004;2025-07-18;9;1;9.00;LIVREE;domicile;
CMD002230;C0004;2025-07-18;7;3;4.50;Livrée;domicile;
CMD002230;C0004;2025-07-18;15;0.5;5,80;livrée;domicile;
CMD002230;C0004;2025-07-18;18;1;4.20;livrée;domicile;
CMD002231;C0237;18/07/2025;1;2;4.20;Livrée;retrait_ferme;
CMD002231;C0237;2025-07-18;14;2;4.90;Livree;retrait_ferme;
CMD002231;C0237;18-07-25;4;3;2.10;Livree;retrait_ferme;
CMD002231;C0237;2025-07-18;11;1;3.20;LIVREE;retrait_ferme;
CMD002232;C0270;18/07/2025;8;1,5;2.60;Livree;point_relais;
CMD002232;C0270;2025-07-18;38;2;5,60;livrée;point_relais;
CMD002233;C0097;2025-07-18;24;2;5,94;LIVREE;domicile;
CMD002233;C0097;2025-07-18;18;1;4,20;Livrée;domicile;
CMD002233;C0097;2025-07-18;13;3;5.40;Livree;Domicile;
CMD002234;C0183;2025-07-18;29;N/A;28,00;Livree;point_relais;
CMD002234;C0183;2025-07-18;29;N/A;28,00;Livree;point_relais;
CMD002234;C0183;2025-07-18;5;2;1.90;LIVREE;point_relais;
CMD002234;C0183;2025-07-18;27;2;3.40;Livrée;point_relais;
CMD002235;C0037;2025-07-18;19;1;7.95;Livree;point_relais;
CMD002236;C0133;2025-07-18;7;1,5;4.50;Livree;retrait_ferme;
CMD002236;C0133;2025-07-18;26;2;8.90;Livree;retrait_ferme;
CMD002237;C0097;2025-07-19;21;1;10.49;livrée;point_relais;
CMD002237;C0097;2025-07-19;5;1;1.90;Livrée;Point_relais;
CMD002238;C0120;19/07/2025;12;1;3.50;LIVREE;domicile;
CMD002239;C0137;2025-07-19;30;0.2;24.00;LIVREE;point_relais;
CMD002239;C0137;19/07/2025;7;2;4.50;LIVREE;point_relais;
CMD002239;C0137;2025-07-19;3;1;3.60;Livrée;point_relais;
CMD002240;C0211;2025-07-19;1;0,5;4.20;livrée;domicile;
CMD002240;C0211;2025-07-19;6;1;1.40;Livree;domicile;
CMD002241;C0019;2025-07-19;18;1;4.20;livrée;domicile;
CMD002241;C0019;2025-07-19;2;1.5;2.80;Livree;Domicile;
CMD002242;C0121;2025-07-19;13;2;5,40;LIVREE;retrait_ferme;
CMD002243;C0143;19/07/2025;32;3;2.20;Livree;domicile;
CMD002243;C0143;2025-07-19;2;1;2.80;livrée;domicile;
CMD002244;C0073;2025-07-19;39;2;5,19;Livree;point_relais;
CMD002244;C0073;2025-07-19;18;2;4.20;LIVREE;point_relais;
CMD002244;C0073;2025-07-19;35;1;4.13;livrée;point_relais;
CMD002244;C0073;2025-07-19;5;1;1.90;LIVREE;point_relais;
CMD002244;C0979;2025-07-19;8;3;2,60;Livrée;point_relais;
CMD002245;C0065;19-07-25;14;0.5;4.90;Livrée;domicile;
CMD002245;C0065;2025-07-19;11;1;3.20;Livree;domicile;
CMD002245;C0065;2025-07-19;28;2;1,90;LIVREE;domicile;
CMD002245;C0065;2025-07-19;40;2;3,71;livrée;domicile;
CMD002245;C0065;2025-07-19;7;1,5;4.50;Livrée;domicile;
CMD002246;C0162;2025-07-19;16;2;8,50;LIVREE;point_relais;
CMD002246;C0162;2025-07-19;9;1;9.00;livrée;point_relais;
CMD002247;C0189;2025-07-19;12;1;3,50;ANNULEE;domicile;météo
CMD002247;C0189;2025-07-19;10;2;2.90;annulée;domicile;météo
CMD002247;C0189;2025-07-19;2;1,5;2.80;annulee;domicile;météo
CMD002248;C0189;2025-07-19;35;2;4.13;Livree;domicile;
CMD002248;C0189;2025-07-19;22;2;5.09;LIVREE;domicile;
CMD002248;C0189;2025-07-19;4;1;2.10;Livree;Domicile;
CMD002248;C0189;2025-07-19;21;3;10.49;livrée;domicile;
CMD002249;C0294;19/07/2025;16;1.5;8.50;Livree;domicile;
CMD002249;C0294;2025-07-19;4;3;2.10;Livrée;domicile;
CMD002250;C0016;2025-07-20;38;1;5,60;livrée;domicile;
CMD002250;C0016;20/07/2025;36;3;5.51;Livree;domicile;
CMD002251;C0085;20/07/2025;8;0.5;2.60;Livrée;domicile;
CMD002252;C0135;2025-07-20;28;1;1.90;LIVREE;domicile;
CMD002252;C0135;2025-07-20;10;1;2,90;livrée;domicile;
CMD002252;C0135;20-07-25;33;3;4.45;Livree;domicile;
CMD002253;C0112;20/07/2025;39;2;5.19;LIVREE;retrait_ferme;
CMD002253;C0112;2025-07-20;3;1;3,60;livrée;Retrait_ferme;
CMD002254;C0099;2025-07-20;17;1;3.00;Livrée;retrait_ferme;
CMD002254;C0099;2025-07-20;28;1;1.90;Livrée;retrait_ferme;
CMD002254;C0099;2025-07-20;29;0.2;28.00;Livree;retrait_ferme;
CMD002255;C0113;20-07-25;11;1;3.20;Livree;point_relais;
CMD002255;C0113;2025-07-20;8;2;2.60;Livrée;Point_relais;
CMD002256;C0090;2025-07-20;17;1;3,00;livrée;domicile;
CMD002256;C0090;2025-07-20;36;1;5,51;Livrée;Domicile;
CMD002256;C0090;2025-07-20;23;2;13,25;livrée;domicile;
CMD002257;C0075;2025-07-20;36;1;5.51;livrée;Domicile;
CMD002257;C0075;2025-07-20;9;2;9.00;livrée;domicile;
CMD002257;C0075;2025-07-20;4;0.5;2.10;livrée;domicile;
CMD002258;C0094;2025-07-20;29;0,5;28.00;livrée;retrait_ferme;
CMD002258;C0094;2025-07-20;22;4;5,09;Livree;retrait_ferme;
CMD002259;C0282;2025-07-20;12;3;3.50;LIVREE;retrait_ferme;
CMD002260;C0150;2025-07-21;28;1;1.90;Livrée;point_relais;
CMD002260;C0150;21/07/2025;2;3;2.80;Livree;point_relais;
CMD002260;C0150;2025-07-21;14;1.5;4.90;livrée;point_relais;
CMD002260;C0150;21/07/2025;11;1;3.20;Livree;point_relais;
CMD002260;C0150;2025-07-21;1;2;4.20;livrée;point_relais;
CMD002261;C0112;2025-07-21;40;4;3.71;LIVREE;point_relais;
CMD002262;C0208;2025-07-21;24;4;5.94;LIVREE;domicile;
CMD002262;C0208;2025-07-21;31;2;1.20;LIVREE;Domicile;
CMD002262;C0208;2025-07-21;38;4;5.60;Livrée;domicile;
CMD002262;C0208;2025-07-21;39;1;5.19;livrée;domicile;
CMD002262;C0208;2025-07-21;1;0,5;4,20;Livrée;domicile;
CMD002263;C0185;2025-07-21;10;1;2.90;LIVREE;retrait_ferme;
CMD002263;C0185;2025-07-21;18;2;4.20;Livree;retrait_ferme;
CMD002263;C0185;2025-07-21;11;1.5;3.20;livrée;Retrait_ferme;
CMD002263;C0185;2025-07-21;19;4;7,95;Livrée;retrait_ferme;
CMD002264;C0245;2025-07-21;34;3;5.09;livrée;domicile;
CMD002264;C0245;21-07-25;15;1,5;5.80;LIVREE;domicile;
CMD002264;C0245;2025-07-21;8;1,5;2.60;livrée;domicile;
CMD002265;C0165;2025-07-21;32;2;2.20;LIVREE;retrait_ferme;
CMD002266;C0126;2025-07-21;33;1;4.45;Livree;domicile;
CMD002266;C0126;21/07/2025;22;4;5.09;Livree;domicile;
CMD002267;C0224;2025-07-21;35;4;4.13;Livrée;domicile;
CMD002267;C0224;2025-07-21;31;2;1.20;livrée;domicile;
CMD002267;C0224;2025-07-21;31;2;1.20;livrée;domicile;
CMD002268;C0183;2025-07-21;36;3;5.51;annulee;domicile;annulation client
CMD002268;C0183;2025-07-21;23;3;13,25;ANNULEE;domicile;annulation client
CMD002269;C0134;2025-07-21;9;1;9.00;Livree;domicile;
CMD002269;C0134;21/07/2025;11;2;3.20;Livree;domicile;
CMD002269;C0134;21/07/2025;39;2;5.19;Livrée;domicile;
CMD002270;C0021;2025-07-21;15;1.5;5.80;Livree;domicile;
CMD002270;C0021;2025-07-21;1;0.5;4,20;Livrée;domicile;
CMD002270;C0021;2025-07-21;9;3;9.00;Livree;Domicile;
CMD002270;C0021;2025-07-21;6;2;1,40;LIVREE;domicile;
CMD002271;C0052;2025-07-21;19;4;7.95;Livree;retrait_ferme;
CMD002271;C0052;2025-07-21;15;3;5,80;LIVREE;retrait_ferme;
CMD002272;C0083;22/07/2025;18;1;4.20;Livrée;domicile;
CMD002273;C0082;2025-07-22;4;0.5;2.10;Livrée;point_relais;
CMD002273;C0082;2025-07-22;17;2;3.00;livrée;Point_relais;
CMD002274;C0042;22/07/2025;5;3;1.90;LIVREE;domicile;
CMD002274;C0042;2025-07-22;17;4;3.00;Livrée;domicile;
CMD002274;C0042;2025-07-22;12;1.5;3.50;LIVREE;domicile;
CMD002274;C0042;2025-07-22;1;1;4.20;Livree;Domicile;
CMD002275;C0190;2025-07-22;16;3;8.50;Livree;point_relais;
CMD002275;C0190;2025-07-22;33;4;4,45;LIVREE;point_relais;
CMD002275;C0190;2025-07-22;8;0.5;2.60;LIVREE;point_relais;
CMD002276;C0073;2025-07-22;6;2;1.40;livrée;Domicile;
CMD002276;C0073;2025-07-22;1;2;4,20;Livrée;domicile;
CMD002276;C0073;2025-07-22;1;2;4,20;Livrée;domicile;
CMD002276;C0073;22/07/2025;39;3;5.19;livrée;domicile;
CMD002277;C0099;22/07/2025;12;1,5;3.50;Livree;domicile;
CMD002277;C0099;22/07/2025;11;1;3,20;Livrée;domicile;
CMD002278;C0236;2025-07-22;37;4;3.10;Livrée;domicile;
CMD002279;C0175;2025-07-22;12;1,5;3.50;Livrée;point_relais;
CMD002280;C0199;2025-07-22;25;2;5.19;Livrée;retrait_ferme;
CMD002280;C0199;2025-07-22;28;1;1.90;LIVREE;retrait_ferme;
CMD002280;C0199;2025-07-22;1;1;4,20;LIVREE;retrait_ferme;
CMD002280;C0199;2025-07-22;6;2;1.40;Livrée;retrait_ferme;
CMD002281;C0248;2025-07-22;10;1;2.90;LIVREE;Domicile;
CMD002281;C0248;2025-07-22;8;1;2,60;Livrée;domicile;
CMD002281;C0248;2025-07-22;17;3;3.00;LIVREE;domicile;
CMD002282;C0255;2025-07-22;13;2;5,40;livrée;point_relais;
CMD002282;C0255;22/07/2025;37;2;3.10;Livree;point_relais;
CMD002282;C0255;2025-07-22;8;3;2,60;LIVREE;point_relais;
CMD002282;C0255;2025-07-22;17;2;3.00;Livrée;point_relais;
CMD002283;C0166;2025-07-22;4;2;2.10;LIVREE;domicile;
CMD002283;C0166;2025-07-22;7;3;4.50;LIVREE;domicile;
CMD002284;C0022;2025-07-22;16;3;8,50;LIVREE;point_relais;
CMD002284;C0022;2025-07-22;6;2;1.40;LIVREE;point_relais;
CMD002285;C0097;2025-07-22;26;2;8.90;Livrée;point_relais;
CMD002285;C0097;2025-07-22;5;3;1.90;LIVREE;point_relais;
CMD002285;C0097;2025-07-22;31;2;1.20;Livree;point_relais;
CMD002285;C0097;2025-07-22;10;0,5;2,90;LIVREE;point_relais;
CMD002286;C0062;2025-07-23;24;4;5.94;Livrée;point_relais;
CMD002286;C0062;2025-07-23;24;4;5.94;Livrée;point_relais;
CMD002286;C0062;2025-07-23;31;3;1,20;LIVREE;point_relais;
CMD002286;C0062;23-07-25;25;2;5.19;Livree;point_relais;
CMD002286;C0062;23/07/2025;4;2;2.10;Livree;point_relais;
CMD002287;C0976;23/07/2025;6;4;1,40;annulée;domicile;rupture de stock
CMD002287;C0248;23/07/2025;12;3;3.50;annulee;domicile;rupture de stock
CMD002287;C0248;2025-07-23;15;1;5.80;annulée;Domicile;rupture de stock
CMD002288;C0094;2025-07-23;11;1.5;3.20;livrée;point_relais;
CMD002288;C0094;2025-07-23;14;1.5;4,90;Livrée;point_relais;
CMD002288;C0094;2025-07-23;18;2;4.20;livrée;point_relais;
CMD002289;C0076;2025-07-23;25;1;5.19;Livree;domicile;
CMD002289;C0076;2025-07-23;26;3;8.90;Livree;domicile;
CMD002290;C0082;2025-07-23;30;0,5;24,00;livrée;Point_relais;
CMD002290;C0082;2025-07-23;21;3;10.49;Livree;point_relais;
CMD002290;C0082;2025-07-23;4;1;2.10;LIVREE;point_relais;
CMD002290;C0082;2025-07-23;20;3;8.69;livrée;point_relais;
CMD002290;C0082;2025-07-23;26;2;8.90;Livree;point_relais;
CMD002291;C0283;2025-07-23;14;2;4.90;livrée;domicile;
CMD002291;C0283;2025-07-23;25;1;5.19;Livree;domicile;
CMD002291;C0283;2025-07-23;18;3;4.20;Livree;domicile;
CMD002292;C0263;2025-07-23;5;3;1,90;LIVREE;retrait_ferme;
CMD002292;C0263;2025-07-23;22;1;5,09;LIVREE;retrait_ferme;
CMD002292;C0263;2025-07-23;12;0.5;3.50;Livree;retrait_ferme;
CMD002292;C0263;2025-07-23;2;1.5;2,80;Livrée;retrait_ferme;
CMD002293;C0208;2025-07-23;14;0,5;4.90;Livrée;domicile;
CMD002293;C0208;2025-07-23;39;1;5.19;LIVREE;domicile;
CMD002293;C0208;2025-07-23;4;1,5;2.10;LIVREE;domicile;
CMD002293;C0208;23-07-25;15;2;5,80;livrée;Domicile;
CMD002294;C0242;2025-07-23;34;3;5.09;Livree;retrait_ferme;
CMD002294;C0242;2025-07-23;17;3;3,00;Livrée;retrait_ferme;
CMD002294;C0242;2025-07-23;16;1;8,50;LIVREE;retrait_ferme;
CMD002294;C0242;2025-07-23;9;3;9,00;Livrée;Retrait_ferme;
CMD002294;C0242;2025-07-23;22;1;5.09;Livree;retrait_ferme;
CMD002295;C0185;2025-07-23;13;1;5.40;livrée;domicile;
CMD002295;C0185;2025-07-23;15;0,5;5.80;livrée;domicile;
CMD002295;C0185;2025-07-23;17;1;3,00;Livrée;domicile;
CMD002296;C0112;2025-07-23;35;3;4.13;Livrée;domicile;
CMD002296;C0112;2025-07-23;6;2;1,40;Livree;domicile;
CMD002296;C0112;2025-07-23;16;0.5;8.50;Livree;domicile;
CMD002296;C0112;2025-07-23;30;0.5;24.00;LIVREE;domicile;
CMD002296;C0112;2025-07-23;40;1;3.71;livrée;domicile;
CMD002297;C0017;2025-07-23;13;0.5;5,40;Livrée;point_relais;
CMD002297;C0017;2025-07-23;15;2;5,80;LIVREE;Point_relais;
CMD002298;C0267;2025-07-23;21;2;10.49;Livrée;domicile;
CMD002298;C0267;2025-07-23;26;1;8,90;Livree;domicile;
CMD002298;C0267;23-07-25;24;1;5.94;livrée;domicile;
CMD002299;C0032;2025-07-23;8;0.5;2.60;Livree;retrait_ferme;
CMD002299;C0032;2025-07-23;10;3;2.90;LIVREE;retrait_ferme;
CMD002299;C0032;2025-07-23;34;2;5,09;Livrée;retrait_ferme;
CMD002300;C0236;2025-07-24;4;3;2.10;LIVREE;retrait_ferme;
CMD002300;C0236;24-07-25;36;2;5,51;Livree;retrait_ferme;
CMD002301;C0205;2025-07-24;5;1.5;1.90;Livree;retrait_ferme;
CMD002301;C0205;2025-07-24;21;1;10.49;Livree;Retrait_ferme;
CMD002301;C0205;2025-07-24;31;1;1.20;LIVREE;retrait_ferme;
CMD002301;C0205;2025-07-24;4;3;2,10;Livrée;retrait_ferme;
CMD002302;C0265;2025-07-24;14;1,5;4,90;Livree;retrait_ferme;
CMD002302;C0265;2025-07-24;13;0.5;5.40;Livree;retrait_ferme;
CMD002303;C0042;2025-07-24;23;3;13.25;LIVREE;domicile;
CMD002303;C0042;2025-07-24;10;3;2.90;livrée;domicile;
CMD002303;C0042;24/07/2025;15;2;5.80;LIVREE;domicile;
CMD002304;C0002;24/07/2025;28;4;1.90;Livrée;retrait_ferme;
CMD002304;C0002;2025-07-24;10;N/A;2.90;LIVREE;retrait_ferme;
CMD002304;C0002;2025-07-24;20;2;8.69;livrée;retrait_ferme;
CMD002305;C0286;2025-07-24;5;1;1.90;LIVREE;retrait_ferme;
CMD002305;C0286;2025-07-24;1;0.5;4.20;Livree;retrait_ferme;
CMD002305;C0286;2025-07-24;18;3;4.20;livrée;retrait_ferme;
CMD002306;C0094;2025-07-24;39;3;5,19;Livree;point_relais;
CMD002306;C0094;2025-07-24;15;1.5;5.80;LIVREE;point_relais;
CMD002306;C0094;2025-07-24;32;1;2.20;Livree;point_relais;
CMD002306;C0094;2025-07-24;7;0.5;4.50;Livrée;point_relais;
CMD002307;C0090;2025-07-24;18;4;4.20;Livree;point_relais;
CMD002307;C0090;2025-07-24;10;2;2.90;livrée;point_relais;
CMD002307;C0090;2025-07-24;7;0.5;4.50;Livrée;point_relais;
CMD002307;C0090;2025-07-24;28;1;1,90;livrée;point_relais;
CMD002308;C0004;2025-07-24;1;3;4.20;livrée;domicile;
CMD002308;C0004;2025-07-24;27;1;3.40;Livree;domicile;
CMD002308;C0004;2025-07-24;8;0,5;2.60;LIVREE;domicile;
CMD002308;C0004;2025-07-24;22;1;5,09;Livrée;domicile;
CMD002309;C0201;2025-07-24;32;2;2,20;livrée;point_relais;
CMD002310;C0269;2025-07-25;30;0,2;24.00;LIVREE;point_relais;
CMD002310;C0269;2025-07-25;32;1;2.20;livrée;point_relais;
CMD002310;C0269;2025-07-25;8;1,5;2.60;livrée;point_relais;
CMD002310;C0269;2025-07-25;10;3;2.90;LIVREE;point_relais;
CMD002310;C0269;2025-07-25;18;2;4.20;Livree;point_relais;
CMD002311;C0129;2025-07-25;2;1;2.80;Livree;domicile;
CMD002311;C0129;25-07-25;14;1.5;4.90;livrée;domicile;
CMD002311;C0129;2025-07-25;7;1,5;4.50;Livrée;domicile;
CMD002311;C0129;2025-07-25;18;3;4.20;Livrée;domicile;
CMD002312;C0271;2025-07-25;8;3;2.60;livrée;domicile;
CMD002313;C0187;25/07/2025;28;2;1,90;livrée;point_relais;
CMD002313;C0187;2025-07-25;24;2;5.94;Livrée;point_relais;
CMD002313;C0187;2025-07-25;8;3;2.60;livrée;point_relais;
CMD002314;C0270;2025-07-25;36;4;5,51;LIVREE;domicile;
CMD002314;C0270;25/07/2025;2;0,5;2.80;LIVREE;domicile;
CMD002314;C0270;2025-07-25;17;1;3,00;LIVREE;domicile;
CMD002314;C0270;25-07-25;26;3;8.90;LIVREE;domicile;
CMD002314;C0270;2025-07-25;30;0.2;24.00;livrée;domicile;
CMD002315;C0042;2025-07-25;17;2;3.00;Livrée;domicile;
CMD002315;C0042;2025-07-25;29;0.2;28.00;Livree;domicile;
CMD002315;C0042;2025-07-25;18;4;4,20;LIVREE;domicile;
CMD002316;C0079;25/07/2025;18;4;4.20;LIVREE;domicile;
CMD002316;C0079;25/07/2025;16;1;8.50;LIVREE;domicile;
CMD002316;C0079;25/07/2025;33;1;4.45;LIVREE;Domicile;
CMD002316;C0079;2025-07-25;39;2;5,19;Livree;domicile;
CMD002317;C0133;2025-07-25;39;0.5;5,19;livrée;retrait_ferme;
CMD002317;C0133;2025-07-25;6;4;1.40;livrée;retrait_ferme;
CMD002318;C0178;2025-07-25;28;3;1.90;livrée;point_relais;
CMD002318;C0178;2025-07-25;11;2;3.20;Livree;point_relais;
CMD002319;C0042;25/07/2025;16;1;8.50;livrée;point_relais;
CMD002320;C0256;25-07-25;25;2;5,19;Livree;domicile;
CMD002320;C0256;2025-07-25;13;3;5.40;LIVREE;domicile;
CMD002321;C0160;2025-07-26;21;2;10.49;LIVREE;point_relais;
CMD002321;C0160;2025-07-26;9;1.5;9.00;livrée;point_relais;
CMD002321;C0160;26-07-25;17;1;3.00;Livree;point_relais;
CMD002322;C0300;2025-07-26;1;1.5;4.20;Livrée;domicile;
CMD002322;C0300;26/07/2025;7;0.5;4.50;Livrée;domicile;
CMD002323;C0082;2025-07-26;23;1;13.25;livrée;point_relais;
CMD002324;C0222;2025-07-26;27;1;3,40;livrée;domicile;
CMD002324;C0222;2025-07-26;13;1.5;5,40;Livree;domicile;
CMD002325;C0010;2025-07-26;13;1;5,40;Livree;domicile;
CMD002325;C0010;2025-07-26;4;1;2.10;LIVREE;domicile;
CMD002326;C0183;2025-07-26;6;4;1.40;Livrée;domicile;
CMD002326;C0183;2025-07-26;28;1;1.90;Livree;domicile;
CMD002326;C0183;2025-07-26;33;2;4.45;Livrée;domicile;
CMD002326;C0183;2025-07-26;36;1;5.51;LIVREE;Domicile;
CMD002326;C0183;26/07/2025;31;2;1.20;livrée;domicile;
CMD002327;C0027;2025-07-26;18;1;4.20;Livrée;Retrait_ferme;
CMD002328;C0271;26-07-25;37;1;3.10;Livrée;domicile;
CMD002328;C0271;2025-07-26;13;1;5.40;Livree;domicile;
CMD002329;C0100;2025-07-26;1;1.5;4.20;LIVREE;point_relais;
CMD002329;C0100;2025-07-26;6;4;1.40;LIVREE;point_relais;
CMD002329;C0100;2025-07-26;18;1;4.20;livrée;point_relais;
CMD002329;C0100;2025-07-26;35;3;4.13;Livree;point_relais;
CMD002329;C0100;26-07-25;15;1,5;5,80;Livrée;point_relais;
CMD002329;C0100;26-07-25;15;1,5;5,80;Livrée;point_relais;
CMD002330;C0093;2025-07-26;30;0.5;24.00;Livrée;domicile;
CMD002330;C0093;2025-07-26;9;3;9,00;Livrée;domicile;
CMD002330;C0093;2025-07-26;35;4;4.13;livrée;domicile;
CMD002330;C0093;26/07/2025;2;3;2.80;Livrée;domicile;
CMD002331;C0079;2025-07-26;18;4;4.20;Livree;point_relais;
CMD002332;C0021;2025-07-27;8;3;2,60;Livree;retrait_ferme;
CMD002332;C0021;2025-07-27;7;1.5;4,50;LIVREE;retrait_ferme;
CMD002333;C0145;27/07/2025;7;1,5;4.50;Livrée;domicile;
CMD002333;C0145;2025-07-27;25;3;5,19;Livrée;domicile;
CMD002333;C0145;2025-07-27;8;2;2.60;Livree;domicile;
CMD002333;C0145;2025-07-27;35;2;4.13;LIVREE;domicile;
CMD002334;C0022;2025-07-27;4;0,5;2.10;livrée;domicile;
CMD002334;C0022;2025-07-27;40;2;3.71;Livrée;domicile;
CMD002335;C0279;2025-07-27;2;N/A;2.80;Livree;retrait_ferme;
CMD002335;C0279;2025-07-27;6;1;1.40;Livree;retrait_ferme;
CMD002335;C0279;2025-07-27;18;3;4.20;livrée;retrait_ferme;
CMD002335;C0279;2025-07-27;11;0,5;3.20;livrée;retrait_ferme;
CMD002335;C0279;27/07/2025;7;1.5;4,50;LIVREE;retrait_ferme;
CMD002336;C0143;27-07-25;28;2;1.90;Livree;Domicile;
CMD002337;C0272;27-07-25;2;2;2.80;LIVREE;Point_relais;
CMD002338;C0133;27/07/2025;9;1;9.00;Livree;domicile;
CMD002338;C0133;27/07/2025;24;1;5.94;Livrée;domicile;
CMD002338;C0133;2025-07-27;17;4;3,00;LIVREE;domicile;
CMD002338;C0133;2025-07-27;15;3;5.80;livrée;domicile;
CMD002338;C0133;2025-07-27;2;1;2,80;livrée;domicile;
CMD002339;C0097;2025-07-27;1;1,5;4,20;Livree;retrait_ferme;
CMD002339;C0097;2025-07-27;9;0.5;9.00;Livree;retrait_ferme;
CMD002339;C0097;27/07/2025;22;1;5.09;Livree;retrait_ferme;
CMD002340;C0191;2025-07-27;6;2;1.40;Livrée;point_relais;
CMD002340;C0191;2025-07-27;13;1,5;5.40;livrée;point_relais;
CMD002340;C0191;2025-07-27;20;1;8.69;Livree;point_relais;
CMD002341;C0111;2025-07-27;14;1.5;4,90;livrée;point_relais;
CMD002342;C0242;2025-07-27;22;1;5,09;Livrée;point_relais;
CMD002342;C0242;27/07/2025;13;3;5.40;Livrée;point_relais;
CMD002343;C0054;2025-07-27;20;3;8,69;Livrée;retrait_ferme;
CMD002344;C0083;2025-07-27;35;2;4.13;livrée;point_relais;
CMD002344;C0083;2025-07-27;9;1.5;9,00;Livree;point_relais;
CMD002344;C0083;2025-07-27;1;1.5;4.20;Livrée;point_relais;
CMD002345;C0282;2025-07-27;27;3;3,40;Livrée;domicile;
CMD002345;C0282;2025-07-27;14;0,5;4.90;Livrée;domicile;
CMD002346;C0174;2025-07-28;22;2;5.09;Livree;domicile;
CMD002346;C0174;2025-07-28;11;1;3,20;Livree;domicile;
CMD002346;C0174;2025-07-28;14;0.5;4,90;Livree;domicile;
CMD002346;C0174;2025-07-28;30;0,2;24.00;LIVREE;domicile;
CMD002347;C0093;2025-07-28;33;4;4.45;Livrée;point_relais;
CMD002347;C0093;2025-07-28;11;1.5;3.20;livrée;point_relais;
CMD002347;C0093;2025-07-28;4;3;2.10;livrée;point_relais;
CMD002348;C0145;2025-07-28;6;2;1,40;livrée;retrait_ferme;
CMD002348;C0145;28-07-25;4;0.5;2.10;livrée;retrait_ferme;
CMD002348;C0145;28-07-25;4;0.5;2.10;livrée;retrait_ferme;
CMD002349;C0124;2025-07-28;10;1.5;2.90;Livree;Point_relais;
CMD002349;C0124;2025-07-28;12;2;3.50;LIVREE;point_relais;
CMD002349;C0124;2025-07-28;18;4;4.20;LIVREE;point_relais;
CMD002349;C0124;2025-07-28;6;1;1,40;Livree;point_relais;
CMD002350;C0087;2025-07-28;14;1,5;4.90;livrée;domicile;
CMD002351;C0143;2025-07-28;17;1;3.00;livrée;point_relais;
CMD002351;C0143;2025-07-28;8;0.5;2.60;Livree;point_relais;
CMD002351;C0143;2025-07-28;31;2;1.20;Livrée;point_relais;
CMD002352;C0282;2025-07-28;13;2;5.40;LIVREE;point_relais;
CMD002352;C0282;2025-07-28;3;2;3.60;Livrée;point_relais;
CMD002352;C0282;2025-07-28;19;4;7.95;Livree;point_relais;
CMD002353;C0271;2025-07-28;11;3;3.20;livrée;domicile;
CMD002353;C0271;2025-07-28;11;3;3.20;livrée;domicile;
CMD002354;C0112;2025-07-28;12;0.5;3,50;LIVREE;retrait_ferme;
CMD002354;C0112;2025-07-28;22;2;5.09;LIVREE;retrait_ferme;
CMD002354;C0112;28-07-25;8;1;2.60;livrée;retrait_ferme;
CMD002355;C0076;2025-07-28;11;1.5;3.20;Livree;domicile;
CMD002355;C0076;2025-07-28;2;3;2.80;LIVREE;domicile;
CMD002355;C0076;2025-07-28;18;3;4,20;LIVREE;domicile;
CMD002356;C0294;2025-07-28;17;3;3.00;LIVREE;domicile;
CMD002357;C0203;2025-07-28;6;3;1,40;Livree;domicile;
CMD002357;C0203;2025-07-28;8;1.5;2.60;livrée;domicile;
CMD002358;C0124;2025-07-29;11;1;3,20;livrée;point_relais;
CMD002358;C0124;2025-07-29;15;1,5;5.80;LIVREE;Point_relais;
CMD002359;C0300;2025-07-29;15;2;5,80;livrée;point_relais;
CMD002360;C0272;2025-07-29;35;1;4.13;LIVREE;point_relais;
CMD002360;C0272;29/07/2025;18;1;4.20;LIVREE;point_relais;
CMD002360;C0272;2025-07-29;23;1;13,25;Livree;point_relais;
CMD002360;C0272;2025-07-29;32;2;2.20;livrée;point_relais;
CMD002361;C0174;2025-07-29;3;1;3,60;Livree;point_relais;
CMD002361;C0174;2025-07-29;37;2;3.10;Livrée;point_relais;
CMD002362;C0163;2025-07-29;1;3;4,20;Livrée;point_relais;
CMD002362;C0163;2025-07-29;13;0.5;5.40;livrée;point_relais;
CMD002363;C0076;2025-07-29;12;1;3,50;Livrée;domicile;
CMD002363;C0076;29/07/2025;2;3;2,80;LIVREE;domicile;
CMD002363;C0076;2025-07-29;11;3;3,20;Livree;domicile;
CMD002363;C0076;2025-07-29;8;2;2,60;Livree;domicile;
CMD002363;C0076;2025-07-29;35;1;4,13;Livree;domicile;
CMD002364;C0271;2025-07-29;36;1;5.51;annulee;domicile;rupture de stock
CMD002364;C0271;2025-07-29;5;3;1,90;ANNULEE;domicile;rupture de stock
CMD002364;C0271;2025-07-29;40;1;3,71;annulée;Domicile;rupture de stock
CMD002364;C0271;2025-07-29;40;1;3,71;annulée;Domicile;rupture de stock
CMD002364;C0271;2025-07-29;1;1;4,20;annulee;domicile;rupture de stock
CMD002365;C0274;2025-07-29;4;1;2,10;livrée;domicile;
CMD002365;C0274;2025-07-29;32;2;2.20;Livrée;domicile;
CMD002365;C0274;2025-07-29;3;1,5;3.60;LIVREE;domicile;
CMD002366;C0188;2025-07-29;35;4;4.13;Livree;domicile;
CMD002366;C0188;2025-07-29;3;1,5;3.60;Livree;Domicile;
CMD002366;C0188;2025-07-29;31;1;1.20;livrée;domicile;
CMD002367;C0188;2025-07-29;20;3;8.69;livrée;Domicile;
CMD002367;C0188;2025-07-29;7;3;4.50;Livree;domicile;
CMD002368;C0046;2025-07-29;14;1.5;4,90;Livrée;domicile;
CMD002368;C0046;2025-07-29;30;0,2;24.00;Livree;domicile;
CMD002369;C0098;29-07-25;11;2;3.20;LIVREE;point_relais;
CMD002370;C0002;2025-07-29;8;2;2.60;Livree;domicile;
CMD002370;C0002;29/07/2025;33;2;4.45;LIVREE;domicile;
CMD002371;C0037;2025-07-29;36;2;5.51;Livree;domicile;
CMD002371;C0037;2025-07-29;29;0.2;28.00;Livrée;domicile;
CMD002371;C0989;2025-07-29;27;4;3.40;LIVREE;domicile;
CMD002371;C0037;2025-07-29;9;2;9,00;LIVREE;domicile;
CMD002371;C0037;2025-07-29;1;2;4,20;Livree;domicile;
CMD002372;C0064;2025-07-30;38;4;5.60;Livrée;domicile;
CMD002372;C0064;30/07/2025;14;0.5;4.90;Livree;domicile;
CMD002373;C0121;2025-07-30;6;3;1,40;Livrée;Point_relais;
CMD002374;C0294;2025-07-30;15;3;5.80;livrée;point_relais;
CMD002374;C0294;2025-07-30;11;0,5;3,20;Livree;point_relais;
CMD002374;C0294;2025-07-30;1;2;4,20;LIVREE;point_relais;
CMD002374;C0294;30/07/2025;24;2;5.94;Livree;point_relais;
CMD002375;C0090;2025-07-30;4;1.5;2,10;Livree;domicile;
CMD002375;C0090;2025-07-30;8;1.5;2.60;Livree;domicile;
CMD002375;C0090;2025-07-30;13;3;5,40;Livree;domicile;
CMD002376;C0190;2025-07-30;12;3;3,50;Livree;point_relais;
CMD002376;C0190;2025-07-30;4;0.5;2.10;LIVREE;point_relais;
CMD002377;C0162;30-07-25;25;2;5,19;LIVREE;domicile;
CMD002377;C0162;2025-07-30;6;1;1.40;LIVREE;domicile;
CMD002377;C0162;2025-07-30;40;1;3.71;Livrée;domicile;
CMD002378;C0289;2025-07-30;17;1;3,00;LIVREE;point_relais;
CMD002379;C0036;2025-07-30;29;0.2;28.00;Livree;domicile;
CMD002379;C0036;30/07/2025;15;0.5;5,80;Livrée;domicile;
CMD002379;C0036;2025-07-30;38;2;5.60;LIVREE;domicile;
CMD002380;C0127;2025-07-30;11;0,5;3.20;annulee;domicile;rupture de stock
CMD002380;C0127;2025-07-30;39;1.5;5.19;annulee;domicile;rupture de stock
CMD002380;C0127;2025-07-30;22;1;5.09;annulee;domicile;rupture de stock
CMD002381;C0207;2025-07-30;20;1;8.69;livrée;domicile;
CMD002381;C0207;2025-07-30;5;2;1.90;livrée;domicile;
CMD002382;C0285;30-07-25;17;4;3.00;Livrée;domicile;
CMD002382;C0285;2025-07-30;3;1;3,60;livrée;domicile;
CMD002382;C0285;2025-07-30;13;1.5;5,40;Livrée;domicile;
CMD002382;C0285;2025-07-30;22;3;5,09;Livrée;domicile;
CMD002382;C0285;2025-07-30;34;1;5.09;Livree;domicile;
CMD002383;C0138;2025-07-30;1;2;4,20;Livree;domicile;
CMD002383;C0138;30/07/2025;28;1;1.90;LIVREE;domicile;
CMD002383;C0138;2025-07-30;25;2;5.19;Livree;domicile;
CMD002384;C0201;2025-07-31;5;0,5;1,90;Annulée;Retrait_ferme;paiement refusé
CMD002384;C0201;2025-07-31;26;3;8.90;Annulée;retrait_ferme;paiement refusé
CMD002384;C0201;2025-07-31;18;2;4.20;ANNULEE;retrait_ferme;paiement refusé
CMD002384;C0201;2025-07-31;7;2;4,50;ANNULEE;retrait_ferme;paiement refusé
CMD002384;C0201;31/07/2025;38;3;5.60;annulee;retrait_ferme;paiement refusé
CMD002385;C0307;2025-07-31;8;3;2,60;Livree;point_relais;
CMD002385;C0307;2025-07-31;34;2;5.09;Livrée;Point_relais;
CMD002385;C0307;2025-07-31;31;2;1.20;livrée;point_relais;
CMD002385;C0307;2025-07-31;18;2;4.20;LIVREE;point_relais;
CMD002386;C0256;2025-07-31;2;1.5;2.80;Livrée;point_relais;
CMD002386;C0256;2025-07-31;12;1;3.50;Livree;Point_relais;
CMD002386;C0256;31/07/2025;4;1,5;2,10;livrée;Point_relais;
CMD002386;C0256;2025-07-31;30;0,5;24.00;Livrée;point_relais;
CMD002387;C0211;31-07-25;14;2;4,90;Livrée;domicile;
CMD002388;C0009;2025-07-31;4;3;2,10;annulée;domicile;client absent
CMD002388;C0009;2025-07-31;20;2;8,69;annulee;domicile;client absent
CMD002389;C0243;2025-07-31;23;1;13,25;livrée;domicile;
CMD002389;C0243;31/07/2025;12;0.5;3.50;livrée;Domicile;
CMD002389;C0243;31/07/2025;17;2;3.00;livrée;domicile;
CMD002389;C0243;31/07/2025;19;2;7.95;LIVREE;domicile;
CMD002390;C0042;2025-07-31;38;3;5.60;livrée;retrait_ferme;
CMD002390;C0042;2025-07-31;35;4;4.13;LIVREE;retrait_ferme;
CMD002390;C0042;2025-07-31;26;2;8.90;Livrée;retrait_ferme;
CMD002390;C0042;2025-07-31;26;2;8.90;Livrée;retrait_ferme;
CMD002390;C0042;31-07-25;5;2;1.90;Livree;retrait_ferme;
CMD002390;C0042;31/07/2025;17;2;3.00;Livrée;retrait_ferme;
CMD002391;C0094;2025-08-01;26;1;8,90;Livrée;retrait_ferme;
CMD002391;C0094;2025-08-01;32;3;2.20;Livree;retrait_ferme;
CMD002391;C0094;2025-08-01;16;1;8.50;livrée;retrait_ferme;
CMD002392;C0250;2025-08-01;6;3;1.40;Livrée;Point_relais;
CMD002392;C0250;2025-08-01;4;3;2.10;LIVREE;point_relais;
CMD002393;C0182;2025-08-01;14;0,5;4,90;livrée;point_relais;
CMD002393;C0182;2025-08-01;7;2;4,50;Livrée;point_relais;
CMD002394;C0133;2025-08-01;14;3;4,90;Livrée;Retrait_ferme;
CMD002394;C0133;2025-08-01;15;3;5.80;livrée;retrait_ferme;
CMD002395;C0103;2025-08-01;10;3;2,90;LIVREE;retrait_ferme;
CMD002395;C0103;2025-08-01;6;2;1.40;Livrée;retrait_ferme;
CMD002396;C0070;2025-08-01;13;3;5.40;Livrée;point_relais;
CMD002397;C0037;2025-08-01;7;2;4.50;livrée;domicile;
CMD002397;C0037;01/08/2025;36;1;5.51;Livrée;Domicile;
CMD002398;C0107;2025-08-01;12;1;3.50;Livree;domicile;
CMD002399;C0259;2025-08-01;21;1;10,49;livrée;domicile;
CMD002399;C0259;01/08/2025;15;1.5;5.80;Livree;domicile;
CMD002399;C0259;2025-08-01;8;1.5;2.60;Livrée;domicile;
CMD002399;C0259;2025-08-01;1;3;4.20;livrée;domicile;
CMD002400;C0132;2025-08-01;33;4;4,45;livrée;point_relais;
CMD002400;C0960;2025-08-01;12;1;3.50;Livrée;point_relais;
CMD002401;C0098;2025-08-01;32;1;2.20;livrée;Domicile;
CMD002401;C0098;01/08/2025;7;3;4.50;Livree;domicile;
CMD002402;C0085;2025-08-01;7;3;4,50;Livree;domicile;
CMD002402;C0085;01-08-25;11;0.5;3,20;livrée;domicile;
CMD002403;C0025;2025-08-01;14;0.5;4,90;LIVREE;point_relais;
CMD002403;C0025;2025-08-01;10;2;2.90;livrée;point_relais;
CMD002403;C0025;2025-08-01;2;3;2.80;LIVREE;point_relais;
CMD002404;C0120;2025-08-01;14;1.5;4.90;Livrée;point_relais;
CMD002404;C0120;2025-08-01;35;2;4,13;LIVREE;point_relais;
CMD002404;C0120;01-08-25;13;1;5,40;Livrée;point_relais;
CMD002404;C0120;2025-08-01;17;1;3,00;Livree;point_relais;
CMD002404;C0120;01/08/2025;24;4;5.94;Livrée;point_relais;
CMD002405;C0242;02/08/2025;14;3;4,90;Livrée;domicile;
CMD002405;C0242;2025-08-02;13;0.5;5.40;Livree;domicile;
CMD002406;C0191;2025-08-02;4;1;2.10;Livrée;point_relais;
CMD002406;C0191;2025-08-02;34;2;5,09;LIVREE;point_relais;
CMD002407;C0245;02/08/2025;13;3;5.40;livrée;domicile;
CMD002408;C0079;2025-08-02;12;2;3.50;LIVREE;retrait_ferme;
CMD002408;C0079;2025-08-02;29;0.2;28.00;Livree;retrait_ferme;
CMD002409;C0163;2025-08-02;19;3;7.95;livrée;domicile;
CMD002410;C0228;02-08-25;33;2;4.45;LIVREE;point_relais;
CMD002411;C0028;2025-08-02;4;3;2.10;LIVREE;Point_relais;
CMD002411;C0028;02/08/2025;5;2;1.90;Livree;point_relais;
CMD002412;C0185;2025-08-02;9;0.5;9,00;Livree;point_relais;
CMD002413;C0044;2025-08-02;5;2;1.90;livrée;point_relais;
CMD002413;C0044;2025-08-02;5;2;1.90;livrée;point_relais;
CMD002413;C0044;2025-08-02;12;1;3,50;LIVREE;point_relais;
CMD002413;C0044;2025-08-02;1;2;4.20;LIVREE;Point_relais;
CMD002413;C0044;2025-08-02;26;1;8.90;Livrée;point_relais;
CMD002413;C0044;2025-08-02;27;4;3.40;Livrée;point_relais;
CMD002414;C0060;2025-08-02;5;0.5;1.90;livrée;domicile;
CMD002414;C0060;2025-08-02;28;4;1.90;LIVREE;domicile;
CMD002414;C0060;2025-08-02;15;2;5.80;livrée;domicile;
CMD002415;C0254;02/08/2025;6;1;1.40;LIVREE;point_relais;
CMD002416;C0037;2025-08-02;8;1.5;2.60;Livrée;domicile;
CMD002417;C0028;2025-08-02;32;1;2.20;Livree;domicile;
CMD002418;C0106;2025-08-02;9;3;9,00;livrée;domicile;
CMD002419;C0233;2025-08-02;18;1;4.20;LIVREE;domicile;
CMD002419;C0233;2025-08-02;34;2;5.09;Livrée;domicile;
CMD002419;C0233;2025-08-02;7;0,5;4.50;LIVREE;domicile;
CMD002419;C0233;02/08/2025;5;0.5;1.90;livrée;domicile;
CMD002419;C0233;02-08-25;14;3;4,90;livrée;domicile;
CMD002420;C0274;2025-08-03;1;0.5;4.20;livrée;domicile;
CMD002420;C0274;2025-08-03;9;1;9,00;Livree;domicile;
CMD002421;C0098;2025-08-03;33;1;4.45;Livrée;domicile;
CMD002421;C0098;2025-08-03;10;2;2.90;Livrée;domicile;
CMD002422;C0079;2025-08-03;9;N/A;9.00;Livree;Retrait_ferme;
CMD002422;C0079;03/08/2025;3;2;3.60;livrée;retrait_ferme;
CMD002423;C0150;2025-08-03;12;0.5;3,50;livrée;domicile;
CMD002423;C0150;2025-08-03;15;3;5.80;livrée;domicile;
CMD002423;C0150;2025-08-03;4;3;2.10;livrée;domicile;
CMD002424;C0073;2025-08-03;1;0.5;4.20;LIVREE;Retrait_ferme;
CMD002424;C0073;2025-08-03;17;1;3,00;LIVREE;retrait_ferme;
CMD002425;C0070;03-08-25;26;4;8.90;livrée;retrait_ferme;
CMD002426;C0211;2025-08-03;5;1.5;1,90;Livrée;domicile;
CMD002426;C0211;2025-08-03;27;1;3.40;Livrée;domicile;
CMD002426;C0211;2025-08-03;2;2;2.80;Livrée;domicile;
CMD002426;C0211;2025-08-03;14;3;4.90;Livrée;domicile;
CMD002426;C0211;2025-08-03;29;0.2;28.00;Livree;domicile;
CMD002427;C0028;2025-08-03;40;2;3.71;livrée;retrait_ferme;
CMD002427;C0028;2025-08-03;7;1,5;4.50;Livree;retrait_ferme;
CMD002428;C0107;2025-08-03;15;2;5.80;Livree;domicile;
CMD002428;C0107;2025-08-03;5;3;1.90;LIVREE;domicile;
CMD002428;C0107;2025-08-03;16;0.5;8,50;Livree;domicile;
CMD002429;C0060;2025-08-03;18;2;4.20;Livrée;domicile;
CMD002430;C0278;03/08/2025;4;2;2.10;Livree;point_relais;
CMD002431;C0021;2025-08-04;2;3;2.80;Livree;retrait_ferme;
CMD002431;C0021;2025-08-04;36;2;5.51;Livrée;retrait_ferme;
CMD002432;C0076;2025-08-04;1;1.5;4,20;Livree;point_relais;
CMD002432;C0076;2025-08-04;26;1;8.90;LIVREE;point_relais;
CMD002432;C0076;2025-08-04;33;2;4.45;livrée;point_relais;
CMD002433;C0174;04/08/2025;5;1;1,90;ANNULEE;domicile;annulation client
CMD002433;C0174;2025-08-04;40;3;3.71;annulee;domicile;annulation client
CMD002434;C0032;04/08/2025;3;3;3.60;Livrée;point_relais;
CMD002435;C0291;2025-08-04;4;1;2,10;LIVREE;domicile;
CMD002435;C0291;2025-08-04;17;1;3.00;Livree;domicile;
CMD002436;C0277;2025-08-04;27;2;3.40;annulee;point_relais;annulation client
CMD002436;C0277;04-08-25;30;0,2;24.00;Annulée;Point_relais;annulation client
CMD002437;C0277;2025-08-04;5;2;1.90;Livree;point_relais;
CMD002438;C0009;2025-08-04;10;1.5;2,90;Livrée;domicile;
CMD002438;C0009;2025-08-04;2;0.5;2.80;LIVREE;Domicile;
CMD002438;C0009;2025-08-04;5;0.5;1.90;Livrée;domicile;
CMD002439;C0271;2025-08-04;7;3;4,50;LIVREE;point_relais;
CMD002440;C0098;2025-08-05;11;2;3.20;LIVREE;point_relais;
CMD002440;C0098;05/08/2025;1;0.5;4.20;Livree;point_relais;
CMD002440;C0098;2025-08-05;7;1;4.50;LIVREE;point_relais;
CMD002441;C0010;2025-08-05;2;N/A;2.80;livrée;domicile;
CMD002442;C0085;2025-08-05;10;1;2.90;LIVREE;point_relais;
CMD002443;C0112;2025-08-05;38;N/A;5.60;LIVREE;domicile;
CMD002443;C0112;2025-08-05;32;1;2,20;Livree;Domicile;
CMD002443;C0112;2025-08-05;9;0.5;9.00;Livrée;domicile;
CMD002443;C0112;2025-08-05;2;2;2.80;livrée;domicile;
CMD002443;C0112;2025-08-05;22;1;5.09;LIVREE;domicile;
CMD002444;C0021;05/08/2025;1;1;4,20;Livree;point_relais;
CMD002444;C0021;2025-08-05;19;3;7,95;Livrée;point_relais;
CMD002444;C0021;2025-08-05;19;3;7,95;Livrée;point_relais;
CMD002444;C0021;05/08/2025;12;0.5;3.50;LIVREE;point_relais;
CMD002444;C0021;2025-08-05;28;1;1,90;Livrée;Point_relais;
CMD002445;C0141;2025-08-05;8;1.5;2.60;livrée;domicile;
CMD002445;C0141;2025-08-05;16;1;8,50;LIVREE;domicile;
CMD002445;C0141;2025-08-05;2;1.5;2,80;Livrée;domicile;
CMD002446;C0287;2025-08-05;33;1;4.45;livrée;domicile;
CMD002446;C0287;05-08-25;6;4;1.40;livrée;domicile;
CMD002447;C0154;2025-08-05;16;2;8.50;LIVREE;domicile;
CMD002447;C0154;05/08/2025;3;3;3.60;LIVREE;domicile;
CMD002447;C0154;2025-08-05;11;1;3.20;Livree;domicile;
CMD002448;C0254;05/08/2025;16;0,5;8.50;livrée;domicile;
CMD002448;C0254;2025-08-05;8;0,5;2.60;Livree;domicile;
CMD002448;C0254;2025-08-05;24;1;5,94;livrée;domicile;
CMD002448;C0254;2025-08-05;4;3;2.10;Livree;domicile;
CMD002449;C0111;2025-08-05;14;0,5;4,90;Livrée;point_relais;
CMD002449;C0111;05/08/2025;6;1;1.40;Livree;point_relais;
CMD002449;C0111;2025-08-05;27;3;3.40;livrée;point_relais;
CMD002450;C0188;2025-08-05;27;2;3,40;Livree;retrait_ferme;
CMD002450;C0188;05-08-25;5;0,5;1.90;Livrée;Retrait_ferme;
CMD002451;C0046;2025-08-05;38;2;5.60;LIVREE;retrait_ferme;
CMD002451;C0046;2025-08-05;25;1;5.19;livrée;retrait_ferme;
CMD002451;C0046;2025-08-05;30;0.5;24,00;livrée;retrait_ferme;
CMD002452;C0210;2025-08-05;8;0.5;2.60;livrée;point_relais;
CMD002452;C0210;2025-08-05;5;0.5;1,90;livrée;point_relais;
CMD002453;C0028;2025-08-05;10;3;2.90;LIVREE;domicile;
CMD002453;C0028;05/08/2025;33;3;4.45;livrée;domicile;
CMD002454;C0126;2025-08-06;1;1.5;4,20;LIVREE;point_relais;
CMD002455;C0214;2025-08-06;39;0.5;5,19;Livree;point_relais;
CMD002455;C0214;06/08/2025;33;4;4,45;livrée;point_relais;
CMD002455;C0214;2025-08-06;12;0.5;3.50;Livree;point_relais;
CMD002455;C0214;2025-08-06;14;1.5;4.90;LIVREE;point_relais;
CMD002455;C0214;2025-08-06;4;0,5;2.10;LIVREE;point_relais;
CMD002456;C0189;2025-08-06;9;1.5;9.00;Livree;point_relais;
CMD002456;C0189;2025-08-06;5;1.5;1.90;Livree;point_relais;
CMD002457;C0090;2025-08-06;17;2;3.00;livrée;retrait_ferme;
CMD002457;C0090;2025-08-06;11;2;3.20;Livrée;retrait_ferme;
CMD002458;C0212;2025-08-06;25;2;5.19;annulée;point_relais;annulation client
CMD002458;C0212;2025-08-06;11;1;3,20;annulée;point_relais;annulation client
CMD002459;C0248;2025-08-06;10;0,5;2.90;Livrée;domicile;
CMD002459;C0248;2025-08-06;23;2;13.25;livrée;Domicile;
CMD002459;C0248;06/08/2025;31;4;1,20;Livree;domicile;
CMD002460;C0061;2025-08-06;29;0.2;28.00;LIVREE;retrait_ferme;
CMD002460;C0061;2025-08-06;32;2;2.20;livrée;retrait_ferme;
CMD002461;C0209;2025-08-06;12;0,5;3.50;Livree;point_relais;
CMD002461;C0209;2025-08-06;1;0.5;4.20;livrée;point_relais;
CMD002462;C0082;2025-08-06;1;3;4,20;Livrée;domicile;
CMD002462;C0082;2025-08-06;14;0.5;4,90;Livrée;domicile;
CMD002462;C0082;06/08/2025;11;3;3,20;Livree;domicile;
CMD002463;C0070;2025-08-06;30;0.5;24.00;Livrée;domicile;
CMD002463;C0070;2025-08-06;7;0.5;4.50;Livrée;domicile;
CMD002464;C0148;2025-08-06;26;2;8,90;Livrée;domicile;
CMD002464;C0148;06/08/2025;15;0.5;5,80;livrée;domicile;
CMD002464;C0148;2025-08-06;9;3;9.00;LIVREE;domicile;
CMD002464;C0148;2025-08-06;2;1;2.80;Livree;Domicile;
CMD002464;C0148;2025-08-06;23;3;13.25;Livrée;domicile;
CMD002465;C0073;2025-08-06;36;4;5.51;Livree;retrait_ferme;
CMD002465;C0073;2025-08-06;39;0.5;5.19;livrée;retrait_ferme;
CMD002465;C0073;2025-08-06;28;2;1.90;LIVREE;retrait_ferme;
CMD002466;C0080;2025-08-06;14;0.5;4.90;ANNULEE;domicile;météo
CMD002466;C0080;06-08-25;9;1,5;9.00;annulée;domicile;météo
CMD002466;C0080;2025-08-06;5;1;1,90;ANNULEE;domicile;météo
CMD002466;C0080;2025-08-06;35;1;4,13;annulée;domicile;météo
CMD002466;C0080;2025-08-06;35;1;4,13;annulée;domicile;météo
CMD002467;C0236;07/08/2025;13;3;5,40;Livree;domicile;
CMD002467;C0236;2025-08-07;10;0,5;2.90;livrée;domicile;
CMD002468;C0244;2025-08-07;13;2;5.40;livrée;retrait_ferme;
CMD002468;C0244;2025-08-07;7;0.5;4.50;Livrée;retrait_ferme;
CMD002468;C0244;2025-08-07;11;1,5;3.20;livrée;retrait_ferme;
CMD002469;C0083;2025-08-07;14;1.5;4,90;Livree;point_relais;
CMD002470;C0113;2025-08-07;33;2;4.45;livrée;domicile;
CMD002470;C0113;2025-08-07;4;1;2.10;Livree;domicile;
CMD002470;C0113;2025-08-07;3;1.5;3.60;livrée;domicile;
CMD002471;C0120;2025-08-07;15;0.5;5.80;livrée;domicile;
CMD002471;C0120;2025-08-07;37;2;3.10;Livrée;domicile;
CMD002471;C0120;2025-08-07;7;3;4,50;LIVREE;domicile;
CMD002472;C0084;07/08/2025;13;1;5,40;Livrée;point_relais;
CMD002472;C0084;07/08/2025;40;2;3.71;LIVREE;point_relais;
CMD002472;C0084;07/08/2025;14;0,5;4.90;livrée;point_relais;
CMD002473;C0217;2025-08-07;15;1.5;5.80;livrée;domicile;
CMD002474;C0158;2025-08-07;4;1.5;2.10;Livrée;domicile;
CMD002474;C0158;2025-08-07;14;2;4,90;LIVREE;domicile;
CMD002475;C0224;2025-08-07;39;3;5,19;LIVREE;domicile;
CMD002475;C0224;2025-08-07;18;1;4.20;LIVREE;domicile;
CMD002475;C0224;2025-08-07;1;1;4.20;LIVREE;domicile;
CMD002476;C0172;2025-08-07;1;3;4.20;LIVREE;point_relais;
CMD002476;C0172;2025-08-07;14;0.5;4.90;livrée;point_relais;
CMD002476;C0172;2025-08-07;38;1;5.60;LIVREE;point_relais;
CMD002476;C0172;2025-08-07;40;3;3.71;Livrée;point_relais;
CMD002476;C0172;2025-08-07;24;4;5,94;LIVREE;point_relais;
CMD002477;C0079;2025-08-07;38;2;5.60;Livree;retrait_ferme;
CMD002477;C0079;2025-08-07;24;1;5,94;Livree;retrait_ferme;
CMD002478;C0015;2025-08-07;18;2;4.20;Livree;retrait_ferme;
CMD002479;C0293;2025-08-08;2;0.5;2,80;LIVREE;Domicile;
CMD002479;C0293;2025-08-08;11;3;3.20;LIVREE;domicile;
CMD002479;C0293;2025-08-08;34;2;5,09;livrée;domicile;
CMD002479;C0293;2025-08-08;31;1;1.20;LIVREE;domicile;
CMD002479;C0293;2025-08-08;14;1.5;4,90;Livree;domicile;
CMD002480;C0258;2025-08-08;24;2;5.94;LIVREE;point_relais;
CMD002480;C0258;2025-08-08;2;1,5;2,80;Livree;point_relais;
CMD002480;C0258;2025-08-08;27;2;3.40;livrée;point_relais;
CMD002480;C0258;08/08/2025;39;2;5.19;LIVREE;Point_relais;
CMD002481;C0036;08-08-25;9;2;9.00;Livree;domicile;
CMD002481;C0036;2025-08-08;38;2;5,60;Livree;domicile;
CMD002482;C0032;2025-08-08;36;1;5.51;livrée;retrait_ferme;
CMD002483;C0234;2025-08-08;13;1;5,40;Livree;point_relais;
CMD002483;C0234;2025-08-08;8;1.5;2,60;Livree;point_relais;
CMD002483;C0234;2025-08-08;9;3;9.00;livrée;point_relais;
CMD002484;C0257;2025-08-08;10;1.5;2.90;LIVREE;domicile;
CMD002484;C0257;2025-08-08;27;2;3,40;livrée;domicile;
CMD002484;C0257;2025-08-08;22;3;5.09;Livrée;Domicile;
CMD002484;C0257;2025-08-08;3;2;3.60;Livrée;domicile;
CMD002484;C0257;2025-08-08;28;2;1.90;Livrée;domicile;
CMD002485;C0244;2025-08-08;8;0.5;2,60;LIVREE;point_relais;
CMD002485;C0244;2025-08-08;20;1;8.69;Livrée;point_relais;
CMD002486;C0161;08-08-25;11;3;3.20;livrée;domicile;
CMD002486;C0161;2025-08-08;4;1.5;2.10;livrée;domicile;
CMD002486;C0161;2025-08-08;4;1.5;2.10;livrée;domicile;
CMD002486;C0161;2025-08-08;22;3;5.09;livrée;domicile;
CMD002486;C0161;08/08/2025;5;2;1.90;Livrée;domicile;
CMD002486;C0161;08-08-25;38;1;5.60;livrée;domicile;
CMD002487;C0265;2025-08-08;9;2;9.00;Livrée;point_relais;
CMD002487;C0265;2025-08-08;10;3;2.90;Livrée;point_relais;
CMD002487;C0265;2025-08-08;17;2;3.00;Livrée;point_relais;
CMD002488;C0141;2025-08-08;17;1;3.00;Livree;point_relais;
CMD002488;C0141;2025-08-08;4;1;2,10;LIVREE;point_relais;
CMD002488;C0141;08/08/2025;15;3;5.80;Livrée;Point_relais;
CMD002489;C0028;2025-08-08;25;1;5.19;Livree;domicile;
CMD002489;C0028;2025-08-08;7;2;4.50;Livree;domicile;
CMD002489;C0028;2025-08-08;1;3;4.20;livrée;domicile;
CMD002489;C0028;2025-08-08;11;2;3.20;Livree;domicile;
CMD002489;C0028;2025-08-08;12;2;3,50;Livrée;Domicile;
CMD002490;C0099;2025-08-08;14;3;4,90;LIVREE;domicile;
CMD002490;C0099;2025-08-08;24;1;5.94;Livree;domicile;
CMD002490;C0099;2025-08-08;19;4;7.95;Livree;domicile;
CMD002490;C0099;2025-08-08;39;1;5.19;livrée;domicile;
CMD002490;C0099;2025-08-08;6;4;1.40;Livree;domicile;
CMD002491;C0176;2025-08-08;14;2;4.90;Livrée;retrait_ferme;
CMD002491;C0176;2025-08-08;2;2;2.80;Livrée;retrait_ferme;
CMD002491;C0176;08/08/2025;13;1;5.40;LIVREE;retrait_ferme;
CMD002492;C0045;2025-08-09;5;0.5;1,90;LIVREE;domicile;
CMD002492;C0045;2025-08-09;15;2;5.80;Livree;domicile;
CMD002493;C0126;2025-08-09;40;3;3.71;livrée;Domicile;
CMD002493;C0126;2025-08-09;40;3;3.71;livrée;Domicile;
CMD002493;C0126;2025-08-09;1;1;4.20;LIVREE;domicile;
CMD002493;C0126;2025-08-09;11;1;3.20;LIVREE;domicile;
CMD002493;C0126;2025-08-09;27;3;3.40;Livree;domicile;
CMD002493;C0126;09-08-25;28;2;1,90;Livrée;domicile;
CMD002494;C0263;2025-08-09;16;3;8.50;Livrée;point_relais;
CMD002494;C0263;2025-08-09;39;0.5;5,19;Livrée;point_relais;
CMD002494;C0263;2025-08-09;8;2;2,60;Livree;point_relais;
CMD002495;C0201;2025-08-09;2;3;2.80;livrée;point_relais;
CMD002496;C0287;09/08/2025;5;1;1.90;LIVREE;point_relais;
CMD002496;C0287;2025-08-09;28;1;1.90;livrée;point_relais;
CMD002497;C0202;09/08/2025;17;2;3.00;livrée;retrait_ferme;
CMD002498;C0112;2025-08-09;32;2;2.20;Livree;point_relais;
CMD002498;C0112;09/08/2025;11;1,5;3.20;livrée;point_relais;
CMD002498;C0112;2025-08-09;17;2;3.00;Livree;point_relais;
CMD002499;C0248;2025-08-09;3;2;3,60;LIVREE;domicile;
CMD002500;C0112;2025-08-09;29;0,5;28,00;Livree;domicile;
CMD002500;C0112;2025-08-09;29;0,5;28,00;Livree;domicile;
CMD002501;C0065;09/08/2025;5;0,5;1.90;LIVREE;Retrait_ferme;
CMD002501;C0065;2025-08-09;20;2;8.69;livrée;retrait_ferme;
CMD002502;C0178;2025-08-09;40;1;3,71;Livree;point_relais;
CMD002502;C0178;2025-08-09;16;1;8.50;Livree;point_relais;
CMD002502;C0178;2025-08-09;11;2;3.20;livrée;point_relais;
CMD002503;C0107;2025-08-09;34;2;5,09;livrée;domicile;
CMD002503;C0107;2025-08-09;26;1;8,90;livrée;domicile;
CMD002504;C0121;2025-08-09;6;3;1,40;livrée;domicile;
CMD002504;C0121;2025-08-09;23;2;13.25;Livree;domicile;
CMD002505;C0138;2025-08-09;15;3;5,80;LIVREE;domicile;
CMD002505;C0138;2025-08-09;39;1.5;5,19;livrée;domicile;
CMD002506;C0224;2025-08-09;15;0.5;5.80;LIVREE;domicile;
CMD002506;C0224;2025-08-09;34;3;5.09;Livree;domicile;
CMD002507;C0283;2025-08-10;1;1;4.20;Livrée;retrait_ferme;
CMD002507;C0283;2025-08-10;6;1;1.40;Livree;retrait_ferme;
CMD002508;C0199;2025-08-10;22;1;5.09;livrée;domicile;
CMD002508;C0199;2025-08-10;29;0.5;28,00;Livree;domicile;
CMD002508;C0199;2025-08-10;12;3;3.50;livrée;domicile;
CMD002508;C0199;2025-08-10;38;1;5,60;Livrée;domicile;
CMD002509;C0073;2025-08-10;7;3;4.50;livrée;retrait_ferme;
CMD002510;C0082;2025-08-10;30;0,5;24,00;Livree;domicile;
CMD002510;C0082;2025-08-10;30;0,5;24,00;Livree;domicile;
CMD002510;C0082;2025-08-10;31;1;1.20;Livree;domicile;
CMD002510;C0082;2025-08-10;14;2;4,90;Livree;domicile;
CMD002511;C0175;2025-08-10;5;3;1,90;Livree;point_relais;
CMD002511;C0175;2025-08-10;20;4;8,69;Livree;point_relais;
CMD002511;C0175;10-08-25;29;0,5;28.00;livrée;point_relais;
CMD002511;C0175;2025-08-10;18;1;4.20;Livree;point_relais;
CMD002512;C0085;2025-08-10;39;1.5;5,19;Livree;domicile;
CMD002512;C0085;2025-08-10;1;2;4.20;LIVREE;domicile;
CMD002513;C0174;2025-08-10;9;1;9,00;Livree;domicile;
CMD002513;C0174;2025-08-10;11;1,5;3,20;Livrée;domicile;
CMD002513;C0174;2025-08-10;1;1.5;4,20;livrée;Domicile;
CMD002514;C0022;2025-08-10;24;2;5.94;livrée;point_relais;
CMD002515;C0097;2025-08-10;15;1;5.80;Livree;domicile;
CMD002515;C0097;10/08/2025;10;0,5;2.90;Livrée;domicile;
CMD002515;C0097;2025-08-10;33;3;4.45;Livrée;domicile;
CMD002516;C0151;2025-08-10;31;1;1.20;LIVREE;retrait_ferme;
CMD002516;C0151;10/08/2025;3;1;3.60;Livree;retrait_ferme;
CMD002516;C0151;10/08/2025;17;4;3.00;Livree;retrait_ferme;
CMD002516;C0151;2025-08-10;12;3;3.50;Livree;retrait_ferme;
CMD002516;C0151;2025-08-10;15;1.5;5.80;LIVREE;retrait_ferme;
CMD002517;C0138;2025-08-10;14;1;4.90;Livree;Domicile;
CMD002517;C0138;2025-08-10;18;4;4,20;Livrée;domicile;
CMD002518;C0287;10/08/2025;10;0,5;2.90;Livree;retrait_ferme;
CMD002519;C0023;2025-08-10;39;3;5.19;Livree;domicile;
CMD002520;C0208;2025-08-11;5;1.5;1.90;Livrée;point_relais;
CMD002520;C0208;2025-08-11;2;1;2.80;Livrée;point_relais;
CMD002521;C0203;2025-08-11;20;1;8.69;LIVREE;point_relais;
CMD002521;C0203;2025-08-11;4;3;2,10;Livree;point_relais;
CMD002522;C0141;2025-08-11;39;2;5.19;LIVREE;Domicile;
CMD002522;C0141;11/08/2025;13;1;5.40;Livree;domicile;
CMD002522;C0141;2025-08-11;31;2;1.20;LIVREE;domicile;
CMD002523;C0079;2025-08-11;18;1;4.20;ANNULEE;domicile;météo
CMD002523;C0079;2025-08-11;9;3;9,00;annulee;domicile;météo
CMD002524;C0078;2025-08-11;10;1.5;2.90;livrée;domicile;
CMD002524;C0078;2025-08-11;12;1;3.50;Livree;domicile;
CMD002524;C0078;11/08/2025;19;1;7.95;LIVREE;domicile;
CMD002525;C0005;2025-08-11;11;2;3,20;Livree;domicile;
CMD002525;C0005;2025-08-11;4;0,5;2.10;LIVREE;domicile;
CMD002525;C0005;2025-08-11;33;4;4.45;Livree;domicile;
CMD002525;C0005;2025-08-11;3;2;3,60;Livrée;domicile;
CMD002525;C0005;2025-08-11;17;2;3.00;livrée;domicile;
CMD002526;C0069;2025-08-11;39;3;5,19;Livree;retrait_ferme;
CMD002526;C0069;2025-08-11;33;2;4,45;livrée;retrait_ferme;
CMD002527;C0073;2025-08-11;9;1.5;9,00;livrée;domicile;
CMD002527;C0073;11/08/2025;32;1;2.20;Livree;domicile;
CMD002527;C0073;2025-08-11;30;0.5;24,00;livrée;domicile;
CMD002527;C0073;2025-08-11;10;3;2.90;Livrée;domicile;
CMD002527;C0073;11/08/2025;28;1;1.90;LIVREE;domicile;
CMD002528;C0078;2025-08-11;9;3;9.00;Livree;domicile;
CMD002528;C0078;2025-08-11;12;1;3.50;LIVREE;domicile;
CMD002528;C0078;2025-08-11;16;1;8,50;LIVREE;domicile;
CMD002529;C0248;2025-08-12;28;2;1.90;LIVREE;retrait_ferme;
CMD002529;C0248;2025-08-12;8;0,5;2,60;LIVREE;retrait_ferme;
CMD002530;C0037;2025-08-12;4;1,5;2.10;LIVREE;point_relais;
CMD002531;C0297;2025-08-12;29;0,2;28.00;Livree;domicile;
CMD002531;C0297;2025-08-12;36;2;5,51;LIVREE;domicile;
CMD002531;C0297;2025-08-12;30;0.2;24.00;Livrée;domicile;
CMD002532;C0064;2025-08-12;40;3;3.71;livrée;domicile;
CMD002532;C0064;2025-08-12;15;2;5,80;LIVREE;Domicile;
CMD002533;C0283;2025-08-12;11;1.5;3.20;livrée;point_relais;
CMD002533;C0283;12/08/2025;17;4;3.00;LIVREE;point_relais;
CMD002534;C0174;2025-08-12;18;1;4,20;Livrée;domicile;
CMD002534;C0174;2025-08-12;5;3;1.90;LIVREE;domicile;
CMD002535;C0094;2025-08-12;12;1;3.50;livrée;domicile;
CMD002535;C0094;2025-08-12;15;1;5.80;Livree;domicile;
CMD002535;C0094;2025-08-12;10;3;2,90;Livrée;domicile;
CMD002535;C0094;2025-08-12;8;1;2.60;Livree;domicile;
CMD002536;C0105;2025-08-12;14;3;4.90;Livree;point_relais;
CMD002536;C0105;2025-08-12;20;2;8,69;Livrée;point_relais;
CMD002536;C0105;2025-08-12;17;4;3.00;Livrée;point_relais;
CMD002536;C0105;2025-08-12;7;3;4.50;livrée;point_relais;
CMD002536;C0105;2025-08-12;9;0.5;9.00;livrée;point_relais;
CMD002537;C0271;2025-08-12;4;3;2,10;livrée;domicile;
CMD002538;C0098;12/08/2025;4;1.5;2,10;Livree;domicile;
CMD002538;C0098;2025-08-12;25;4;5.19;LIVREE;domicile;
CMD002538;C0098;2025-08-12;12;1.5;3,50;LIVREE;domicile;
CMD002538;C0098;2025-08-12;33;3;4.45;LIVREE;domicile;
CMD002539;C0031;2025-08-12;38;1;5,60;Livrée;point_relais;
CMD002539;C0031;2025-08-12;28;1;1.90;Livrée;point_relais;
CMD002539;C0031;12/08/2025;6;1;1,40;Livree;point_relais;
CMD002539;C0031;12-08-25;9;3;9,00;Livree;point_relais;
CMD002539;C0031;12-08-25;14;0.5;4.90;Livrée;point_relais;
CMD002540;C0101;2025-08-13;10;3;2.90;livrée;domicile;
CMD002540;C0101;2025-08-13;2;0,5;2.80;livrée;domicile;
CMD002540;C0101;13/08/2025;5;0,5;1.90;livrée;domicile;
CMD002541;C0162;13/08/2025;37;3;3.10;Livree;retrait_ferme;
CMD002541;C0162;2025-08-13;25;1;5,19;Livrée;Retrait_ferme;
CMD002541;C0162;2025-08-13;15;1;5,80;Livree;retrait_ferme;
CMD002542;C0042;2025-08-13;13;1.5;5,40;Livree;retrait_ferme;
CMD002542;C0042;2025-08-13;19;4;7.95;Livree;retrait_ferme;
CMD002543;C0145;13-08-25;30;0,2;24.00;livrée;point_relais;
CMD002543;C0145;2025-08-13;9;2;9.00;LIVREE;point_relais;
CMD002543;C0145;2025-08-13;20;3;8,69;Livrée;point_relais;
CMD002544;C0211;2025-08-13;8;1;2.60;livrée;domicile;
CMD002544;C0211;2025-08-13;27;1;3.40;livrée;Domicile;
CMD002545;C0244;2025-08-13;10;2;2.90;Livrée;retrait_ferme;
CMD002545;C0244;2025-08-13;7;2;4.50;LIVREE;retrait_ferme;
CMD002545;C0244;2025-08-13;3;2;3.60;LIVREE;retrait_ferme;
CMD002545;C0244;2025-08-13;16;0.5;8.50;Livree;retrait_ferme;
CMD002546;C0091;2025-08-13;18;1;4,20;Livree;domicile;
CMD002546;C0091;2025-08-13;11;2;3.20;livrée;domicile;
CMD002546;C0091;2025-08-13;28;4;1.90;Livree;domicile;
CMD002547;C0094;2025-08-13;2;3;2.80;livrée;domicile;
CMD002547;C0094;2025-08-13;15;0.5;5.80;livrée;domicile;
CMD002547;C0094;13/08/2025;18;2;4,20;livrée;domicile;
CMD002548;C0059;13/08/2025;16;2;8.50;Livree;point_relais;
CMD002549;C0121;2025-08-13;10;0.5;2.90;Livrée;domicile;
CMD002549;C0121;2025-08-13;14;1;4.90;Livrée;domicile;
CMD002550;C0097;2025-08-13;19;2;7.95;livrée;domicile;
CMD002550;C0097;2025-08-13;19;2;7.95;livrée;domicile;
CMD002550;C0097;13-08-25;11;2;3.20;Livree;domicile;
CMD002550;C0097;13/08/2025;9;1;9,00;livrée;domicile;
CMD002550;C0097;2025-08-13;32;1;2,20;Livree;Domicile;
CMD002550;C0097;2025-08-13;34;3;5.09;LIVREE;domicile;
CMD002551;C0079;2025-08-14;8;1;2,60;livrée;domicile;
CMD002551;C0079;2025-08-14;27;2;3.40;Livrée;domicile;
CMD002551;C0079;2025-08-14;38;2;5.60;Livree;Domicile;
CMD002552;C0080;2025-08-14;6;1;1.40;Livree;retrait_ferme;
CMD002552;C0080;2025-08-14;24;4;5,94;Livrée;retrait_ferme;
CMD002553;C0195;2025-08-14;7;3;4,50;ANNULEE;domicile;client absent
CMD002553;C0195;14/08/2025;31;3;1.20;Annulée;domicile;client absent
CMD002553;C0195;2025-08-14;37;2;3.10;annulee;domicile;client absent
CMD002553;C0195;2025-08-14;18;2;4.20;ANNULEE;domicile;client absent
CMD002554;C0188;2025-08-14;9;2;9.00;livrée;domicile;
CMD002554;C0957;2025-08-14;8;1.5;2.60;Livrée;domicile;
CMD002554;C0188;14/08/2025;14;2;4.90;Livree;domicile;
CMD002554;C0188;2025-08-14;37;1;3.10;Livrée;domicile;
CMD002555;C0129;2025-08-14;1;3;4.20;LIVREE;point_relais;
CMD002555;C0129;2025-08-14;24;N/A;5.94;livrée;point_relais;
CMD002555;C0129;2025-08-14;12;3;3.50;LIVREE;point_relais;
CMD002555;C0129;14-08-25;22;1;5.09;livrée;point_relais;
CMD002556;C0147;2025-08-14;36;1;5.51;annulée;point_relais;paiement refusé
CMD002556;C0928;2025-08-14;4;0.5;2.10;annulee;point_relais;paiement refusé
CMD002557;C0085;2025-08-14;10;3;2.90;Livrée;retrait_ferme;
CMD002557;C0085;2025-08-14;37;2;3.10;LIVREE;retrait_ferme;
CMD002558;C0005;2025-08-14;9;0,5;9.00;livrée;domicile;
CMD002559;C0183;2025-08-14;11;3;3.20;Livree;domicile;
CMD002559;C0183;2025-08-14;16;0.5;8.50;livrée;domicile;
CMD002560;C0076;2025-08-15;2;3;2,80;livrée;point_relais;
CMD002560;C0076;2025-08-15;14;2;4.90;Livree;point_relais;
CMD002561;C0138;2025-08-15;14;1;4,90;LIVREE;retrait_ferme;
CMD002561;C0138;2025-08-15;20;1;8.69;livrée;retrait_ferme;
CMD002562;C0064;2025-08-15;2;1.5;2.80;livrée;domicile;
CMD002563;C0064;2025-08-15;1;1;4,20;annulee;Domicile;météo
CMD002563;C0064;2025-08-15;14;3;4.90;annulee;domicile;météo
CMD002563;C0064;15/08/2025;5;3;1.90;Annulée;domicile;météo
CMD002564;C0289;2025-08-15;36;1;5.51;livrée;retrait_ferme;
CMD002564;C0289;2025-08-15;11;3;3.20;Livree;retrait_ferme;
CMD002565;C0144;15/08/2025;5;1;1.90;Livree;domicile;
CMD002566;C0076;2025-08-15;17;4;3.00;Livree;domicile;
CMD002566;C0076;2025-08-15;5;1.5;1.90;Livree;domicile;
CMD002567;C0138;2025-08-15;16;1;8,50;Livrée;domicile;
CMD002568;C0090;2025-08-15;22;1;5.09;LIVREE;domicile;
CMD002568;C0090;2025-08-15;35;2;4.13;livrée;domicile;
CMD002568;C0090;2025-08-15;11;1.5;3.20;LIVREE;Domicile;
CMD002568;C0090;2025-08-15;28;1;1.90;Livrée;domicile;
CMD002568;C0090;2025-08-15;9;1;9,00;Livrée;domicile;
CMD002568;C0090;2025-08-15;9;1;9,00;Livrée;domicile;
CMD002569;C0241;2025-08-16;11;0.5;3.20;Livrée;point_relais;
CMD002570;C0202;2025-08-16;10;0,5;2.90;Livree;domicile;
CMD002570;C0202;16-08-25;5;1;1.90;Livree;domicile;
CMD002570;C0202;2025-08-16;16;2;8.50;Livree;domicile;
CMD002570;C0202;2025-08-16;18;3;4.20;livrée;domicile;
CMD002570;C0202;2025-08-16;8;1;2.60;Livree;domicile;
CMD002571;C0216;2025-08-16;15;2;5.80;Livree;domicile;
CMD002571;C0216;2025-08-16;35;2;4.13;Livree;domicile;
CMD002571;C0216;2025-08-16;12;0.5;3.50;livrée;domicile;
CMD002572;C0138;2025-08-16;2;3;2.80;LIVREE;point_relais;
CMD002572;C0138;2025-08-16;28;3;1.90;livrée;point_relais;
CMD002573;C0037;2025-08-16;8;3;2.60;livrée;point_relais;
CMD002574;C0248;2025-08-16;11;1;3.20;Livrée;point_relais;
CMD002574;C0248;16-08-25;12;1.5;3.50;Livrée;point_relais;
CMD002574;C0248;2025-08-16;39;3;5.19;Livrée;point_relais;
CMD002575;C0183;16-08-25;12;3;3.50;Livrée;domicile;
CMD002575;C0183;2025-08-16;34;2;5,09;livrée;domicile;
CMD002575;C0183;2025-08-16;4;0,5;2.10;Livrée;domicile;
CMD002576;C0300;16/08/2025;30;0,2;24,00;livrée;domicile;
CMD002576;C0300;2025-08-16;17;1;3.00;Livree;domicile;
CMD002577;C0279;2025-08-16;28;1;1.90;annulee;domicile;météo
CMD002577;C0279;2025-08-16;19;2;7.95;ANNULEE;domicile;météo
CMD002578;C0203;2025-08-16;1;1.5;4,20;Livree;domicile;
CMD002578;C0203;2025-08-16;36;3;5,51;LIVREE;domicile;
CMD002578;C0203;2025-08-16;17;1;3.00;Livree;domicile;
CMD002579;C0120;2025-08-16;15;3;5,80;Livrée;point_relais;
CMD002580;C0146;2025-08-17;12;3;3.50;Livrée;domicile;
CMD002580;C0146;2025-08-17;16;1,5;8.50;LIVREE;domicile;
CMD002580;C0146;17-08-25;17;4;3.00;Livrée;domicile;
CMD002581;C0028;2025-08-17;24;4;5.94;LIVREE;point_relais;
CMD002581;C0028;2025-08-17;8;3;2,60;Livrée;point_relais;
CMD002582;C0065;2025-08-17;8;1;2.60;Livree;point_relais;
CMD002582;C0065;17/08/2025;12;2;3.50;Livree;point_relais;
CMD002583;C0146;17/08/2025;39;3;5.19;livrée;point_relais;
CMD002583;C0146;2025-08-17;21;2;10,49;Livrée;point_relais;
CMD002583;C0146;2025-08-17;29;0.5;28.00;Livree;Point_relais;
CMD002583;C0146;2025-08-17;9;0.5;9.00;Livree;point_relais;
CMD002583;C0146;17-08-25;35;1;4.13;LIVREE;point_relais;
CMD002584;C0312;2025-08-17;26;1;8.90;LIVREE;domicile;
CMD002584;C0312;2025-08-17;1;3;4.20;livrée;domicile;
CMD002584;C0312;2025-08-17;2;2;2.80;LIVREE;domicile;
CMD002584;C0312;2025-08-17;33;2;4.45;Livree;domicile;
CMD002585;C0297;17/08/2025;18;2;4,20;Livree;domicile;
CMD002586;C0281;2025-08-17;10;1.5;2.90;Livrée;domicile;
CMD002586;C0281;2025-08-17;25;1;5.19;Livree;domicile;
CMD002587;C0130;2025-08-17;1;2;4.20;Livree;point_relais;
CMD002587;C0130;2025-08-17;6;4;1,40;LIVREE;point_relais;
CMD002587;C0130;2025-08-17;18;4;4.20;Livree;Point_relais;
CMD002588;C0076;2025-08-17;4;1;2.10;Livrée;domicile;
CMD002588;C0076;2025-08-17;6;1;1.40;LIVREE;domicile;
CMD002589;C0093;2025-08-17;12;1.5;3.50;LIVREE;domicile;
CMD002589;C0093;2025-08-17;18;2;4.20;livrée;domicile;
CMD002589;C0093;2025-08-17;13;0.5;5.40;LIVREE;Domicile;
CMD002589;C0093;17/08/2025;15;0,5;5.80;livrée;domicile;
CMD002590;C0001;2025-08-17;36;2;5.51;LIVREE;Domicile;
CMD002590;C0001;2025-08-17;16;0,5;8,50;livrée;domicile;
CMD002590;C0001;2025-08-17;40;1;3.71;Livrée;domicile;
CMD002591;C0203;2025-08-17;38;1;5.60;LIVREE;domicile;
CMD002591;C0203;2025-08-17;17;4;3.00;Livrée;domicile;
CMD002591;C0203;17/08/2025;10;1.5;2,90;LIVREE;domicile;
CMD002591;C0203;2025-08-17;15;2;5.80;livrée;domicile;
CMD002591;C0203;2025-08-17;6;2;1.40;LIVREE;domicile;
CMD002592;C0201;2025-08-18;31;4;1.20;Livrée;domicile;
CMD002592;C0201;2025-08-18;1;1;4,20;livrée;domicile;
CMD002592;C0201;18/08/2025;29;0.2;28.00;Livrée;domicile;
CMD002593;C0152;2025-08-18;25;2;5.19;livrée;point_relais;
CMD002594;C0022;2025-08-18;7;2;4.50;Livree;point_relais;
CMD002595;C0150;2025-08-18;10;1,5;2.90;Livrée;Retrait_ferme;
CMD002595;C0150;2025-08-18;6;2;1.40;livrée;retrait_ferme;
CMD002596;C0028;2025-08-18;2;3;2.80;LIVREE;retrait_ferme;
CMD002597;C0032;2025-08-18;22;4;5,09;Livrée;retrait_ferme;
CMD002597;C0032;2025-08-18;34;4;5.09;Livree;retrait_ferme;
CMD002598;C0028;2025-08-18;18;1;4.20;Livree;point_relais;
CMD002598;C0028;2025-08-18;37;2;3,10;Livree;point_relais;
CMD002598;C0028;2025-08-18;30;0.5;24.00;LIVREE;point_relais;
CMD002598;C0028;2025-08-18;22;2;5,09;livrée;point_relais;
CMD002599;C0060;2025-08-18;9;2;9.00;LIVREE;domicile;
CMD002599;C0060;2025-08-18;8;0.5;2.60;Livree;domicile;
CMD002599;C0060;2025-08-18;33;2;4.45;Livree;domicile;
CMD002599;C0060;2025-08-18;2;2;2.80;livrée;domicile;
CMD002599;C0060;18/08/2025;11;1,5;3.20;Livree;domicile;
CMD002600;C0060;2025-08-18;20;2;8.69;Livrée;retrait_ferme;
CMD002600;C0060;2025-08-18;7;1,5;4.50;livrée;retrait_ferme;
CMD002600;C0060;2025-08-18;34;1;5.09;LIVREE;retrait_ferme;
CMD002600;C0060;2025-08-18;3;2;3.60;Livree;retrait_ferme;
CMD002600;C0060;2025-08-18;37;1;3.10;LIVREE;retrait_ferme;
CMD002601;C0097;2025-08-19;40;2;3.71;LIVREE;domicile;
CMD002601;C0097;19/08/2025;21;2;10,49;Livree;domicile;
CMD002601;C0097;2025-08-19;29;0,2;28,00;Livree;domicile;
CMD002601;C0097;2025-08-19;23;1;13.25;livrée;domicile;
CMD002602;C0073;2025-08-19;31;4;1.20;Livree;Domicile;
CMD002602;C0073;19-08-25;24;2;5,94;livrée;domicile;
CMD002602;C0073;2025-08-19;35;2;4.13;LIVREE;domicile;
CMD002603;C0165;19/08/2025;15;0.5;5,80;ANNULEE;domicile;client absent
CMD002603;C0165;19/08/2025;26;4;8.90;ANNULEE;domicile;client absent
CMD002603;C0165;2025-08-19;33;4;4.45;Annulée;domicile;client absent
CMD002604;C0183;2025-08-19;9;1;9,00;LIVREE;domicile;
CMD002604;C0183;2025-08-19;9;1;9,00;LIVREE;domicile;
CMD002604;C0183;2025-08-19;15;3;5.80;livrée;domicile;
CMD002604;C0183;2025-08-19;11;0.5;3.20;Livree;Domicile;
CMD002604;C0183;2025-08-19;18;1;4.20;Livree;domicile;
CMD002604;C0183;2025-08-19;20;2;8,69;LIVREE;domicile;
CMD002605;C0153;2025-08-19;35;2;4,13;Livrée;point_relais;
CMD002605;C0153;2025-08-19;18;2;4.20;Livrée;point_relais;
CMD002605;C0153;2025-08-19;34;1;5.09;livrée;point_relais;
CMD002606;C0098;2025-08-19;31;2;1.20;Livrée;point_relais;
CMD002606;C0098;2025-08-19;22;3;5.09;LIVREE;point_relais;
CMD002607;C0076;2025-08-19;36;1;5.51;livrée;Point_relais;
CMD002607;C0076;2025-08-19;18;4;4,20;Livree;point_relais;
CMD002608;C0098;19-08-25;1;1.5;4,20;Livrée;point_relais;
CMD002608;C0098;19-08-25;8;0.5;2,60;livrée;point_relais;
CMD002608;C0098;2025-08-19;12;2;3.50;livrée;point_relais;
CMD002609;C0270;2025-08-19;31;3;1,20;Livree;Domicile;
CMD002609;C0270;2025-08-19;16;2;8.50;livrée;domicile;
CMD002610;C0061;2025-08-19;14;1;4.90;livrée;point_relais;
CMD002610;C0061;2025-08-19;16;N/A;8,50;Livrée;point_relais;
CMD002610;C0061;2025-08-19;18;4;4.20;Livree;point_relais;
CMD002611;C0151;2025-08-19;23;3;13.25;Livrée;point_relais;
CMD002611;C0151;2025-08-19;39;1;5.19;LIVREE;point_relais;
CMD002611;C0151;19/08/2025;14;1.5;4.90;livrée;point_relais;
CMD002612;C0011;2025-08-19;20;4;8.69;Livrée;domicile;
CMD002612;C0011;2025-08-19;38;3;5.60;Livree;domicile;
CMD002612;C0011;2025-08-19;36;4;5.51;LIVREE;domicile;
CMD002613;C0287;19-08-25;9;1.5;9,00;livrée;Retrait_ferme;
CMD002614;C0176;2025-08-19;10;1;2.90;livrée;point_relais;
CMD002614;C0176;2025-08-19;16;1;8,50;Livrée;point_relais;
CMD002615;C0212;2025-08-20;21;3;10.49;Annulée;domicile;rupture de stock
CMD002615;C0212;2025-08-20;31;3;1.20;annulée;domicile;rupture de stock
CMD002615;C0212;2025-08-20;13;2;5.40;annulee;domicile;rupture de stock
CMD002616;C0271;20/08/2025;12;2;3,50;LIVREE;point_relais;
CMD002617;C0244;2025-08-20;2;1.5;2.80;LIVREE;Retrait_ferme;
CMD002617;C0244;2025-08-20;6;3;1.40;LIVREE;retrait_ferme;
CMD002618;C0062;20/08/2025;16;1.5;8,50;livrée;retrait_ferme;
CMD002619;C0176;2025-08-20;8;1,5;2.60;Livrée;retrait_ferme;
CMD002619;C0176;2025-08-20;5;1;1.90;LIVREE;retrait_ferme;
CMD002620;C0183;2025-08-20;28;4;1.90;Livrée;point_relais;
CMD002620;C0183;2025-08-20;2;0,5;2.80;Livrée;point_relais;
CMD002620;C0183;2025-08-20;27;2;3.40;Livrée;point_relais;
CMD002620;C0183;20/08/2025;21;4;10.49;Livrée;point_relais;
CMD002620;C0183;20/08/2025;14;1.5;4,90;Livrée;point_relais;
CMD002621;C0046;2025-08-20;4;1;2.10;LIVREE;domicile;
CMD002621;C0046;2025-08-20;33;4;4.45;Livrée;domicile;
CMD002621;C0046;2025-08-20;13;2;5.40;LIVREE;domicile;
CMD002621;C0046;2025-08-20;15;2;5,80;livrée;domicile;
CMD002622;C0270;2025-08-20;18;4;4.20;LIVREE;domicile;
CMD002622;C0270;2025-08-20;9;1,5;9.00;LIVREE;domicile;
CMD002623;C0120;2025-08-20;10;2;2.90;Livrée;retrait_ferme;
CMD002623;C0120;2025-08-20;8;1;2.60;livrée;retrait_ferme;
CMD002623;C0120;2025-08-20;12;3;3.50;Livree;retrait_ferme;
CMD002623;C0120;2025-08-20;25;3;5.19;Livree;retrait_ferme;
CMD002624;C0189;21/08/2025;32;4;2.20;LIVREE;point_relais;
CMD002625;C0041;21/08/2025;5;0.5;1,90;Livrée;retrait_ferme;
CMD002626;C0291;2025-08-21;32;1;2.20;Livrée;point_relais;
CMD002626;C0291;2025-08-21;2;0.5;2,80;Livree;point_relais;
CMD002627;C0098;2025-08-21;11;3;3.20;LIVREE;domicile;
CMD002628;C0161;2025-08-21;29;0.5;28.00;livrée;point_relais;
CMD002628;C0161;21/08/2025;20;1;8.69;LIVREE;point_relais;
CMD002628;C0161;2025-08-21;38;2;5.60;Livree;point_relais;
CMD002629;C0048;2025-08-21;15;3;5.80;Livree;Point_relais;
CMD002629;C0048;2025-08-21;1;1;4.20;Livrée;point_relais;
CMD002630;C0112;21-08-25;6;2;1.40;livrée;domicile;
CMD002630;C0112;2025-08-21;8;2;2,60;Livrée;domicile;
CMD002631;C0263;21/08/2025;20;2;8,69;Annulée;retrait_ferme;rupture de stock
CMD002631;C0263;2025-08-21;21;1;10,49;annulée;retrait_ferme;rupture de stock
CMD002631;C0263;2025-08-21;10;0.5;2.90;Annulée;retrait_ferme;rupture de stock
CMD002631;C0263;2025-08-21;11;2;3.20;annulée;retrait_ferme;rupture de stock
CMD002631;C0263;2025-08-21;27;4;3,40;Annulée;retrait_ferme;rupture de stock
CMD002632;C0082;2025-08-21;12;3;3.50;livrée;domicile;
CMD002633;C0122;21/08/2025;19;4;7.95;livrée;domicile;
CMD002633;C0122;2025-08-21;4;3;2.10;LIVREE;domicile;
CMD002633;C0122;2025-08-21;24;1;5.94;livrée;domicile;
CMD002634;C0032;2025-08-21;37;2;3.10;livrée;domicile;
CMD002634;C0032;21/08/2025;18;4;4.20;Livrée;domicile;
CMD002634;C0032;21-08-25;2;0.5;2.80;Livrée;domicile;
CMD002635;C0144;22/08/2025;16;1.5;8.50;Livrée;domicile;
CMD002635;C0144;2025-08-22;15;2;5.80;Livree;domicile;
CMD002635;C0144;2025-08-22;13;0,5;5.40;Livrée;domicile;
CMD002635;C0144;2025-08-22;14;2;4,90;Livrée;domicile;
CMD002636;C0300;2025-08-22;35;4;4.13;LIVREE;point_relais;
CMD002636;C0300;2025-08-22;7;0.5;4.50;livrée;point_relais;
CMD002636;C0300;2025-08-22;10;3;2.90;livrée;point_relais;
CMD002636;C0300;22-08-25;28;1;1.90;LIVREE;point_relais;
CMD002636;C0300;2025-08-22;37;1;3.10;LIVREE;point_relais;
CMD002637;C0085;22/08/2025;12;0.5;3.50;LIVREE;point_relais;
CMD002637;C0085;2025-08-22;14;2;4,90;livrée;point_relais;
CMD002638;C0276;2025-08-22;7;3;4,50;Livree;point_relais;
CMD002638;C0276;22/08/2025;32;2;2.20;livrée;point_relais;
CMD002639;C0185;22/08/2025;14;2;4.90;LIVREE;domicile;
CMD002639;C0185;2025-08-22;24;2;5,94;LIVREE;domicile;
CMD002639;C0185;2025-08-22;32;4;2.20;Livree;domicile;
CMD002639;C0185;2025-08-22;25;3;5.19;Livree;domicile;
CMD002640;C0037;2025-08-22;9;0.5;9.00;Livrée;domicile;
CMD002640;C0037;2025-08-22;12;0,5;3,50;Livrée;domicile;
CMD002640;C0037;2025-08-22;7;2;4.50;Livrée;Domicile;
CMD002641;C0015;2025-08-22;35;2;4,13;Livrée;point_relais;
CMD002641;C0015;2025-08-22;15;1;5,80;livrée;point_relais;
CMD002642;C0187;2025-08-22;31;1;1,20;Livrée;point_relais;
CMD002642;C0187;2025-08-22;11;1;3.20;Livree;point_relais;
CMD002642;C0187;22/08/2025;6;4;1.40;livrée;point_relais;
CMD002643;C0099;2025-08-22;8;1.5;2.60;livrée;domicile;
CMD002643;C0099;2025-08-22;9;3;9,00;Livree;domicile;
CMD002643;C0099;2025-08-22;17;2;3,00;LIVREE;domicile;
CMD002643;C0099;2025-08-22;4;3;2.10;livrée;domicile;
CMD002644;C0036;22/08/2025;2;3;2.80;Livrée;domicile;
CMD002644;C0036;22/08/2025;18;1;4,20;LIVREE;domicile;
CMD002645;C0004;22/08/2025;6;1;1.40;Livrée;domicile;
CMD002645;C0004;22/08/2025;17;4;3.00;Livrée;Domicile;
CMD002646;C0042;22/08/2025;13;2;5.40;Livrée;domicile;
CMD002646;C0042;2025-08-22;32;1;2.20;Livree;domicile;
CMD002646;C0042;2025-08-22;3;0.5;3.60;Livrée;domicile;
CMD002647;C0260;22/08/2025;14;1.5;4,90;Livree;point_relais;
CMD002647;C0260;2025-08-22;16;3;8,50;LIVREE;point_relais;
CMD002648;C0224;2025-08-23;20;1;8.69;livrée;Domicile;
CMD002648;C0224;2025-08-23;15;3;5.80;Livrée;domicile;
CMD002649;C0270;2025-08-23;5;0.5;1,90;livrée;domicile;
CMD002649;C0270;2025-08-23;17;1;3,00;Livrée;domicile;
CMD002649;C0270;2025-08-23;11;0.5;3.20;Livrée;domicile;
CMD002650;C0199;2025-08-23;13;3;5.40;LIVREE;Point_relais;
CMD002650;C0199;2025-08-23;1;1;4.20;livrée;point_relais;
CMD002650;C0199;2025-08-23;18;2;4.20;Livree;point_relais;
CMD002650;C0199;2025-08-23;20;1;8,69;Livree;point_relais;
CMD002651;C0263;2025-08-23;22;1;5.09;LIVREE;point_relais;
CMD002651;C0263;2025-08-23;34;4;5,09;LIVREE;point_relais;
CMD002651;C0263;2025-08-23;2;0.5;2.80;livrée;point_relais;
CMD002652;C0105;23/08/2025;14;3;4.90;Livrée;retrait_ferme;
CMD002652;C0105;2025-08-23;8;2;2.60;LIVREE;retrait_ferme;
CMD002653;C0057;2025-08-23;14;3;4.90;livrée;domicile;
CMD002653;C0057;23/08/2025;36;2;5.51;Livrée;domicile;
CMD002654;C0278;2025-08-23;1;1.5;4.20;LIVREE;point_relais;
CMD002654;C0278;2025-08-23;11;1,5;3.20;livrée;point_relais;
CMD002655;C0013;2025-08-23;13;2;5.40;Livrée;point_relais;
CMD002655;C0013;2025-08-23;30;0.2;24.00;LIVREE;point_relais;
CMD002655;C0013;23/08/2025;17;1;3,00;livrée;point_relais;
CMD002655;C0013;2025-08-23;28;1;1.90;livrée;point_relais;
CMD002655;C0013;2025-08-23;38;1;5,60;livrée;point_relais;
CMD002656;C0112;2025-08-23;38;2;5.60;livrée;point_relais;
CMD002656;C0112;2025-08-23;15;1;5.80;Livree;point_relais;
CMD002657;C0115;2025-08-23;34;3;5.09;Livrée;domicile;
CMD002657;C0115;2025-08-23;10;2;2.90;Livrée;Domicile;
CMD002657;C0115;2025-08-23;4;2;2.10;Livree;domicile;
CMD002657;C0115;2025-08-23;31;4;1.20;Livree;Domicile;
CMD002658;C0094;23/08/2025;32;1;2,20;ANNULEE;domicile;client absent
CMD002658;C0094;23/08/2025;10;1;2.90;Annulée;domicile;client absent
CMD002659;C0094;2025-08-23;13;1.5;5.40;Livrée;domicile;
CMD002659;C0094;2025-08-23;16;1;8.50;livrée;domicile;
CMD002659;C0094;23/08/2025;37;4;3.10;Livree;domicile;
CMD002659;C0094;23-08-25;39;2;5.19;Livrée;domicile;
CMD002660;C0201;2025-08-23;8;0.5;2.60;Livrée;domicile;
CMD002661;C0079;24/08/2025;19;1;7.95;livrée;point_relais;
CMD002661;C0079;2025-08-24;6;2;1.40;Livree;point_relais;
CMD002661;C0079;24-08-25;30;0.5;24.00;Livrée;point_relais;
CMD002662;C0080;24/08/2025;1;1;4.20;livrée;domicile;
CMD002662;C0080;2025-08-24;15;1,5;5.80;livrée;domicile;
CMD002663;C0300;2025-08-24;40;1;3,71;LIVREE;domicile;
CMD002663;C0300;2025-08-24;2;0.5;2.80;Livrée;domicile;
CMD002663;C0300;2025-08-24;7;3;4,50;Livree;domicile;
CMD002664;C0002;2025-08-24;10;1;2.90;Livree;point_relais;
CMD002665;C0079;2025-08-24;18;2;4.20;LIVREE;point_relais;
CMD002665;C0079;2025-08-24;18;2;4.20;LIVREE;point_relais;
CMD002666;C0044;2025-08-24;35;4;4.13;LIVREE;domicile;
CMD002666;C0044;24/08/2025;3;1.5;3.60;LIVREE;domicile;
CMD002666;C0044;24/08/2025;4;0,5;2.10;LIVREE;domicile;
CMD002666;C0044;2025-08-24;7;1;4.50;Livree;domicile;
CMD002666;C0044;2025-08-24;21;2;10,49;Livree;domicile;
CMD002667;C0223;2025-08-24;5;2;1.90;Livrée;Domicile;
CMD002667;C0223;2025-08-24;29;0,2;28.00;Livrée;domicile;
CMD002667;C0223;2025-08-24;17;1;3.00;Livree;domicile;
CMD002667;C0223;2025-08-24;31;2;1.20;LIVREE;domicile;
CMD002667;C0223;2025-08-24;7;0.5;4,50;livrée;domicile;
CMD002668;C0089;2025-08-24;22;2;5,09;Livree;domicile;
CMD002668;C0089;2025-08-24;6;1;1.40;livrée;domicile;
CMD002669;C0287;24/08/2025;15;0,5;5,80;livrée;Retrait_ferme;
CMD002669;C0287;2025-08-24;18;2;4,20;Livrée;retrait_ferme;
CMD002670;C0056;24/08/2025;28;3;1,90;LIVREE;Retrait_ferme;
CMD002671;C0227;2025-08-24;11;2;3.20;livrée;point_relais;
CMD002672;C0282;2025-08-24;2;1;2.80;LIVREE;point_relais;
CMD002673;C0073;2025-08-24;10;3;2,90;LIVREE;domicile;
CMD002674;C0075;2025-08-24;1;3;4.20;Livree;point_relais;
CMD002674;C0075;2025-08-24;23;2;13.25;Livrée;point_relais;
CMD002675;C0193;2025-08-24;11;1;3,20;LIVREE;domicile;
CMD002676;C0046;2025-08-24;17;1;3.00;livrée;point_relais;
CMD002676;C0046;2025-08-24;13;2;5.40;Livrée;point_relais;
CMD002676;C0046;2025-08-24;14;1.5;4.90;Livrée;point_relais;
CMD002676;C0046;24/08/2025;16;2;8,50;LIVREE;point_relais;
CMD002677;C0145;2025-08-25;19;3;7.95;livrée;domicile;
CMD002678;C0115;25/08/2025;39;3;5.19;LIVREE;domicile;
CMD002678;C0115;2025-08-25;17;2;3.00;LIVREE;domicile;
CMD002678;C0115;2025-08-25;8;2;2,60;Livrée;domicile;
CMD002679;C0007;2025-08-25;32;4;2.20;Livree;point_relais;
CMD002679;C0007;2025-08-25;8;2;2.60;livrée;point_relais;
CMD002679;C0007;2025-08-25;27;2;3,40;LIVREE;point_relais;
CMD002680;C0075;25/08/2025;6;2;1.40;LIVREE;point_relais;
CMD002681;C0199;2025-08-25;17;1;3,00;Livrée;domicile;
CMD002681;C0199;2025-08-25;11;1.5;3.20;Livree;domicile;
CMD002682;C0189;2025-08-25;15;0,5;5.80;Livree;domicile;
CMD002683;C0183;25/08/2025;19;4;7.95;livrée;point_relais;
CMD002683;C0183;2025-08-25;17;2;3.00;livrée;point_relais;
CMD002684;C0189;2025-08-25;21;3;10.49;Livrée;domicile;
CMD002685;C0011;2025-08-25;23;4;13.25;Livrée;point_relais;
CMD002685;C0011;2025-08-25;14;1,5;4,90;Livrée;point_relais;
CMD002686;C0291;2025-08-26;33;2;4.45;livrée;point_relais;
CMD002686;C0291;2025-08-26;6;2;1,40;LIVREE;point_relais;
CMD002686;C0291;26/08/2025;31;1;1.20;Livrée;point_relais;
CMD002687;C0219;2025-08-26;34;1;5.09;Livrée;retrait_ferme;
CMD002687;C0219;2025-08-26;40;1;3,71;Livrée;retrait_ferme;
CMD002687;C0219;2025-08-26;3;2;3.60;LIVREE;retrait_ferme;
CMD002687;C0219;2025-08-26;7;3;4.50;livrée;retrait_ferme;
CMD002688;C0227;2025-08-26;3;1.5;3.60;Livree;domicile;
CMD002689;C0021;2025-08-26;10;2;2.90;Livrée;point_relais;
CMD002689;C0021;2025-08-26;30;0.5;24,00;Livree;point_relais;
CMD002690;C0021;26-08-25;12;0,5;3.50;Livrée;point_relais;
CMD002690;C0021;2025-08-26;6;2;1,40;Livrée;point_relais;
CMD002691;C0249;2025-08-26;14;1;4.90;Livree;point_relais;
CMD002691;C0249;2025-08-26;31;2;1.20;LIVREE;point_relais;
CMD002692;C0085;2025-08-26;40;2;3,71;livrée;point_relais;
CMD002692;C0085;26/08/2025;2;1,5;2.80;Livrée;Point_relais;
CMD002692;C0085;2025-08-26;31;1;1.20;LIVREE;point_relais;
CMD002693;C0039;2025-08-26;6;1;1.40;livrée;domicile;
CMD002693;C0039;2025-08-26;19;2;7.95;livrée;domicile;
CMD002693;C0039;2025-08-26;8;2;2.60;livrée;domicile;
CMD002693;C0039;2025-08-26;5;3;1,90;Livree;domicile;
CMD002694;C0049;2025-08-26;1;3;4.20;livrée;retrait_ferme;
CMD002694;C0049;26/08/2025;14;0.5;4.90;Livrée;retrait_ferme;
CMD002695;C0075;2025-08-27;2;3;2.80;LIVREE;domicile;
CMD002695;C0075;2025-08-27;22;1;5,09;LIVREE;domicile;
CMD002696;C0176;2025-08-27;13;2;5.40;LIVREE;point_relais;
CMD002696;C0176;2025-08-27;40;1;3.71;livrée;point_relais;
CMD002696;C0176;2025-08-27;2;3;2.80;Livrée;point_relais;
CMD002696;C0176;2025-08-27;38;1;5.60;LIVREE;point_relais;
CMD002697;C0046;27-08-25;12;2;3.50;Livrée;retrait_ferme;
CMD002697;C0046;2025-08-27;13;0.5;5.40;Livrée;retrait_ferme;
CMD002697;C0046;2025-08-27;16;0.5;8,50;LIVREE;retrait_ferme;
CMD002697;C0046;2025-08-27;6;3;1.40;Livrée;retrait_ferme;
CMD002697;C0046;2025-08-27;2;0.5;2.80;livrée;retrait_ferme;
CMD002698;C0296;2025-08-27;18;1;4.20;livrée;domicile;
CMD002698;C0296;2025-08-27;5;0,5;1.90;LIVREE;domicile;
CMD002698;C0296;2025-08-27;25;1;5,19;Livrée;domicile;
CMD002698;C0296;2025-08-27;12;1.5;3.50;Livree;domicile;
CMD002698;C0296;2025-08-27;7;1;4.50;LIVREE;domicile;
CMD002699;C0228;2025-08-27;4;3;2.10;Livrée;domicile;
CMD002699;C0228;27-08-25;37;3;3.10;livrée;domicile;
CMD002700;C0228;2025-08-27;17;3;3.00;Livrée;domicile;
CMD002700;C0228;2025-08-27;23;1;13.25;Livree;domicile;
CMD002701;C0076;2025-08-27;11;2;3.20;Livree;domicile;
CMD002701;C0076;2025-08-27;11;2;3.20;Livree;domicile;
CMD002702;C0134;2025-08-28;13;0,5;5.40;LIVREE;Retrait_ferme;
CMD002702;C0134;2025-08-28;24;2;5,94;Livrée;retrait_ferme;
CMD002703;C0268;2025-08-28;38;4;5.60;livrée;domicile;
CMD002704;C0269;2025-08-28;1;1;4.20;Livree;domicile;
CMD002704;C0269;2025-08-28;36;2;5.51;Livree;domicile;
CMD002704;C0269;2025-08-28;4;1;2.10;LIVREE;Domicile;
CMD002704;C0269;28/08/2025;18;2;4,20;LIVREE;domicile;
CMD002704;C0269;2025-08-28;9;1;9.00;LIVREE;domicile;
CMD002705;C0027;2025-08-28;31;4;1,20;LIVREE;point_relais;
CMD002706;C0282;2025-08-28;2;1,5;2.80;Livrée;domicile;
CMD002706;C0282;28/08/2025;18;2;4.20;LIVREE;domicile;
CMD002706;C0282;28-08-25;3;1;3,60;LIVREE;domicile;
CMD002707;C0189;2025-08-28;5;3;1.90;ANNULEE;domicile;paiement refusé
CMD002708;C0161;2025-08-28;7;1;4,50;Livrée;retrait_ferme;
CMD002709;C0242;2025-08-28;14;0.5;4.90;LIVREE;retrait_ferme;
CMD002709;C0242;2025-08-28;8;1.5;2.60;livrée;retrait_ferme;
CMD002710;C0090;2025-08-28;5;3;1,90;Livrée;domicile;
CMD002710;C0090;2025-08-28;15;2;5,80;livrée;domicile;
CMD002710;C0090;2025-08-28;36;2;5.51;Livrée;domicile;
CMD002711;C0189;2025-08-28;4;2;2.10;LIVREE;retrait_ferme;
CMD002711;C0189;2025-08-28;17;1;3.00;Livree;retrait_ferme;
CMD002712;C0211;2025-08-28;8;1;2,60;livrée;domicile;
CMD002713;C0094;29/08/2025;16;1.5;8.50;Livree;domicile;
CMD002713;C0094;2025-08-29;25;1;5,19;Livree;domicile;
CMD002713;C0094;2025-08-29;38;1;5.60;Livree;domicile;
CMD002713;C0094;2025-08-29;9;3;9.00;LIVREE;domicile;
CMD002713;C0094;2025-08-29;13;2;5.40;LIVREE;domicile;
CMD002714;C0002;2025-08-29;23;3;13.25;Livree;point_relais;
CMD002715;C0005;2025-08-29;9;1;9.00;LIVREE;domicile;
CMD002715;C0005;2025-08-29;32;4;2.20;Livrée;domicile;
CMD002715;C0005;2025-08-29;2;1.5;2.80;livrée;domicile;
CMD002715;C0005;2025-08-29;2;1.5;2.80;livrée;domicile;
CMD002716;C0291;2025-08-29;2;1,5;2.80;LIVREE;point_relais;
CMD002716;C0291;2025-08-29;38;1;5.60;LIVREE;point_relais;
CMD002716;C0291;2025-08-29;22;4;5,09;LIVREE;point_relais;
CMD002716;C0291;2025-08-29;13;2;5.40;LIVREE;point_relais;
CMD002716;C0291;2025-08-29;34;1;5,09;livrée;point_relais;
CMD002717;C0170;2025-08-29;10;3;2.90;livrée;point_relais;
CMD002717;C0170;2025-08-29;1;0,5;4,20;LIVREE;point_relais;
CMD002718;C0046;29/08/2025;8;1;2,60;Livree;point_relais;
CMD002718;C0046;29/08/2025;4;1.5;2.10;LIVREE;point_relais;
CMD002718;C0046;2025-08-29;2;2;2,80;Livrée;point_relais;
CMD002718;C0046;2025-08-29;31;3;1.20;LIVREE;point_relais;
CMD002719;C0204;2025-08-29;15;2;5.80;Livree;Domicile;
CMD002719;C0204;2025-08-29;20;2;8.69;Livree;domicile;
CMD002719;C0204;2025-08-29;16;0,5;8.50;livrée;domicile;
CMD002720;C0004;2025-08-29;10;1;2.90;livrée;domicile;
CMD002721;C0151;2025-08-29;2;3;2.80;Livrée;domicile;
CMD002722;C0176;2025-08-29;10;1,5;2.90;livrée;retrait_ferme;
CMD002722;C0176;2025-08-29;24;4;5.94;Livree;retrait_ferme;
CMD002723;C0063;2025-08-30;21;2;10.49;Livree;point_relais;
CMD002723;C0063;2025-08-30;17;2;3.00;Livrée;point_relais;
CMD002724;C0084;2025-08-30;20;1;8.69;Livree;domicile;
CMD002724;C0084;2025-08-30;2;1;2.80;Livree;domicile;
CMD002725;C0246;30/08/2025;33;4;4,45;livrée;domicile;
CMD002726;C0292;2025-08-30;34;2;5,09;livrée;point_relais;
CMD002726;C0292;30/08/2025;10;2;2.90;Livrée;point_relais;
CMD002726;C0292;2025-08-30;29;0.2;28.00;LIVREE;point_relais;
CMD002727;C0245;2025-08-30;16;2;8.50;LIVREE;domicile;
CMD002728;C0287;2025-08-30;21;3;10.49;livrée;point_relais;
CMD002728;C0287;2025-08-30;26;2;8.90;Livrée;Point_relais;
CMD002729;C0203;30/08/2025;8;2;2.60;Livrée;point_relais;
CMD002730;C0309;2025-08-30;17;3;3.00;livrée;point_relais;
CMD002730;C0309;2025-08-30;28;2;1,90;Livree;point_relais;
CMD002731;C0005;30/08/2025;14;3;4.90;Livrée;Point_relais;
CMD002732;C0237;2025-08-30;13;3;5.40;Livree;point_relais;
CMD002732;C0237;30/08/2025;11;2;3.20;Livrée;point_relais;
CMD002732;C0237;2025-08-30;32;4;2.20;LIVREE;point_relais;
CMD002733;C0211;30/08/2025;12;1,5;3.50;Livrée;point_relais;
CMD002734;C0199;2025-08-30;12;3;3.50;Livrée;point_relais;
CMD002734;C0199;2025-08-30;15;2;5,80;Livree;point_relais;
CMD002734;C0199;2025-08-30;11;0.5;3.20;livrée;point_relais;
CMD002735;C0070;2025-08-30;1;2;4,20;Livree;domicile;
CMD002735;C0070;2025-08-30;28;4;1,90;Livree;domicile;
CMD002735;C0070;2025-08-30;25;3;5,19;livrée;domicile;
CMD002735;C0070;30/08/2025;6;2;1.40;Livrée;domicile;
CMD002736;C0282;2025-08-30;9;3;9.00;Livrée;domicile;
CMD002736;C0282;2025-08-30;5;3;1.90;livrée;domicile;
CMD002736;C0282;30/08/2025;19;1;7,95;Livree;domicile;
CMD002736;C0282;2025-08-30;27;4;3,40;livrée;domicile;
CMD002737;C0028;2025-08-30;7;2;4.50;livrée;point_relais;
CMD002737;C0028;2025-08-30;31;4;1.20;livrée;point_relais;
CMD002738;C0065;2025-08-31;19;1;7.95;LIVREE;domicile;
CMD002738;C0065;2025-08-31;17;3;3,00;Livree;domicile;
CMD002738;C0065;31/08/2025;2;3;2.80;Livrée;domicile;
CMD002739;C0141;2025-08-31;36;1;5.51;Annulée;domicile;météo
CMD002739;C0141;2025-08-31;1;1;4.20;annulée;domicile;météo
CMD002739;C0141;2025-08-31;2;3;2.80;ANNULEE;domicile;météo
CMD002740;C0118;2025-08-31;15;1,5;5,80;Livrée;point_relais;
CMD002740;C0118;2025-08-31;40;1;3.71;Livrée;point_relais;
CMD002740;C0118;2025-08-31;4;3;2.10;Livree;point_relais;
CMD002741;C0146;2025-08-31;2;2;2.80;Livrée;Point_relais;
CMD002741;C0146;2025-08-31;14;3;4,90;Livrée;point_relais;
CMD002742;C0198;2025-08-31;11;3;3.20;livrée;point_relais;
CMD002742;C0198;2025-08-31;4;1,5;2.10;Livrée;point_relais;
CMD002742;C0198;2025-08-31;18;2;4.20;Livree;point_relais;
CMD002742;C0198;2025-08-31;33;2;4.45;Livrée;point_relais;
CMD002742;C0198;2025-08-31;39;1.5;5.19;Livree;point_relais;
CMD002743;C0075;2025-08-31;26;1;8.90;LIVREE;Domicile;
CMD002744;C0005;2025-08-31;40;3;3.71;Livrée;retrait_ferme;
CMD002744;C0005;2025-08-31;19;1;7,95;Livree;Retrait_ferme;
CMD002744;C0005;2025-08-31;16;3;8,50;livrée;retrait_ferme;
CMD002744;C0005;31-08-25;17;1;3.00;Livree;retrait_ferme;
CMD002744;C0005;2025-08-31;10;3;2.90;livrée;retrait_ferme;
CMD002745;C0155;2025-08-31;12;0,5;3.50;livrée;point_relais;
CMD002746;C0250;2025-08-31;35;1;4.13;livrée;point_relais;
CMD002746;C0250;31/08/2025;18;2;4,20;Livrée;point_relais;
CMD002747;C0187;2025-08-31;37;4;3.10;livrée;domicile;
CMD002747;C0187;2025-08-31;10;1,5;2.90;LIVREE;domicile;
CMD002747;C0187;2025-08-31;14;1;4.90;Livrée;domicile;
CMD002747;C0187;2025-08-31;15;2;5.80;Livrée;domicile;
CMD002748;C0191;2025-08-31;24;2;5.94;LIVREE;point_relais;
CMD002748;C0191;2025-08-31;21;1;10.49;Livrée;point_relais;
CMD002748;C0191;2025-08-31;11;2;3.20;livrée;point_relais;
CMD002749;C0085;2025-08-31;10;2;2.90;livrée;Domicile;
CMD002749;C0085;2025-08-31;26;1;8.90;Livree;domicile;
CMD002749;C0085;2025-08-31;12;1.5;3,50;LIVREE;domicile;
CMD002750;C0300;2025-08-31;31;1;1.20;Livree;retrait_ferme;
CMD002750;C0300;2025-08-31;6;1;1.40;LIVREE;Retrait_ferme;
CMD002750;C0300;2025-08-31;27;1;3.40;Livrée;retrait_ferme;
CMD002750;C0300;2025-08-31;29;0.2;28.00;livrée;retrait_ferme;
CMD002751;C0237;2025-08-31;7;1,5;4,50;Livrée;retrait_ferme;
CMD002752;C0147;2025-08-31;22;2;5.09;Livree;domicile;
CMD002752;C0147;2025-08-31;31;4;1.20;Livrée;domicile;
CMD002752;C0147;31/08/2025;20;4;8.69;Livree;Domicile;
CMD002753;C0267;2025-09-01;6;4;1.40;Livrée;domicile;
CMD002753;C0267;2025-09-01;2;3;2.80;LIVREE;domicile;
CMD002753;C0267;01/09/2025;14;1.5;4.90;Livree;Domicile;
CMD002754;C0002;01/09/2025;5;2;1.90;Livrée;point_relais;
CMD002754;C0002;2025-09-01;4;1;2,10;LIVREE;point_relais;
CMD002754;C0002;2025-09-01;15;1.5;5.80;Livree;point_relais;
CMD002754;C0002;2025-09-01;19;2;7,95;livrée;point_relais;
CMD002755;C0086;2025-09-01;27;1;3.40;Livree;point_relais;
CMD002755;C0086;2025-09-01;1;1.5;4.20;LIVREE;point_relais;
CMD002755;C0086;01/09/2025;35;1;4,13;Livrée;point_relais;
CMD002756;C0929;2025-09-01;6;1;1.40;livrée;point_relais;
CMD002756;C0155;2025-09-01;12;1;3.50;Livrée;point_relais;
CMD002756;C0155;2025-09-01;3;0.5;3.60;livrée;Point_relais;
CMD002757;C0015;2025-09-01;5;2;1.90;Livrée;point_relais;
CMD002757;C0015;01-09-25;36;2;5.51;LIVREE;point_relais;
CMD002757;C0015;2025-09-01;10;0.5;2.90;livrée;point_relais;
CMD002757;C0015;2025-09-01;27;2;3,40;Livrée;point_relais;
CMD002757;C0015;2025-09-01;15;3;5.80;LIVREE;point_relais;
CMD002758;C0039;2025-09-01;34;3;5,09;Livrée;domicile;
CMD002759;C0120;2025-09-01;11;1;3.20;Livree;retrait_ferme;
CMD002759;C0120;2025-09-01;7;1;4.50;livrée;retrait_ferme;
CMD002760;C0030;2025-09-01;5;2;1.90;livrée;domicile;
CMD002761;C0105;2025-09-01;31;1;1.20;annulée;domicile;météo
CMD002762;C0103;2025-09-01;2;1;2,80;LIVREE;domicile;
CMD002762;C0103;01/09/2025;26;1;8.90;Livree;domicile;
CMD002762;C0103;2025-09-01;14;3;4.90;Livrée;domicile;
CMD002762;C0103;01/09/2025;18;4;4,20;livrée;domicile;
CMD002762;C0103;01/09/2025;25;3;5.19;Livrée;Domicile;
CMD002763;C0257;2025-09-01;29;0,5;28.00;livrée;point_relais;
CMD002764;C0166;2025-09-01;6;2;1.40;livrée;point_relais;
CMD002765;C0250;01/09/2025;16;1;8.50;Livrée;domicile;
CMD002765;C0250;01/09/2025;15;2;5.80;Livree;domicile;
CMD002766;C0113;02/09/2025;19;1;7.95;livrée;domicile;
CMD002766;C0113;2025-09-02;26;1;8.90;livrée;domicile;
CMD002767;C0032;2025-09-02;14;2;4.90;Livree;retrait_ferme;
CMD002767;C0032;2025-09-02;8;0,5;2.60;Livree;retrait_ferme;
CMD002767;C0032;2025-09-02;5;0.5;1.90;LIVREE;retrait_ferme;
CMD002767;C0032;2025-09-02;12;2;3.50;Livree;retrait_ferme;
CMD002768;C0161;2025-09-02;17;2;3.00;Livrée;domicile;
CMD002769;C0099;2025-09-02;12;0.5;3.50;livrée;domicile;
CMD002769;C0099;2025-09-02;7;1.5;4.50;Livrée;domicile;
CMD002770;C0150;2025-09-02;6;3;1.40;livrée;domicile;
CMD002770;C0150;02-09-25;30;0.2;24.00;LIVREE;domicile;
CMD002771;C0301;02/09/2025;24;3;5,94;LIVREE;point_relais;
CMD002771;C0301;02/09/2025;24;3;5,94;LIVREE;point_relais;
CMD002771;C0301;2025-09-02;39;3;5,19;livrée;point_relais;
CMD002771;C0301;2025-09-02;15;0.5;5.80;Livree;point_relais;
CMD002772;C0280;2025-09-02;7;1;4,50;livrée;domicile;
CMD002772;C0280;2025-09-02;27;4;3.40;Livree;domicile;
CMD002772;C0280;2025-09-02;10;1.5;2.90;LIVREE;domicile;
CMD002772;C0280;2025-09-02;18;1;4.20;livrée;domicile;
CMD002773;C0110;2025-09-02;3;3;3,60;LIVREE;domicile;
CMD002773;C0110;2025-09-02;35;2;4.13;livrée;domicile;
CMD002773;C0110;02/09/2025;16;0.5;8.50;Livrée;domicile;
CMD002774;C0115;02-09-25;3;0.5;3,60;livrée;domicile;
CMD002775;C0219;2025-09-02;21;2;10,49;Annulée;domicile;annulation client
CMD002775;C0219;2025-09-02;15;2;5,80;annulée;domicile;annulation client
CMD002776;C0075;2025-09-02;20;4;8,69;annulee;point_relais;client absent
CMD002776;C0075;2025-09-02;26;N/A;8.90;annulee;Point_relais;client absent
CMD002776;C0075;02-09-25;4;0,5;2.10;annulée;point_relais;client absent
CMD002777;C0263;02/09/2025;30;0.5;24,00;Livree;point_relais;
CMD002777;C0263;2025-09-02;11;1;3.20;LIVREE;point_relais;
CMD002778;C0015;2025-09-02;29;0.2;28.00;LIVREE;point_relais;
CMD002778;C0015;02-09-25;22;3;5.09;livrée;point_relais;
CMD002778;C0015;2025-09-02;1;1,5;4.20;LIVREE;point_relais;
CMD002778;C0985;2025-09-02;21;1;10,49;LIVREE;point_relais;
CMD002779;C0042;02/09/2025;15;1,5;5,80;livrée;domicile;
CMD002780;C0087;03/09/2025;32;1;2.20;LIVREE;retrait_ferme;
CMD002780;C0087;2025-09-03;5;0,5;1.90;LIVREE;retrait_ferme;
CMD002781;C0076;2025-09-03;30;0,2;24.00;Livree;point_relais;
CMD002781;C0076;2025-09-03;9;1;9.00;Livree;point_relais;
CMD002781;C0076;2025-09-03;7;1;4.50;LIVREE;point_relais;
CMD002781;C0076;2025-09-03;39;0,5;5.19;Livree;point_relais;
CMD002782;C0158;2025-09-03;19;2;7.95;livrée;point_relais;
CMD002783;C0084;03-09-25;13;2;5.40;livrée;point_relais;
CMD002783;C0084;2025-09-03;24;1;5,94;Livrée;point_relais;
CMD002783;C0084;03-09-25;5;2;1,90;LIVREE;point_relais;
CMD002784;C0152;2025-09-03;16;0,5;8.50;Livrée;domicile;
CMD002784;C0152;2025-09-03;8;1.5;2.60;Livrée;domicile;
CMD002784;C0152;2025-09-03;35;2;4.13;Livrée;domicile;
CMD002784;C0152;03/09/2025;7;1.5;4,50;Livrée;domicile;
CMD002785;C0251;2025-09-03;13;0.5;5.40;Livree;retrait_ferme;
CMD002785;C0251;2025-09-03;40;2;3.71;livrée;retrait_ferme;
CMD002786;C0241;2025-09-03;11;2;3.20;Livrée;domicile;
CMD002786;C0241;03/09/2025;15;2;5,80;LIVREE;domicile;
CMD002787;C0010;2025-09-03;9;0.5;9.00;Livree;domicile;
CMD002787;C0010;2025-09-03;40;2;3,71;livrée;domicile;
CMD002787;C0010;2025-09-03;16;3;8.50;livrée;domicile;
CMD002788;C0219;2025-09-03;23;2;13,25;Livree;domicile;
CMD002788;C0219;2025-09-03;9;1.5;9.00;LIVREE;domicile;
CMD002789;C0099;2025-09-03;12;1;3.50;livrée;domicile;
CMD002789;C0099;2025-09-03;36;3;5.51;Livrée;domicile;
CMD002789;C0099;03-09-25;4;1.5;2.10;livrée;domicile;
CMD002789;C0099;2025-09-03;6;4;1.40;Livrée;domicile;
CMD002789;C0099;2025-09-03;34;2;5.09;LIVREE;domicile;
CMD002790;C0237;04/09/2025;26;3;8.90;Livrée;domicile;
CMD002790;C0237;2025-09-04;6;2;1.40;Livree;domicile;
CMD002791;C0064;2025-09-04;9;0.5;9,00;LIVREE;domicile;
CMD002791;C0064;2025-09-04;14;1;4.90;LIVREE;domicile;
CMD002791;C0064;2025-09-04;5;2;1.90;Livree;domicile;
CMD002791;C0064;2025-09-04;18;2;4,20;Livree;Domicile;
CMD002791;C0064;2025-09-04;15;2;5.80;LIVREE;domicile;
CMD002792;C0097;2025-09-04;15;1;5.80;Livrée;retrait_ferme;
CMD002793;C0095;2025-09-04;39;2;5,19;ANNULEE;retrait_ferme;client absent
CMD002793;C0095;2025-09-04;26;2;8.90;ANNULEE;retrait_ferme;client absent
CMD002794;C0287;2025-09-04;11;2;3.20;Livree;point_relais;
CMD002794;C0287;04/09/2025;31;2;1,20;Livree;point_relais;
CMD002795;C0164;2025-09-04;40;1;3.71;Livree;domicile;
CMD002795;C0164;2025-09-04;32;2;2.20;Livrée;domicile;
CMD002795;C0164;04/09/2025;5;3;1,90;Livrée;domicile;
CMD002795;C0164;2025-09-04;9;1.5;9.00;LIVREE;domicile;
CMD002795;C0164;2025-09-04;16;1.5;8.50;livrée;domicile;
CMD002796;C0274;2025-09-04;33;4;4.45;LIVREE;point_relais;
CMD002796;C0274;04/09/2025;21;3;10.49;Livrée;point_relais;
CMD002796;C0274;2025-09-04;14;3;4.90;livrée;point_relais;
CMD002797;C0150;2025-09-04;17;4;3.00;Livrée;domicile;
CMD002797;C0150;2025-09-04;7;3;4.50;Livrée;domicile;
CMD002798;C0256;2025-09-04;8;1;2.60;Livree;domicile;
CMD002798;C0256;2025-09-04;30;0.2;24,00;livrée;domicile;
CMD002798;C0256;2025-09-04;30;0.2;24,00;livrée;domicile;
CMD002799;C0058;2025-09-04;25;4;5,19;LIVREE;domicile;
CMD002799;C0058;2025-09-04;18;1;4,20;LIVREE;domicile;
CMD002799;C0058;2025-09-04;24;1;5,94;LIVREE;domicile;
CMD002799;C0058;2025-09-04;26;1;8.90;Livree;domicile;
CMD002799;C0058;2025-09-04;19;3;7,95;Livree;domicile;
CMD002800;C0210;05/09/2025;8;1.5;2.60;Livrée;retrait_ferme;
CMD002800;C0210;05/09/2025;4;1;2.10;Livrée;retrait_ferme;
CMD002800;C0210;05/09/2025;25;1;5,19;Livree;retrait_ferme;
CMD002801;C0216;2025-09-05;9;0.5;9,00;Livree;domicile;
CMD002801;C0216;05/09/2025;29;0.5;28.00;Livree;domicile;
CMD002802;C0222;05/09/2025;13;1;5.40;livrée;domicile;
CMD002802;C0222;05/09/2025;13;1;5.40;livrée;domicile;
CMD002802;C0222;2025-09-05;35;4;4.13;LIVREE;domicile;
CMD002803;C0049;2025-09-05;10;0,5;2,90;Livrée;point_relais;
CMD002803;C0049;05/09/2025;23;2;13,25;livrée;point_relais;
CMD002804;C0176;2025-09-05;23;1;13,25;LIVREE;domicile;
CMD002804;C0176;2025-09-05;35;2;4,13;Livree;domicile;
CMD002805;C0107;2025-09-05;12;1.5;3,50;livrée;point_relais;
CMD002805;C0107;2025-09-05;9;3;9.00;Livree;point_relais;
CMD002805;C0107;2025-09-05;3;1;3.60;Livree;point_relais;
CMD002806;C0104;2025-09-05;30;0,5;24.00;livrée;point_relais;
CMD002806;C0104;2025-09-05;40;4;3.71;Livree;point_relais;
CMD002806;C0980;2025-09-05;22;3;5.09;LIVREE;point_relais;
CMD002806;C0104;2025-09-05;7;2;4.50;Livree;point_relais;
CMD002807;C0241;2025-09-05;3;1.5;3.60;livrée;domicile;
CMD002807;C0241;05/09/2025;11;1;3,20;livrée;domicile;
CMD002808;C0243;2025-09-05;32;1;2,20;livrée;Domicile;
CMD002809;C0282;2025-09-05;20;2;8.69;livrée;domicile;
CMD002809;C0282;2025-09-05;29;0.2;28.00;LIVREE;domicile;
CMD002809;C0282;2025-09-05;15;0.5;5,80;Livree;domicile;
CMD002809;C0282;2025-09-05;33;1;4.45;LIVREE;domicile;
CMD002809;C0282;2025-09-05;8;0,5;2.60;LIVREE;domicile;
CMD002810;C0201;2025-09-05;27;4;3.40;Livree;domicile;
CMD002810;C0201;2025-09-05;5;1;1.90;livrée;domicile;
CMD002811;C0134;05/09/2025;3;1;3.60;Livrée;point_relais;
CMD002812;C0052;05/09/2025;13;1;5.40;LIVREE;domicile;
CMD002812;C0052;2025-09-05;15;2;5,80;LIVREE;domicile;
CMD002812;C0052;2025-09-05;4;0,5;2,10;livrée;domicile;
CMD002813;C0163;2025-09-05;16;3;8.50;LIVREE;domicile;
CMD002813;C0163;2025-09-05;7;1,5;4.50;livrée;domicile;
CMD002813;C0163;05-09-25;30;0.2;24.00;livrée;domicile;
CMD002814;C0301;2025-09-06;11;1.5;3.20;Livrée;point_relais;
CMD002814;C0301;06/09/2025;9;2;9.00;Livrée;point_relais;
CMD002814;C0301;06/09/2025;9;2;9.00;Livrée;point_relais;
CMD002814;C0301;2025-09-06;4;3;2.10;LIVREE;point_relais;
CMD002815;C0125;06/09/2025;5;3;1.90;Livrée;domicile;
CMD002815;C0125;2025-09-06;29;0,2;28,00;LIVREE;Domicile;
CMD002816;C0211;06/09/2025;38;3;5.60;annulée;domicile;annulation client
CMD002816;C0211;2025-09-06;15;1;5.80;annulee;domicile;annulation client
CMD002816;C0211;2025-09-06;16;0.5;8,50;annulee;domicile;annulation client
CMD002817;C0265;2025-09-06;5;2;1.90;Livrée;retrait_ferme;
CMD002817;C0265;2025-09-06;9;2;9,00;LIVREE;retrait_ferme;
CMD002818;C0163;2025-09-06;23;4;13.25;Livrée;domicile;
CMD002818;C0163;2025-09-06;16;1;8,50;Livrée;domicile;
CMD002818;C0163;2025-09-06;2;1;2.80;Livrée;domicile;
CMD002818;C0163;2025-09-06;6;2;1,40;Livrée;domicile;
CMD002819;C0272;06/09/2025;10;0.5;2,90;LIVREE;point_relais;
CMD002819;C0272;06-09-25;23;2;13,25;LIVREE;point_relais;
CMD002819;C0272;06/09/2025;7;1;4.50;LIVREE;point_relais;
CMD002820;C0092;2025-09-06;23;4;13,25;Livrée;domicile;
CMD002820;C0092;2025-09-06;30;0.5;24.00;livrée;domicile;
CMD002821;C0307;2025-09-06;12;3;3,50;Livrée;domicile;
CMD002821;C0307;2025-09-06;13;1;5.40;livrée;domicile;
CMD002821;C0307;2025-09-06;1;0,5;4.20;LIVREE;domicile;
CMD002822;C0062;2025-09-06;22;2;5,09;Livrée;point_relais;
CMD002823;C0272;06-09-25;17;2;3,00;livrée;domicile;
CMD002824;C0149;2025-09-06;36;1;5.51;Livrée;point_relais;
CMD002825;C0133;2025-09-06;12;1,5;3,50;livrée;point_relais;
CMD002826;C0242;2025-09-06;39;0.5;5,19;Livree;domicile;
CMD002827;C0075;2025-09-06;29;0.2;28,00;livrée;domicile;
CMD002827;C0075;2025-09-06;1;3;4.20;LIVREE;domicile;
CMD002828;C0005;07/09/2025;11;0,5;3,20;Livrée;point_relais;
CMD002829;C0288;2025-09-07;7;2;4.50;livrée;retrait_ferme;
CMD002830;C0312;07/09/2025;36;1;5.51;Livrée;domicile;
CMD002830;C0312;2025-09-07;26;1;8.90;Livree;domicile;
CMD002830;C0312;07/09/2025;5;1.5;1.90;Livrée;domicile;
CMD002830;C0312;07/09/2025;7;0.5;4,50;LIVREE;domicile;
CMD002830;C0312;2025-09-07;37;2;3,10;Livrée;Domicile;
CMD002831;C0065;2025-09-07;18;4;4,20;livrée;retrait_ferme;
CMD002832;C0297;2025-09-07;4;1,5;2.10;Livrée;point_relais;
CMD002832;C0297;2025-09-07;15;1;5,80;livrée;point_relais;
CMD002832;C0297;2025-09-07;17;2;3,00;Livree;point_relais;
CMD002833;C0070;2025-09-07;18;1;4.20;livrée;point_relais;
CMD002833;C0070;2025-09-07;20;1;8.69;Livrée;Point_relais;
CMD002833;C0070;2025-09-07;35;1;4,13;Livrée;point_relais;
CMD002833;C0070;2025-09-07;38;2;5.60;livrée;point_relais;
CMD002833;C0070;2025-09-07;12;1.5;3.50;Livree;point_relais;
CMD002834;C0169;2025-09-07;13;2;5.40;Livree;retrait_ferme;
CMD002834;C0169;2025-09-07;31;1;1.20;Livree;Retrait_ferme;
CMD002835;C0133;2025-09-07;28;1;1.90;LIVREE;retrait_ferme;
CMD002835;C0133;2025-09-07;29;0,2;28.00;Livrée;retrait_ferme;
CMD002835;C0133;2025-09-07;32;1;2.20;Livree;retrait_ferme;
CMD002836;C0073;2025-09-07;16;3;8.50;livrée;retrait_ferme;
CMD002836;C0073;2025-09-07;14;2;4,90;LIVREE;retrait_ferme;
CMD002836;C0073;2025-09-07;9;0.5;9,00;Livrée;retrait_ferme;
CMD002836;C0073;2025-09-07;37;1;3,10;Livrée;retrait_ferme;
CMD002837;C0167;07-09-25;1;2;4,20;Livree;domicile;
CMD002837;C0167;07/09/2025;26;2;8,90;LIVREE;domicile;
CMD002837;C0167;07/09/2025;20;3;8.69;livrée;domicile;
CMD002838;C0162;2025-09-07;13;0,5;5.40;livrée;domicile;
CMD002838;C0162;07/09/2025;28;1;1.90;Livrée;domicile;
CMD002838;C0162;07/09/2025;28;1;1.90;Livrée;domicile;
CMD002838;C0162;2025-09-07;6;2;1.40;livrée;domicile;
CMD002839;C0032;2025-09-07;27;2;3.40;Livree;retrait_ferme;
CMD002839;C0032;2025-09-07;13;1;5,40;LIVREE;retrait_ferme;
CMD002839;C0032;2025-09-07;29;0.2;28,00;livrée;retrait_ferme;
CMD002840;C0208;08-09-25;11;0.5;3,20;Livree;domicile;
CMD002840;C0208;2025-09-08;28;4;1.90;LIVREE;domicile;
CMD002840;C0208;08-09-25;33;2;4,45;livrée;domicile;
CMD002840;C0208;2025-09-08;21;2;10,49;Livree;domicile;
CMD002840;C0208;2025-09-08;13;0,5;5,40;livrée;domicile;
CMD002841;C0297;2025-09-08;25;2;5.19;Livrée;point_relais;
CMD002841;C0297;08/09/2025;16;2;8.50;LIVREE;point_relais;
CMD002842;C0273;2025-09-08;35;1;4.13;Livree;Domicile;
CMD002842;C0273;08/09/2025;36;2;5,51;LIVREE;domicile;
CMD002843;C0301;2025-09-08;27;4;3.40;livrée;Domicile;
CMD002843;C0301;2025-09-08;29;0.5;28.00;Livree;domicile;
CMD002843;C0301;2025-09-08;26;1;8.90;livrée;domicile;
CMD002844;C0059;2025-09-08;20;4;8.69;Livree;domicile;
CMD002844;C0059;08/09/2025;22;1;5.09;Livrée;domicile;
CMD002844;C0059;2025-09-08;30;0.5;24,00;LIVREE;domicile;
CMD002844;C0059;2025-09-08;24;1;5,94;Livree;domicile;
CMD002845;C0183;2025-09-08;18;4;4,20;Livrée;domicile;
CMD002845;C0183;2025-09-08;10;1.5;2.90;livrée;domicile;
CMD002845;C0183;2025-09-08;3;1.5;3.60;livrée;domicile;
CMD002846;C0078;2025-09-08;4;1.5;2.10;livrée;retrait_ferme;
CMD002846;C0078;2025-09-08;1;1;4.20;LIVREE;retrait_ferme;
CMD002846;C0078;2025-09-08;12;1.5;3.50;Livrée;retrait_ferme;
CMD002846;C0078;2025-09-08;3;0.5;3,60;livrée;retrait_ferme;
CMD002846;C0078;2025-09-08;11;3;3.20;LIVREE;retrait_ferme;
CMD002847;C0211;2025-09-08;26;2;8.90;Livree;point_relais;
CMD002847;C0211;2025-09-08;27;3;3,40;Livree;point_relais;
CMD002848;C0297;08-09-25;8;0.5;2.60;Livrée;domicile;
CMD002848;C0297;2025-09-08;21;2;10.49;livrée;domicile;
CMD002848;C0297;2025-09-08;11;0,5;3.20;Livrée;domicile;
CMD002848;C0297;2025-09-08;23;2;13.25;Livrée;domicile;
CMD002848;C0297;2025-09-08;12;2;3,50;livrée;domicile;
CMD002849;C0221;2025-09-08;9;1;9.00;Livree;retrait_ferme;
CMD002849;C0221;2025-09-08;16;1.5;8.50;Livrée;retrait_ferme;
CMD002849;C0221;2025-09-08;8;2;2,60;livrée;retrait_ferme;
CMD002850;C0150;2025-09-08;7;0.5;4.50;livrée;domicile;
CMD002850;C0150;2025-09-08;2;1.5;2.80;Livrée;domicile;
CMD002851;C0005;2025-09-08;6;2;1.40;Livrée;retrait_ferme;
CMD002851;C0005;2025-09-08;12;3;3,50;livrée;retrait_ferme;
CMD002851;C0005;08/09/2025;9;0.5;9.00;LIVREE;retrait_ferme;
CMD002851;C0005;2025-09-08;27;2;3.40;LIVREE;retrait_ferme;
CMD002852;C0093;2025-09-08;7;0.5;4.50;Livree;point_relais;
CMD002852;C0093;2025-09-08;8;3;2,60;livrée;point_relais;
CMD002853;C0076;2025-09-08;28;2;1.90;livrée;Point_relais;
CMD002854;C0280;2025-09-09;12;1.5;3,50;LIVREE;domicile;
CMD002854;C0280;2025-09-09;5;1;1.90;livrée;domicile;
CMD002854;C0280;2025-09-09;17;3;3.00;Livrée;domicile;
CMD002854;C0280;2025-09-09;19;3;7.95;LIVREE;domicile;
CMD002854;C0280;2025-09-09;1;1;4.20;livrée;Domicile;
CMD002855;C0158;2025-09-09;14;1,5;4.90;Livrée;domicile;
CMD002855;C0158;2025-09-09;22;2;5.09;Livree;domicile;
CMD002855;C0158;09-09-25;24;1;5.94;Livrée;domicile;
CMD002856;C0277;2025-09-09;12;1,5;3,50;Livrée;domicile;
CMD002856;C0277;2025-09-09;17;2;3,00;Livree;domicile;
CMD002857;C0256;2025-09-09;19;3;7,95;Livrée;domicile;
CMD002858;C0280;2025-09-09;14;0.5;4,90;Livrée;point_relais;
CMD002858;C0280;2025-09-09;8;1;2.60;Livrée;point_relais;
CMD002858;C0280;09/09/2025;29;0,2;28.00;Livrée;point_relais;
CMD002858;C0280;2025-09-09;11;1;3.20;livrée;point_relais;
CMD002859;C0252;09/09/2025;17;2;3.00;Livrée;domicile;
CMD002860;C0254;09-09-25;2;1.5;2,80;Livrée;domicile;
CMD002860;C0254;2025-09-09;40;3;3.71;LIVREE;Domicile;
CMD002860;C0254;2025-09-09;7;1.5;4.50;LIVREE;domicile;
CMD002860;C0254;2025-09-09;17;1;3.00;LIVREE;Domicile;
CMD002860;C0254;09/09/2025;28;2;1.90;LIVREE;domicile;
CMD002861;C0017;10/09/2025;1;3;4,20;LIVREE;Point_relais;
CMD002862;C0060;2025-09-10;38;3;5.60;LIVREE;domicile;
CMD002863;C0274;2025-09-10;12;3;3.50;Livree;retrait_ferme;
CMD002863;C0274;2025-09-10;3;0.5;3.60;LIVREE;retrait_ferme;
CMD002863;C0274;2025-09-10;18;3;4,20;livrée;retrait_ferme;
CMD002863;C0274;2025-09-10;37;1;3.10;Livree;retrait_ferme;
CMD002863;C0274;2025-09-10;5;3;1,90;Livree;retrait_ferme;
CMD002864;C0047;2025-09-10;36;1;5.51;Livrée;domicile;
CMD002864;C0047;2025-09-10;10;1;2.90;livrée;domicile;
CMD002864;C0047;2025-09-10;27;2;3.40;Livree;Domicile;
CMD002865;C0055;2025-09-10;4;1,5;2,10;livrée;retrait_ferme;
CMD002866;C0281;2025-09-10;7;2;4.50;Livree;point_relais;
CMD002866;C0281;10/09/2025;14;1.5;4.90;Livrée;point_relais;
CMD002867;C0154;2025-09-10;24;1;5.94;livrée;Point_relais;
CMD002868;C0183;2025-09-10;33;3;4.45;Livree;domicile;
CMD002868;C0183;2025-09-10;36;1;5,51;Livree;domicile;
CMD002869;C0084;2025-09-10;4;3;2,10;Livrée;domicile;
CMD002869;C0084;10-09-25;35;1;4.13;livrée;domicile;
CMD002870;C0007;10/09/2025;14;0.5;4.90;LIVREE;point_relais;
CMD002870;C0007;2025-09-10;26;1;8.90;livrée;point_relais;
CMD002870;C0007;2025-09-10;7;3;4.50;Livrée;Point_relais;
CMD002870;C0007;2025-09-10;7;3;4.50;Livrée;Point_relais;
CMD002870;C0007;2025-09-10;1;3;4.20;Livrée;point_relais;
CMD002871;C0057;10/09/2025;10;1;2.90;livrée;domicile;
CMD002871;C0057;10/09/2025;9;1,5;9.00;Livrée;domicile;
CMD002871;C0057;10/09/2025;18;1;4,20;LIVREE;domicile;
CMD002871;C0057;2025-09-10;1;3;4,20;Livree;domicile;
CMD002872;C0186;2025-09-11;38;2;5.60;Livree;domicile;
CMD002873;C0121;2025-09-11;9;0.5;9.00;annulée;point_relais;paiement refusé
CMD002873;C0121;2025-09-11;30;0.2;24,00;annulée;point_relais;paiement refusé
CMD002873;C0121;2025-09-11;22;1;5.09;annulee;point_relais;paiement refusé
CMD002873;C0121;2025-09-11;22;1;5.09;annulee;point_relais;paiement refusé
CMD002874;C0245;2025-09-11;1;3;4,20;livrée;retrait_ferme;
CMD002874;C0245;11/09/2025;28;3;1.90;LIVREE;Retrait_ferme;
CMD002875;C0167;2025-09-11;21;3;10.49;LIVREE;point_relais;
CMD002876;C0188;11-09-25;30;0.2;24.00;LIVREE;domicile;
CMD002877;C0089;11-09-25;16;2;8.50;LIVREE;domicile;
CMD002877;C0089;2025-09-11;2;1;2,80;LIVREE;domicile;
CMD002877;C0089;2025-09-11;5;1;1.90;Livree;domicile;
CMD002877;C0089;2025-09-11;12;1.5;3.50;Livrée;domicile;
CMD002877;C0089;2025-09-11;35;4;4.13;LIVREE;domicile;
CMD002878;C0222;11-09-25;16;1.5;8,50;Livrée;point_relais;
CMD002879;C0013;2025-09-11;2;1;2.80;Livree;domicile;
CMD002880;C0098;2025-09-11;7;3;4.50;Livrée;domicile;
CMD002880;C0098;11/09/2025;2;2;2,80;Livrée;domicile;
CMD002880;C0098;2025-09-11;5;3;1,90;Livree;Domicile;
CMD002881;C0291;2025-09-12;23;1;13.25;LIVREE;Domicile;
CMD002881;C0901;2025-09-12;9;3;9,00;Livree;domicile;
CMD002881;C0291;2025-09-12;12;1.5;3,50;Livree;domicile;
CMD002882;C0219;2025-09-12;12;2;3,50;Livrée;point_relais;
CMD002883;C0112;2025-09-12;1;1,5;4.20;LIVREE;retrait_ferme;
CMD002884;C0098;12-09-25;13;0.5;5.40;Livrée;domicile;
CMD002884;C0098;2025-09-12;5;0,5;1.90;Livree;domicile;
CMD002884;C0098;2025-09-12;16;3;8,50;LIVREE;domicile;
CMD002885;C0297;2025-09-12;26;1;8,90;Annulée;domicile;annulation client
CMD002885;C0297;2025-09-12;19;2;7.95;annulee;domicile;annulation client
CMD002885;C0297;2025-09-12;27;3;3.40;annulee;Domicile;annulation client
CMD002885;C0297;2025-09-12;30;0.2;24,00;ANNULEE;domicile;annulation client
CMD002886;C0089;2025-09-12;22;1;5.09;LIVREE;retrait_ferme;
CMD002887;C0091;12-09-25;18;3;4.20;LIVREE;domicile;
CMD002887;C0091;12-09-25;39;0.5;5.19;Livrée;domicile;
CMD002888;C0042;2025-09-12;11;2;3.20;Livree;point_relais;
CMD002888;C0042;12/09/2025;10;0.5;2.90;Livree;point_relais;
CMD002889;C0097;12/09/2025;11;0,5;3.20;ANNULEE;domicile;rupture de stock
CMD002890;C0046;2025-09-12;10;3;2,90;LIVREE;retrait_ferme;
CMD002890;C0046;2025-09-12;31;2;1.20;LIVREE;retrait_ferme;
CMD002890;C0046;2025-09-12;21;2;10.49;Livrée;retrait_ferme;
CMD002891;C0210;12-09-25;31;2;1.20;livrée;Domicile;
CMD002891;C0210;2025-09-12;17;2;3.00;livrée;domicile;
CMD002891;C0210;2025-09-12;37;2;3.10;Livree;domicile;
CMD002892;C0030;12/09/2025;28;3;1.90;Livrée;point_relais;
CMD002892;C0030;2025-09-12;39;1;5.19;Livrée;point_relais;
CMD002892;C0030;2025-09-12;10;1,5;2.90;livrée;point_relais;
CMD002892;C0030;12/09/2025;2;1;2,80;Livree;point_relais;
CMD002892;C0030;2025-09-12;14;0,5;4,90;Livrée;point_relais;
CMD002893;C0271;2025-09-12;17;2;3.00;Livrée;Point_relais;
CMD002893;C0271;2025-09-12;2;1;2.80;LIVREE;point_relais;
CMD002893;C0271;2025-09-12;40;2;3,71;Livrée;point_relais;
CMD002893;C0271;2025-09-12;3;2;3.60;Livrée;point_relais;
CMD002894;C0188;2025-09-12;39;0.5;5,19;LIVREE;Retrait_ferme;
CMD002895;C0263;2025-09-13;38;2;5.60;LIVREE;retrait_ferme;
CMD002896;C0069;2025-09-13;28;1;1.90;Livree;domicile;
CMD002896;C0069;2025-09-13;2;2;2.80;livrée;domicile;
CMD002896;C0069;2025-09-13;11;2;3.20;Livree;domicile;
CMD002896;C0069;2025-09-13;30;0.2;24,00;LIVREE;domicile;
CMD002897;C0215;2025-09-13;23;3;13.25;Livree;point_relais;
CMD002897;C0215;2025-09-13;1;3;4.20;Livrée;point_relais;
CMD002897;C0215;2025-09-13;26;3;8.90;LIVREE;point_relais;
CMD002897;C0215;2025-09-13;26;3;8.90;LIVREE;point_relais;
CMD002898;C0133;2025-09-13;21;1;10.49;LIVREE;domicile;
CMD002899;C0205;2025-09-13;17;3;3.00;LIVREE;domicile;
CMD002899;C0205;2025-09-13;23;2;13.25;Livrée;domicile;
CMD002900;C0023;2025-09-13;17;4;3.00;LIVREE;domicile;
CMD002900;C0023;13/09/2025;7;0.5;4.50;LIVREE;domicile;
CMD002900;C0023;2025-09-13;2;1;2,80;livrée;domicile;
CMD002901;C0048;13/09/2025;12;1;3.50;Livree;domicile;
CMD002901;C0048;2025-09-13;16;3;8.50;Livrée;domicile;
CMD002901;C0048;13/09/2025;1;1,5;4,20;LIVREE;domicile;
CMD002901;C0048;13/09/2025;5;1;1.90;Livrée;domicile;
CMD002902;C0188;2025-09-13;24;2;5.94;LIVREE;retrait_ferme;
CMD002902;C0188;2025-09-13;6;2;1.40;LIVREE;retrait_ferme;
CMD002902;C0188;13/09/2025;20;1;8.69;Livree;retrait_ferme;
CMD002902;C0188;2025-09-13;5;1;1.90;Livrée;retrait_ferme;
CMD002902;C0188;2025-09-13;16;3;8,50;livrée;retrait_ferme;
CMD002903;C0055;2025-09-13;7;0.5;4.50;Livrée;point_relais;
CMD002904;C0270;2025-09-13;5;2;1.90;Livrée;point_relais;
CMD002905;C0216;2025-09-13;24;4;5.94;livrée;domicile;
CMD002905;C0216;2025-09-13;15;0,5;5.80;Livrée;domicile;
CMD002906;C0031;2025-09-13;17;4;3.00;ANNULEE;Domicile;paiement refusé
CMD002906;C0031;2025-09-13;3;0,5;3,60;annulée;domicile;paiement refusé
CMD002906;C0031;13/09/2025;40;2;3.71;annulee;domicile;paiement refusé
CMD002906;C0031;2025-09-13;11;3;3,20;annulée;domicile;paiement refusé
CMD002906;C0031;2025-09-13;9;1,5;9.00;Annulée;domicile;paiement refusé
CMD002907;C0252;2025-09-13;11;1;3.20;Livrée;point_relais;
CMD002908;C0016;2025-09-13;8;3;2.60;Livrée;domicile;
CMD002909;C0069;2025-09-13;11;2;3.20;Livrée;point_relais;
CMD002909;C0069;2025-09-13;12;3;3.50;livrée;point_relais;
CMD002909;C0069;2025-09-13;15;1;5.80;livrée;point_relais;
CMD002910;C0002;2025-09-14;8;2;2.60;Livree;point_relais;
CMD002910;C0002;2025-09-14;16;3;8.50;livrée;point_relais;
CMD002910;C0002;2025-09-14;13;1.5;5,40;LIVREE;point_relais;
CMD002910;C0002;2025-09-14;26;2;8,90;livrée;Point_relais;
CMD002911;C0185;2025-09-14;22;2;5.09;Livree;point_relais;
CMD002911;C0185;2025-09-14;1;0.5;4,20;Livrée;point_relais;
CMD002911;C0185;2025-09-14;12;3;3.50;livrée;point_relais;
CMD002912;C0193;14-09-25;36;1;5,51;livrée;retrait_ferme;
CMD002912;C0193;2025-09-14;31;4;1.20;livrée;retrait_ferme;
CMD002912;C0193;14/09/2025;15;1;5.80;LIVREE;retrait_ferme;
CMD002912;C0193;2025-09-14;16;0.5;8.50;LIVREE;retrait_ferme;
CMD002913;C0222;2025-09-14;4;1,5;2,10;Livree;domicile;
CMD002913;C0222;14/09/2025;25;4;5.19;livrée;domicile;
CMD002914;C0079;2025-09-14;30;0.5;24.00;LIVREE;domicile;
CMD002914;C0079;2025-09-14;19;4;7,95;LIVREE;domicile;
CMD002915;C0181;14/09/2025;12;1;3.50;livrée;retrait_ferme;
CMD002916;C0216;14/09/2025;5;2;1.90;livrée;Domicile;
CMD002916;C0216;14/09/2025;1;1.5;4,20;livrée;Domicile;
CMD002917;C0166;14/09/2025;22;1;5.09;Livree;retrait_ferme;
CMD002917;C0166;2025-09-14;7;1;4.50;Livree;retrait_ferme;
CMD002918;C0122;2025-09-14;11;1;3,20;Livree;point_relais;
CMD002919;C0097;2025-09-14;23;1;13.25;Livree;domicile;
CMD002919;C0097;14/09/2025;1;2;4.20;LIVREE;domicile;
CMD002919;C0097;2025-09-14;35;1;4.13;LIVREE;domicile;
CMD002920;C0092;14-09-25;18;2;4.20;livrée;domicile;
CMD002920;C0092;2025-09-14;31;2;1.20;Livree;domicile;
CMD002920;C0092;2025-09-14;1;0,5;4.20;Livrée;domicile;
CMD002921;C0090;2025-09-14;18;2;4,20;Livrée;domicile;
CMD002922;C0216;2025-09-15;4;2;2.10;livrée;domicile;
CMD002923;C0247;15/09/2025;11;1;3.20;LIVREE;retrait_ferme;
CMD002923;C0247;15/09/2025;5;0.5;1.90;LIVREE;retrait_ferme;
CMD002924;C0176;15/09/2025;32;1;2.20;annulée;domicile;paiement refusé
CMD002925;C0162;2025-09-15;32;2;2,20;livrée;domicile;
CMD002925;C0162;2025-09-15;2;3;2.80;LIVREE;domicile;
CMD002925;C0162;2025-09-15;14;0,5;4.90;LIVREE;domicile;
CMD002926;C0291;2025-09-15;6;2;1.40;Livrée;retrait_ferme;
CMD002926;C0291;2025-09-15;24;1;5,94;livrée;Retrait_ferme;
CMD002926;C0291;2025-09-15;18;2;4.20;Livree;retrait_ferme;
CMD002927;C0271;2025-09-15;3;3;3.60;Livree;retrait_ferme;
CMD002927;C0271;2025-09-15;20;2;8.69;livrée;retrait_ferme;
CMD002928;C0098;2025-09-15;14;1;4.90;Livrée;domicile;
CMD002928;C0098;15/09/2025;28;3;1.90;Livrée;Domicile;
CMD002928;C0098;2025-09-15;32;1;2,20;Livrée;domicile;
CMD002929;C0108;2025-09-15;14;2;4.90;LIVREE;retrait_ferme;
CMD002929;C0108;2025-09-15;10;3;2.90;Livrée;retrait_ferme;
CMD002929;C0108;2025-09-15;19;1;7,95;Livree;Retrait_ferme;
CMD002930;C0216;2025-09-15;18;2;4.20;Livrée;Domicile;
CMD002930;C0216;15-09-25;39;0.5;5.19;Livrée;domicile;
CMD002930;C0216;2025-09-15;30;0.2;24,00;LIVREE;domicile;
CMD002931;C0059;2025-09-15;8;1.5;2.60;Livree;domicile;
CMD002932;C0015;2025-09-15;7;1;4.50;LIVREE;retrait_ferme;
CMD002932;C0015;2025-09-15;7;1;4.50;LIVREE;retrait_ferme;
CMD002933;C0065;2025-09-15;6;2;1.40;Annulée;point_relais;rupture de stock
CMD002934;C0165;2025-09-15;38;1;5.60;Livree;domicile;
CMD002934;C0165;2025-09-15;25;2;5.19;LIVREE;domicile;
CMD002935;C0076;2025-09-16;14;3;4.90;Livree;Domicile;
CMD002936;C0199;16-09-25;4;3;2.10;livrée;point_relais;
CMD002937;C0216;2025-09-16;18;3;4,20;Livrée;retrait_ferme;
CMD002937;C0216;2025-09-16;2;0.5;2,80;Livree;retrait_ferme;
CMD002937;C0216;2025-09-16;7;0.5;4.50;Livree;retrait_ferme;
CMD002938;C0042;2025-09-16;9;0,5;9,00;LIVREE;retrait_ferme;
CMD002938;C0042;2025-09-16;8;0.5;2.60;LIVREE;retrait_ferme;
CMD002939;C0252;2025-09-16;8;1;2.60;Livree;point_relais;
CMD002940;C0055;2025-09-16;30;0,5;24.00;Livrée;point_relais;
CMD002941;C0142;2025-09-16;18;2;4.20;Livree;domicile;
CMD002941;C0142;2025-09-16;33;3;4.45;LIVREE;domicile;
CMD002942;C0241;17-09-25;7;2;4.50;ANNULEE;domicile;annulation client
CMD002942;C0241;2025-09-17;6;1;1.40;Annulée;domicile;annulation client
CMD002943;C0201;2025-09-17;24;3;5.94;Annulée;domicile;météo
CMD002943;C0201;2025-09-17;39;1,5;5.19;annulee;domicile;météo
CMD002944;C0172;2025-09-17;12;2;3.50;Livree;domicile;
CMD002944;C0172;2025-09-17;10;3;2,90;Livrée;domicile;
CMD002945;C0083;2025-09-17;4;1,5;2.10;LIVREE;Domicile;
CMD002945;C0083;2025-09-17;8;1.5;2.60;livrée;Domicile;
CMD002945;C0083;2025-09-17;21;1;10.49;LIVREE;domicile;
CMD002946;C0276;2025-09-17;1;0.5;4.20;Livree;domicile;
CMD002946;C0276;2025-09-17;10;2;2.90;livrée;domicile;
CMD002946;C0276;2025-09-17;16;1;8.50;Livree;domicile;
CMD002946;C0276;2025-09-17;4;2;2.10;Livree;domicile;
CMD002947;C0086;17/09/2025;14;1;4.90;Livree;domicile;
CMD002948;C0301;2025-09-17;4;2;2.10;LIVREE;domicile;
CMD002949;C0154;2025-09-18;39;2;5.19;livrée;domicile;
CMD002949;C0154;2025-09-18;15;2;5.80;Livrée;domicile;
CMD002950;C0152;2025-09-18;19;1;7.95;LIVREE;point_relais;
CMD002951;C0256;18/09/2025;4;1;2,10;LIVREE;domicile;
CMD002951;C0256;18-09-25;27;2;3.40;Livree;domicile;
CMD002951;C0256;18/09/2025;31;4;1.20;Livree;domicile;
CMD002952;C0224;18/09/2025;32;2;2.20;Livree;domicile;
CMD002953;C0244;2025-09-18;6;1;1.40;Livrée;domicile;
CMD002953;C0244;2025-09-18;15;3;5.80;Livree;domicile;
CMD002953;C0244;2025-09-18;30;0,2;24,00;Livree;domicile;
CMD002954;C0229;2025-09-18;33;1;4,45;Livrée;domicile;
CMD002955;C0285;18/09/2025;9;1.5;9.00;annulée;domicile;client absent
CMD002955;C0285;2025-09-18;6;3;1.40;annulee;domicile;client absent
CMD002955;C0285;2025-09-18;26;3;8.90;ANNULEE;domicile;client absent
CMD002956;C0015;2025-09-19;17;3;3.00;Livree;domicile;
CMD002956;C0015;2025-09-19;11;1;3.20;LIVREE;domicile;
CMD002957;C0188;2025-09-19;37;1;3.10;LIVREE;domicile;
CMD002957;C0188;2025-09-19;18;1;4.20;Livrée;Domicile;
CMD002958;C0216;2025-09-19;14;2;4.90;LIVREE;domicile;
CMD002958;C0216;2025-09-19;1;2;4.20;Livree;domicile;
CMD002958;C0216;2025-09-19;12;1;3.50;livrée;domicile;
CMD002959;C0205;19/09/2025;30;0.2;24,00;Livrée;retrait_ferme;
CMD002960;C0010;2025-09-19;26;2;8.90;livrée;domicile;
CMD002960;C0010;2025-09-19;9;0.5;9.00;Livree;domicile;
CMD002960;C0010;2025-09-19;3;0.5;3.60;Livree;domicile;
CMD002961;C0031;2025-09-19;13;0.5;5.40;Livrée;domicile;
CMD002961;C0031;2025-09-19;4;0.5;2.10;LIVREE;domicile;
CMD002962;C0271;2025-09-19;38;3;5.60;Livree;point_relais;
CMD002962;C0271;2025-09-19;14;2;4.90;Livree;point_relais;
CMD002963;C0110;2025-09-19;11;0,5;3.20;Livrée;domicile;
CMD002964;C0241;2025-09-19;3;1.5;3.60;annulée;domicile;client absent
CMD002964;C0241;2025-09-19;18;3;4,20;Annulée;domicile;client absent
CMD002964;C0241;2025-09-19;5;2;1,90;annulée;domicile;client absent
CMD002965;C0248;2025-09-19;24;1;5,94;LIVREE;domicile;
CMD002965;C0248;2025-09-19;3;1;3,60;Livree;domicile;
CMD002966;C0267;2025-09-20;15;3;5,80;LIVREE;domicile;
CMD002966;C0267;20/09/2025;33;3;4,45;Livrée;domicile;
CMD002967;C0049;2025-09-20;18;1;4.20;livrée;domicile;
CMD002968;C0134;20/09/2025;1;1;4,20;Livrée;retrait_ferme;
CMD002969;C0008;2025-09-20;11;3;3.20;Livree;Domicile;
CMD002970;C0057;2025-09-20;11;1.5;3.20;livrée;point_relais;
CMD002970;C0057;2025-09-20;16;1.5;8.50;Livrée;point_relais;
CMD002970;C0057;20-09-25;18;4;4,20;LIVREE;point_relais;
CMD002970;C0057;2025-09-20;5;2;1.90;LIVREE;point_relais;
CMD002971;C0211;2025-09-20;16;1,5;8,50;Livree;Point_relais;
CMD002972;C0082;2025-09-20;30;0,2;24.00;Livrée;domicile;
CMD002972;C0082;20-09-25;18;1;4.20;LIVREE;domicile;
CMD002973;C0301;2025-09-20;17;1;3.00;LIVREE;domicile;
CMD002974;C0183;2025-09-20;15;1.5;5.80;livrée;point_relais;
CMD002974;C0183;2025-09-20;1;0,5;4,20;livrée;point_relais;
CMD002974;C0183;2025-09-20;26;2;8.90;Livree;point_relais;
CMD002974;C0183;2025-09-20;12;1.5;3,50;LIVREE;point_relais;
CMD002975;C0272;2025-09-20;29;0,5;28.00;Livree;Point_relais;
CMD002975;C0272;20/09/2025;23;2;13.25;Livrée;point_relais;
CMD002975;C0272;2025-09-20;9;1.5;9,00;Livree;point_relais;
CMD002975;C0272;2025-09-20;20;2;8.69;Livree;point_relais;
CMD002976;C0075;2025-09-20;13;3;5.40;Annulée;domicile;météo
CMD002976;C0075;2025-09-20;29;0.5;28,00;annulée;domicile;météo
CMD002977;C0080;2025-09-20;7;2;4.50;livrée;point_relais;
CMD002977;C0080;2025-09-20;28;2;1.90;Livree;point_relais;
CMD002978;C0068;2025-09-20;5;1;1.90;livrée;domicile;
CMD002978;C0068;2025-09-20;23;2;13,25;Livrée;domicile;
CMD002979;C0045;2025-09-20;26;1;8.90;Livrée;domicile;
CMD002980;C0189;2025-09-20;27;2;3,40;livrée;domicile;
CMD002980;C0189;2025-09-20;2;2;2.80;livrée;domicile;
CMD002980;C0189;2025-09-20;5;3;1,90;livrée;domicile;
CMD002981;C0032;2025-09-20;4;2;2.10;Livree;domicile;
CMD002981;C0032;2025-09-20;11;1;3.20;Livree;domicile;
CMD002981;C0032;2025-09-20;18;3;4.20;Livree;domicile;
CMD002982;C0159;2025-09-20;16;1,5;8.50;Livrée;retrait_ferme;
CMD002982;C0159;2025-09-20;13;3;5,40;Livrée;retrait_ferme;
CMD002983;C0084;21/09/2025;23;1;13.25;livrée;domicile;
CMD002984;C0127;21/09/2025;18;4;4.20;livrée;domicile;
CMD002984;C0127;2025-09-21;7;1.5;4.50;LIVREE;domicile;
CMD002984;C0127;2025-09-21;17;3;3,00;Livrée;domicile;
CMD002985;C0049;2025-09-21;35;3;4.13;Annulée;point_relais;paiement refusé
CMD002986;C0039;2025-09-21;31;1;1.20;LIVREE;point_relais;
CMD002987;C0094;2025-09-21;36;3;5,51;livrée;point_relais;
CMD002988;C0265;2025-09-21;16;1;8.50;Livree;domicile;
CMD002988;C0265;2025-09-21;7;0.5;4.50;LIVREE;domicile;
CMD002988;C0265;2025-09-21;4;0.5;2.10;Livrée;domicile;
CMD002988;C0265;2025-09-21;1;1;4.20;LIVREE;domicile;
CMD002989;C0185;21/09/2025;29;0.5;28.00;LIVREE;domicile;
CMD002989;C0185;2025-09-21;17;1;3.00;Livree;domicile;
CMD002989;C0185;2025-09-21;12;0.5;3.50;Livrée;domicile;
CMD002990;C0043;2025-09-21;10;2;2.90;LIVREE;Point_relais;
CMD002990;C0043;2025-09-21;32;2;2.20;Livrée;point_relais;
CMD002991;C0235;2025-09-21;14;3;4,90;Livrée;point_relais;
CMD002991;C0235;2025-09-21;22;4;5,09;Livree;Point_relais;
CMD002991;C0235;21/09/2025;12;0,5;3.50;LIVREE;point_relais;
CMD002992;C0112;2025-09-21;23;1;13.25;Livrée;point_relais;
CMD002993;C0095;2025-09-21;25;1;5,19;LIVREE;domicile;
CMD002993;C0095;2025-09-21;17;1;3.00;Livrée;Domicile;
CMD002994;C0172;2025-09-21;15;1;5.80;livrée;point_relais;
CMD002995;C0224;2025-09-21;30;0.2;24.00;LIVREE;domicile;
CMD002995;C0224;2025-09-21;8;2;2.60;livrée;domicile;
CMD002996;C0049;2025-09-22;1;3;4.20;Livree;domicile;
CMD002996;C0049;2025-09-22;39;1;5.19;Livree;domicile;
CMD002996;C0049;2025-09-22;3;1;3,60;livrée;domicile;
CMD002996;C0049;22/09/2025;22;2;5.09;Livree;domicile;
CMD002997;C0244;2025-09-22;31;1;1,20;LIVREE;Domicile;
CMD002997;C0244;2025-09-22;18;2;4.20;Livrée;domicile;
CMD002997;C0244;2025-09-22;8;3;2.60;Livrée;domicile;
CMD002997;C0244;2025-09-22;27;1;3.40;Livrée;domicile;
CMD002997;C0244;2025-09-22;27;1;3.40;Livrée;domicile;
CMD002997;C0244;2025-09-22;40;2;3.71;livrée;domicile;
CMD002998;C0027;2025-09-22;27;2;3,40;Livree;point_relais;
CMD002998;C0027;2025-09-22;11;1.5;3,20;livrée;point_relais;
CMD002998;C0027;2025-09-22;36;1;5.51;livrée;point_relais;
CMD002998;C0027;22/09/2025;7;2;4.50;livrée;point_relais;
CMD002999;C0062;2025-09-22;31;2;1,20;Livree;retrait_ferme;
CMD002999;C0062;22/09/2025;12;0.5;3.50;livrée;retrait_ferme;
CMD002999;C0062;2025-09-22;14;0.5;4,90;Livrée;retrait_ferme;
CMD003000;C0239;2025-09-22;2;1;2.80;livrée;domicile;
CMD003000;C0239;2025-09-22;25;2;5.19;Livrée;domicile;
CMD003000;C0239;22/09/2025;14;3;4.90;Livrée;domicile;
CMD003001;C0124;2025-09-22;33;3;4,45;livrée;domicile;
CMD003001;C0124;22/09/2025;25;1;5.19;livrée;domicile;
CMD003001;C0124;22/09/2025;36;2;5,51;livrée;domicile;
CMD003001;C0124;2025-09-22;15;2;5.80;Livrée;domicile;
CMD003002;C0199;2025-09-22;4;2;2.10;LIVREE;domicile;
CMD003002;C0199;2025-09-22;10;3;2,90;LIVREE;Domicile;
CMD003002;C0199;2025-09-22;18;4;4.20;LIVREE;domicile;
CMD003003;C0120;2025-09-22;37;1;3.10;livrée;point_relais;
CMD003003;C0120;2025-09-22;10;2;2.90;livrée;point_relais;
CMD003003;C0120;2025-09-22;33;2;4.45;livrée;point_relais;
CMD003003;C0120;2025-09-22;19;4;7,95;Livrée;point_relais;
CMD003004;C0185;2025-09-22;13;1,5;5.40;annulée;domicile;météo
CMD003005;C0015;2025-09-22;25;3;5.19;Livrée;domicile;
CMD003005;C0015;22/09/2025;27;4;3.40;Livree;domicile;
CMD003006;C0236;2025-09-23;4;3;2.10;Livrée;point_relais;
CMD003006;C0236;23-09-25;32;2;2.20;Livrée;point_relais;
CMD003007;C0112;23/09/2025;14;1;4.90;LIVREE;domicile;
CMD003007;C0112;2025-09-23;34;1;5.09;Livree;domicile;
CMD003007;C0112;2025-09-23;34;1;5.09;Livree;domicile;
CMD003007;C0112;2025-09-23;12;1;3.50;Livree;domicile;
CMD003007;C0112;2025-09-23;2;0.5;2.80;LIVREE;domicile;
CMD003008;C0298;2025-09-23;33;1;4,45;LIVREE;point_relais;
CMD003008;C0298;2025-09-23;39;3;5.19;Livrée;point_relais;
CMD003008;C0298;2025-09-23;35;1;4.13;LIVREE;Point_relais;
CMD003008;C0298;2025-09-23;36;2;5.51;Livrée;point_relais;
CMD003009;C0003;2025-09-23;1;3;4.20;Livree;domicile;
CMD003009;C0003;2025-09-23;33;1;4.45;Livree;domicile;
CMD003009;C0003;2025-09-23;14;1.5;4.90;LIVREE;domicile;
CMD003009;C0003;2025-09-23;15;2;5.80;LIVREE;domicile;
CMD003010;C0042;2025-09-23;9;3;9.00;LIVREE;domicile;
CMD003011;C0188;2025-09-23;5;1.5;1.90;Livree;Domicile;
CMD003011;C0188;2025-09-23;3;1;3.60;livrée;domicile;
CMD003011;C0188;2025-09-23;4;3;2.10;livrée;domicile;
CMD003012;C0011;2025-09-23;40;3;3.71;livrée;point_relais;
CMD003012;C0011;2025-09-23;12;2;3.50;livrée;point_relais;
CMD003012;C0011;23/09/2025;11;0,5;3.20;Livree;point_relais;
CMD003013;C0272;2025-09-23;8;3;2,60;Livree;retrait_ferme;
CMD003013;C0272;2025-09-23;15;1;5,80;livrée;retrait_ferme;
CMD003013;C0272;2025-09-23;4;0.5;2.10;livrée;retrait_ferme;
CMD003013;C0272;2025-09-23;3;1;3.60;Livree;retrait_ferme;
CMD003014;C0132;2025-09-23;4;0,5;2,10;LIVREE;point_relais;
CMD003014;C0132;2025-09-23;25;2;5.19;Livree;point_relais;
CMD003014;C0132;2025-09-23;9;0.5;9.00;livrée;point_relais;
CMD003015;C0287;2025-09-23;32;2;2.20;Livree;domicile;
CMD003015;C0287;2025-09-23;3;3;3.60;Livree;domicile;
CMD003015;C0287;2025-09-23;31;3;1.20;LIVREE;domicile;
CMD003016;C0055;2025-09-23;16;0.5;8.50;livrée;retrait_ferme;
CMD003017;C0207;2025-09-24;4;0.5;2.10;ANNULEE;domicile;client absent
CMD003018;C0042;24/09/2025;16;1,5;8.50;LIVREE;domicile;
CMD003018;C0042;24/09/2025;16;1,5;8.50;LIVREE;domicile;
CMD003018;C0042;24/09/2025;22;1;5.09;LIVREE;domicile;
CMD003018;C0042;2025-09-24;9;3;9.00;livrée;domicile;
CMD003019;C0297;2025-09-24;28;1;1,90;Livrée;domicile;
CMD003019;C0297;2025-09-24;13;1.5;5.40;Livrée;domicile;
CMD003019;C0297;24/09/2025;22;2;5.09;livrée;Domicile;
CMD003019;C0297;24/09/2025;23;3;13,25;Livree;domicile;
CMD003019;C0297;2025-09-24;4;1.5;2,10;Livree;domicile;
CMD003020;C0037;2025-09-24;20;1;8.69;Livree;domicile;
CMD003021;C0287;2025-09-24;22;3;5.09;livrée;point_relais;
CMD003021;C0287;2025-09-24;10;3;2.90;LIVREE;point_relais;
CMD003021;C0287;2025-09-24;18;3;4.20;LIVREE;point_relais;
CMD003021;C0287;2025-09-24;28;4;1.90;Livree;point_relais;
CMD003021;C0287;2025-09-24;11;1.5;3.20;livrée;point_relais;
CMD003022;C0244;2025-09-24;21;4;10.49;Annulée;point_relais;météo
CMD003022;C0244;2025-09-24;27;2;3,40;annulee;Point_relais;météo
CMD003022;C0244;2025-09-24;7;1;4,50;annulee;point_relais;météo
CMD003023;C0017;2025-09-24;1;1.5;4.20;LIVREE;domicile;
CMD003023;C0017;2025-09-24;34;1;5.09;Livrée;domicile;
CMD003024;C0295;2025-09-24;37;4;3.10;Annulée;Point_relais;annulation client
CMD003024;C0295;2025-09-24;25;3;5,19;ANNULEE;point_relais;annulation client
CMD003024;C0295;2025-09-24;14;0.5;4,90;annulée;point_relais;annulation client
CMD003024;C0295;2025-09-24;33;2;4.45;Annulée;point_relais;annulation client
CMD003025;C0053;24/09/2025;12;2;3,50;LIVREE;point_relais;
CMD003026;C0038;2025-09-24;12;0.5;3.50;Livree;domicile;
CMD003027;C0104;2025-09-24;33;2;4.45;LIVREE;Point_relais;
CMD003027;C0104;2025-09-24;31;2;1,20;LIVREE;point_relais;
CMD003027;C0104;2025-09-24;30;0.5;24.00;Livrée;Point_relais;
CMD003027;C0104;24/09/2025;12;3;3.50;livrée;point_relais;
CMD003027;C0104;2025-09-24;26;4;8,90;Livrée;point_relais;
CMD003028;C0199;24/09/2025;27;2;3.40;Livrée;retrait_ferme;
CMD003029;C0285;2025-09-25;29;0.2;28.00;LIVREE;domicile;
CMD003030;C0033;2025-09-25;28;1;1.90;LIVREE;domicile;
CMD003030;C0033;25/09/2025;24;1;5.94;Livree;domicile;
CMD003031;C0079;25/09/2025;33;2;4.45;livrée;retrait_ferme;
CMD003032;C0141;2025-09-25;8;0,5;2.60;livrée;domicile;
CMD003033;C0216;2025-09-25;2;2;2.80;Livrée;retrait_ferme;
CMD003033;C0216;2025-09-25;31;1;1.20;Livrée;retrait_ferme;
CMD003034;C0021;2025-09-25;9;3;9,00;Livrée;retrait_ferme;
CMD003035;C0005;25/09/2025;13;1,5;5.40;livrée;domicile;
CMD003036;C0205;25/09/2025;27;2;3.40;Livrée;domicile;
CMD003036;C0205;2025-09-25;5;1;1,90;Livrée;domicile;
CMD003036;C0205;25-09-25;8;1;2.60;LIVREE;domicile;
CMD003037;C0193;2025-09-25;32;1;2.20;Livree;point_relais;
CMD003038;C0263;2025-09-26;2;1;2.80;livrée;Domicile;
CMD003038;C0263;2025-09-26;16;1.5;8,50;Livree;domicile;
CMD003038;C0263;2025-09-26;8;1,5;2.60;Livree;domicile;
CMD003039;C0071;2025-09-26;33;4;4.45;Annulée;domicile;annulation client
CMD003039;C0071;26/09/2025;15;1;5,80;annulee;domicile;annulation client
CMD003039;C0071;2025-09-26;23;1;13.25;ANNULEE;domicile;annulation client
CMD003039;C0941;2025-09-26;16;1;8.50;ANNULEE;Domicile;annulation client
CMD003040;C0057;2025-09-26;19;1;7.95;Annulée;domicile;paiement refusé
CMD003040;C0057;2025-09-26;29;0.2;28.00;annulée;domicile;paiement refusé
CMD003041;C0163;2025-09-26;15;1.5;5.80;Livree;domicile;
CMD003042;C0107;2025-09-26;37;4;3,10;Livrée;Point_relais;
CMD003042;C0107;2025-09-26;33;1;4.45;LIVREE;point_relais;
CMD003042;C0107;2025-09-26;39;1;5,19;livrée;point_relais;
CMD003043;C0111;2025-09-26;11;1;3,20;Livree;point_relais;
CMD003043;C0111;2025-09-26;3;1;3,60;Livree;point_relais;
CMD003043;C0111;2025-09-26;33;1;4.45;LIVREE;point_relais;
CMD003043;C0111;2025-09-26;26;2;8.90;LIVREE;point_relais;
CMD003044;C0242;2025-09-26;15;2;5.80;Livrée;point_relais;
CMD003044;C0242;2025-09-26;24;1;5.94;Livree;point_relais;
CMD003045;C0098;2025-09-26;15;3;5,80;livrée;domicile;
CMD003045;C0098;2025-09-26;9;1;9.00;LIVREE;domicile;
CMD003045;C0098;26/09/2025;30;0.2;24,00;LIVREE;domicile;
CMD003046;C0151;2025-09-26;9;0.5;9.00;LIVREE;domicile;
CMD003046;C0151;2025-09-26;34;1;5,09;livrée;domicile;
CMD003046;C0151;2025-09-26;17;4;3,00;Livrée;domicile;
CMD003047;C0037;2025-09-26;36;1;5.51;Livree;domicile;
CMD003047;C0037;2025-09-26;21;2;10.49;Livree;domicile;
CMD003048;C0017;27/09/2025;23;4;13,25;livrée;domicile;
CMD003048;C0017;27-09-25;11;1;3.20;LIVREE;domicile;
CMD003049;C0060;2025-09-27;13;1;5.40;LIVREE;point_relais;
CMD003049;C0060;2025-09-27;18;1;4.20;LIVREE;point_relais;
CMD003049;C0060;2025-09-27;29;0,5;28.00;livrée;point_relais;
CMD003050;C0051;2025-09-27;8;0.5;2,60;livrée;point_relais;
CMD003050;C0051;2025-09-27;3;3;3,60;LIVREE;Point_relais;
CMD003050;C0051;2025-09-27;11;1;3.20;Livree;point_relais;
CMD003050;C0051;27/09/2025;1;0.5;4.20;Livrée;point_relais;
CMD003051;C0090;27/09/2025;12;1;3,50;LIVREE;domicile;
CMD003051;C0090;2025-09-27;15;3;5.80;LIVREE;domicile;
CMD003051;C0090;2025-09-27;14;2;4,90;Livree;domicile;
CMD003051;C0090;2025-09-27;28;1;1.90;livrée;domicile;
CMD003052;C0107;27-09-25;14;1;4,90;Livree;Domicile;
CMD003052;C0107;2025-09-27;30;0.5;24.00;Livree;domicile;
CMD003053;C0036;2025-09-27;31;2;1.20;Livree;point_relais;
CMD003053;C0036;2025-09-27;30;0.2;24.00;LIVREE;point_relais;
CMD003054;C0188;2025-09-27;29;0.2;28.00;LIVREE;domicile;
CMD003054;C0188;2025-09-27;7;0,5;4,50;Livree;domicile;
CMD003055;C0141;2025-09-27;40;2;3,71;livrée;point_relais;
CMD003056;C0237;2025-09-27;11;1;3.20;Annulée;domicile;météo
CMD003057;C0135;2025-09-27;3;3;3.60;Livree;point_relais;
CMD003057;C0135;2025-09-27;18;3;4.20;Livree;point_relais;
CMD003057;C0135;2025-09-27;13;1,5;5.40;LIVREE;point_relais;
CMD003057;C0135;27-09-25;9;0.5;9.00;LIVREE;point_relais;
CMD003058;C0252;27/09/2025;39;1.5;5.19;Annulée;domicile;météo
CMD003058;C0252;2025-09-27;10;2;2.90;ANNULEE;domicile;météo
CMD003059;C0095;27-09-25;17;2;3,00;Livrée;domicile;
CMD003060;C0291;2025-09-27;13;1;5.40;Livree;retrait_ferme;
CMD003061;C0014;2025-09-27;39;3;5.19;Annulée;domicile;client absent
CMD003061;C0014;2025-09-27;22;1;5,09;ANNULEE;domicile;client absent
CMD003061;C0014;2025-09-27;33;2;4,45;Annulée;domicile;client absent
CMD003061;C0014;2025-09-27;20;4;8.69;annulée;domicile;client absent
CMD003062;C0145;2025-09-27;2;2;2.80;livrée;Point_relais;
CMD003063;C0005;2025-09-28;9;1.5;9.00;Livrée;retrait_ferme;
CMD003063;C0005;28/09/2025;7;1.5;4.50;Livrée;retrait_ferme;
CMD003063;C0005;2025-09-28;3;0,5;3.60;LIVREE;retrait_ferme;
CMD003064;C0291;2025-09-28;25;2;5.19;Livrée;Domicile;
CMD003064;C0291;28-09-25;15;0.5;5.80;Livrée;domicile;
CMD003065;C0054;2025-09-28;29;0.5;28,00;annulee;domicile;client absent
CMD003065;C0054;28-09-25;17;1;3.00;Annulée;domicile;client absent
CMD003065;C0054;2025-09-28;18;3;4,20;ANNULEE;domicile;client absent
CMD003065;C0054;2025-09-28;12;2;3.50;ANNULEE;domicile;client absent
CMD003065;C0054;2025-09-28;15;1;5.80;annulée;domicile;client absent
CMD003066;C0201;2025-09-28;31;1;1,20;LIVREE;retrait_ferme;
CMD003066;C0201;2025-09-28;36;1;5.51;LIVREE;retrait_ferme;
CMD003066;C0201;2025-09-28;13;2;5.40;Livrée;retrait_ferme;
CMD003067;C0107;28/09/2025;33;2;4.45;livrée;domicile;
CMD003067;C0107;2025-09-28;18;1;4,20;livrée;domicile;
CMD003067;C0107;2025-09-28;11;1;3.20;Livree;domicile;
CMD003067;C0107;2025-09-28;40;1;3,71;LIVREE;domicile;
CMD003067;C0107;2025-09-28;19;1;7.95;LIVREE;domicile;
CMD003068;C0222;2025-09-28;31;3;1,20;livrée;point_relais;
CMD003069;C0300;2025-09-28;30;0.2;24.00;Livree;point_relais;
CMD003069;C0300;2025-09-28;15;3;5.80;Livree;point_relais;
CMD003069;C0300;28/09/2025;12;1.5;3.50;livrée;Point_relais;
CMD003069;C0300;2025-09-28;16;0.5;8.50;Livrée;point_relais;
CMD003069;C0300;2025-09-28;37;1;3,10;LIVREE;point_relais;
CMD003070;C0099;2025-09-28;6;2;1.40;livrée;retrait_ferme;
CMD003071;C0201;2025-09-28;31;2;1,20;LIVREE;point_relais;
CMD003071;C0201;28/09/2025;35;3;4.13;LIVREE;point_relais;
CMD003071;C0201;28/09/2025;3;1.5;3.60;Livrée;point_relais;
CMD003072;C0110;2025-09-28;10;2;2.90;Livree;point_relais;
CMD003073;C0188;2025-09-28;18;2;4.20;LIVREE;Retrait_ferme;
CMD003074;C0001;2025-09-28;6;4;1.40;livrée;domicile;
CMD003074;C0001;2025-09-28;4;2;2.10;Livrée;domicile;
CMD003074;C0001;2025-09-28;5;1;1,90;LIVREE;domicile;
CMD003074;C0001;2025-09-28;9;0.5;9,00;livrée;domicile;
CMD003075;C0269;2025-09-28;13;2;5.40;Livree;domicile;
CMD003076;C0244;2025-09-28;32;4;2,20;LIVREE;retrait_ferme;
CMD003077;C0250;28/09/2025;12;1;3,50;LIVREE;point_relais;
CMD003077;C0250;2025-09-28;15;0,5;5.80;livrée;point_relais;
CMD003078;C0049;2025-09-28;3;2;3,60;Livree;point_relais;
CMD003078;C0049;2025-09-28;17;3;3,00;LIVREE;point_relais;
CMD003078;C0049;2025-09-28;16;3;8.50;livrée;point_relais;
CMD003079;C0232;29/09/2025;16;1.5;8.50;Livrée;point_relais;
CMD003079;C0232;29/09/2025;33;1;4.45;Livree;point_relais;
CMD003079;C0232;2025-09-29;38;2;5.60;Livree;point_relais;
CMD003079;C0232;2025-09-29;4;1;2,10;LIVREE;point_relais;
CMD003079;C0232;2025-09-29;2;3;2.80;Livree;Point_relais;
CMD003080;C0185;29-09-25;29;0,2;28.00;Annulée;domicile;client absent
CMD003080;C0185;2025-09-29;2;1.5;2.80;annulée;domicile;client absent
CMD003081;C0140;29/09/2025;5;0.5;1.90;Livree;point_relais;
CMD003081;C0140;2025-09-29;11;3;3.20;Livree;point_relais;
CMD003082;C0045;2025-09-29;35;3;4.13;LIVREE;domicile;
CMD003082;C0045;2025-09-29;39;0.5;5.19;Livrée;domicile;
CMD003083;C0161;2025-09-29;12;2;3.50;Livree;domicile;
CMD003083;C0161;2025-09-29;8;0.5;2.60;Livrée;domicile;
CMD003083;C0161;2025-09-29;20;4;8,69;Livree;domicile;
CMD003083;C0161;2025-09-29;23;1;13.25;Livrée;domicile;
CMD003084;C0304;29/09/2025;10;1;2,90;livrée;domicile;
CMD003084;C0304;2025-09-29;14;1.5;4.90;LIVREE;domicile;
CMD003084;C0304;29-09-25;3;0.5;3.60;LIVREE;domicile;
CMD003085;C0134;2025-09-29;11;2;3.20;Livree;point_relais;
CMD003085;C0134;2025-09-29;11;2;3.20;Livree;point_relais;
CMD003085;C0134;2025-09-29;7;1;4.50;LIVREE;point_relais;
CMD003085;C0134;29/09/2025;37;4;3.10;livrée;point_relais;
CMD003085;C0134;2025-09-29;4;3;2,10;Livree;point_relais;
CMD003085;C0134;29/09/2025;28;3;1,90;livrée;Point_relais;
CMD003086;C0141;2025-09-29;29;0,2;28.00;Livree;point_relais;
CMD003086;C0141;29-09-25;18;4;4.20;LIVREE;point_relais;
CMD003087;C0217;2025-09-29;35;2;4,13;LIVREE;domicile;
CMD003087;C0217;2025-09-29;13;2;5.40;livrée;domicile;
CMD003087;C0217;2025-09-29;1;2;4,20;livrée;domicile;
CMD003087;C0217;2025-09-29;39;0.5;5.19;Livrée;domicile;
CMD003087;C0217;2025-09-29;14;1;4.90;LIVREE;domicile;
CMD003088;C0051;2025-09-29;4;2;2.10;Livree;point_relais;
CMD003088;C0051;2025-09-29;1;0,5;4.20;Livrée;point_relais;
CMD003088;C0051;2025-09-29;10;3;2.90;LIVREE;point_relais;
CMD003089;C0252;2025-09-29;39;3;5,19;LIVREE;retrait_ferme;
CMD003089;C0252;2025-09-29;3;0,5;3,60;LIVREE;retrait_ferme;
CMD003089;C0252;2025-09-29;31;1;1,20;Livree;retrait_ferme;
CMD003090;C0183;2025-09-29;14;1.5;4.90;Livree;domicile;
CMD003091;C0156;2025-09-29;31;3;1.20;Livree;point_relais;
CMD003091;C0156;2025-09-29;12;2;3.50;Livrée;point_relais;
CMD003091;C0156;2025-09-29;29;0.5;28,00;livrée;point_relais;
CMD003091;C0156;2025-09-29;2;1;2.80;Livree;point_relais;
CMD003092;C0102;2025-09-30;19;1;7.95;Livrée;retrait_ferme;
CMD003092;C0102;30/09/2025;28;4;1,90;Livrée;retrait_ferme;
CMD003092;C0102;2025-09-30;14;3;4,90;Livrée;retrait_ferme;
CMD003092;C0102;2025-09-30;20;4;8.69;Livree;retrait_ferme;
CMD003092;C0102;2025-09-30;17;1;3,00;Livree;retrait_ferme;
CMD003093;C0227;30/09/2025;38;3;5.60;Livrée;Domicile;
CMD003093;C0905;30/09/2025;4;2;2,10;Livrée;domicile;
CMD003094;C0252;2025-09-30;37;1;3,10;livrée;Retrait_ferme;
CMD003094;C0252;2025-09-30;9;2;9.00;livrée;retrait_ferme;
CMD003095;C0093;2025-09-30;2;2;2.80;Livrée;domicile;
CMD003095;C0093;30-09-25;32;1;2.20;livrée;domicile;
CMD003096;C0095;2025-09-30;9;2;9.00;LIVREE;retrait_ferme;
CMD003096;C0095;2025-09-30;7;1;4.50;Livrée;retrait_ferme;
CMD003097;C0309;30-09-25;35;2;4.13;livrée;Point_relais;
CMD003097;C0309;2025-09-30;16;2;8.50;livrée;point_relais;
CMD003098;C0205;2025-09-30;9;0,5;9.00;LIVREE;Retrait_ferme;
CMD003099;C0145;2025-10-01;37;4;3,10;livrée;domicile;
CMD003099;C0145;2025-10-01;24;2;5.94;Livree;domicile;
CMD003099;C0145;2025-10-01;30;0.5;24.00;LIVREE;domicile;
CMD003100;C0270;2025-10-01;14;1.5;4,90;LIVREE;Retrait_ferme;
CMD003101;C0044;2025-10-01;1;1.5;4.20;LIVREE;point_relais;
CMD003101;C0044;2025-10-01;8;1;2.60;LIVREE;point_relais;
CMD003102;C0097;01/10/2025;2;2;2.80;livrée;point_relais;
CMD003102;C0097;01-10-25;10;3;2,90;livrée;point_relais;
CMD003102;C0097;2025-10-01;30;0,5;24.00;Livrée;point_relais;
CMD003102;C0097;2025-10-01;5;0.5;1.90;Livrée;point_relais;
CMD003103;C0182;2025-10-01;23;2;13.25;Livree;Point_relais;
CMD003104;C0121;2025-10-01;14;1;4.90;Livree;domicile;
CMD003104;C0121;2025-10-01;21;1;10.49;Livrée;domicile;
CMD003105;C0245;2025-10-01;33;1;4.45;Livrée;point_relais;
CMD003105;C0245;2025-10-01;17;2;3.00;Livrée;point_relais;
CMD003105;C0245;2025-10-01;27;1;3.40;LIVREE;point_relais;
CMD003106;C0094;2025-10-02;26;3;8.90;Annulée;domicile;rupture de stock
CMD003106;C0094;02/10/2025;33;2;4.45;Annulée;domicile;rupture de stock
CMD003106;C0094;2025-10-02;18;1;4,20;annulée;domicile;rupture de stock
CMD003107;C0107;02/10/2025;9;3;9,00;livrée;point_relais;
CMD003107;C0107;02/10/2025;17;3;3,00;Livrée;point_relais;
CMD003107;C0107;2025-10-02;22;2;5,09;LIVREE;Point_relais;
CMD003107;C0107;2025-10-02;24;4;5.94;livrée;point_relais;
CMD003108;C0075;2025-10-02;13;3;5,40;Livrée;retrait_ferme;
CMD003108;C0075;2025-10-02;2;2;2.80;LIVREE;retrait_ferme;
CMD003109;C0147;2025-10-02;12;2;3.50;livrée;domicile;
CMD003109;C0147;2025-10-02;17;3;3.00;livrée;domicile;
CMD003109;C0147;2025-10-02;33;3;4.45;livrée;domicile;
CMD003109;C0147;2025-10-02;3;2;3.60;livrée;domicile;
CMD003109;C0147;2025-10-02;15;0.5;5.80;Livree;domicile;
CMD003110;C0271;2025-10-02;34;2;5.09;annulee;domicile;paiement refusé
CMD003110;C0271;2025-10-02;11;0.5;3,20;ANNULEE;domicile;paiement refusé
CMD003110;C0271;2025-10-02;23;1;13.25;annulée;domicile;paiement refusé
CMD003111;C0108;02-10-25;26;2;8.90;Annulée;domicile;rupture de stock
CMD003112;C0282;2025-10-02;7;0.5;4.50;Livrée;domicile;
CMD003113;C0060;02-10-25;18;3;4,20;LIVREE;point_relais;
CMD003113;C0060;2025-10-02;1;3;4,20;LIVREE;point_relais;
CMD003113;C0060;2025-10-02;20;2;8.69;Livrée;point_relais;
CMD003113;C0060;2025-10-02;35;3;4.13;LIVREE;point_relais;
CMD003114;C0094;02/10/2025;12;3;3.50;livrée;retrait_ferme;
CMD003114;C0094;02/10/2025;14;2;4.90;Livree;retrait_ferme;
CMD003114;C0094;2025-10-02;2;1.5;2,80;LIVREE;retrait_ferme;
CMD003114;C0094;2025-10-02;8;1.5;2.60;Livree;retrait_ferme;
CMD003115;C0300;02/10/2025;39;1,5;5.19;livrée;domicile;
CMD003116;C0095;02/10/2025;40;3;3.71;livrée;retrait_ferme;
CMD003116;C0095;02/10/2025;6;3;1,40;LIVREE;retrait_ferme;
CMD003116;C0095;2025-10-02;5;3;1.90;Livree;retrait_ferme;
CMD003117;C0189;2025-10-02;2;2;2,80;livrée;domicile;
CMD003118;C0121;2025-10-02;19;1;7,95;annulée;Domicile;météo
CMD003118;C0121;2025-10-02;6;2;1.40;annulee;domicile;météo
CMD003118;C0121;2025-10-02;11;3;3,20;annulée;domicile;météo
CMD003119;C0189;2025-10-02;26;1;8.90;LIVREE;domicile;
CMD003120;C0311;2025-10-03;22;2;5,09;Livrée;point_relais;
CMD003120;C0311;2025-10-03;38;3;5.60;Livrée;point_relais;
CMD003121;C0070;2025-10-03;12;1;3.50;Livree;domicile;
CMD003121;C0070;2025-10-03;5;0,5;1,90;LIVREE;domicile;
CMD003122;C0133;2025-10-03;31;1;1.20;livrée;domicile;
CMD003123;C0098;03/10/2025;35;2;4,13;livrée;retrait_ferme;
CMD003124;C0015;2025-10-03;29;0.2;28.00;LIVREE;Point_relais;
CMD003124;C0015;2025-10-03;35;2;4.13;LIVREE;Point_relais;
CMD003124;C0015;2025-10-03;9;N/A;9,00;livrée;point_relais;
CMD003124;C0015;2025-10-03;25;2;5.19;LIVREE;Point_relais;
CMD003124;C0015;2025-10-03;16;3;8.50;LIVREE;point_relais;
CMD003125;C0190;2025-10-03;12;1.5;3.50;Livree;domicile;
CMD003125;C0190;2025-10-03;27;3;3,40;livrée;domicile;
CMD003125;C0190;2025-10-03;29;0.2;28.00;LIVREE;domicile;
CMD003125;C0190;03/10/2025;23;1;13,25;Livree;domicile;
CMD003126;C0028;2025-10-03;15;0.5;5.80;LIVREE;domicile;
CMD003126;C0028;03/10/2025;32;1;2,20;LIVREE;domicile;
CMD003126;C0028;2025-10-03;3;1,5;3.60;LIVREE;domicile;
CMD003126;C0028;2025-10-03;23;1;13.25;LIVREE;domicile;
CMD003127;C0147;03-10-25;40;1;3,71;Livree;domicile;
CMD003127;C0147;03/10/2025;13;2;5,40;Livree;domicile;
CMD003127;C0147;2025-10-03;8;1;2.60;livrée;domicile;
CMD003127;C0147;03-10-25;38;4;5.60;Livrée;domicile;
CMD003128;C0118;03/10/2025;25;4;5.19;LIVREE;retrait_ferme;
CMD003128;C0118;2025-10-03;3;1.5;3.60;Livree;retrait_ferme;
CMD003128;C0118;2025-10-03;24;2;5.94;livrée;retrait_ferme;
CMD003128;C0118;2025-10-03;21;1;10,49;Livrée;retrait_ferme;
CMD003129;C0252;2025-10-03;36;4;5.51;Livrée;domicile;
CMD003129;C0252;2025-10-03;29;0,5;28.00;livrée;domicile;
CMD003130;C0126;04/10/2025;12;0,5;3,50;livrée;point_relais;
CMD003130;C0126;04/10/2025;12;0,5;3,50;livrée;point_relais;
CMD003130;C0126;2025-10-04;4;3;2.10;Livree;point_relais;
CMD003131;C0032;2025-10-04;15;0.5;5.80;Livree;Point_relais;
CMD003131;C0032;2025-10-04;22;4;5.09;LIVREE;point_relais;
CMD003131;C0032;2025-10-04;30;0.2;24,00;LIVREE;point_relais;
CMD003131;C0032;2025-10-04;4;1.5;2,10;Livrée;point_relais;
CMD003132;C0089;2025-10-04;28;1;1.90;Livrée;domicile;
CMD003133;C0082;2025-10-04;21;4;10.49;annulée;domicile;paiement refusé
CMD003133;C0082;2025-10-04;39;1;5.19;ANNULEE;domicile;paiement refusé
CMD003133;C0082;2025-10-04;13;3;5.40;annulée;domicile;paiement refusé
CMD003134;C0060;2025-10-04;18;1;4.20;LIVREE;retrait_ferme;
CMD003134;C0060;04/10/2025;36;2;5,51;Livree;retrait_ferme;
CMD003134;C0060;04/10/2025;21;1;10.49;Livrée;retrait_ferme;
CMD003134;C0060;2025-10-04;37;1;3.10;Livree;retrait_ferme;
CMD003134;C0060;2025-10-04;35;2;4,13;livrée;retrait_ferme;
CMD003135;C0176;04/10/2025;16;3;8,50;Livree;point_relais;
CMD003135;C0176;2025-10-04;6;4;1.40;LIVREE;point_relais;
CMD003136;C0273;2025-10-04;28;4;1,90;LIVREE;point_relais;
CMD003137;C0213;2025-10-04;33;1;4,45;LIVREE;domicile;
CMD003137;C0213;2025-10-04;34;4;5.09;livrée;domicile;
CMD003138;C0143;2025-10-04;11;0.5;3.20;LIVREE;domicile;
CMD003138;C0143;2025-10-04;38;2;5.60;LIVREE;domicile;
CMD003138;C0143;2025-10-04;18;1;4.20;LIVREE;domicile;
CMD003139;C0181;2025-10-04;15;0,5;5.80;LIVREE;Domicile;
CMD003140;C0168;2025-10-05;11;1.5;3.20;Livree;point_relais;
CMD003141;C0172;2025-10-05;16;1,5;8.50;Livrée;domicile;
CMD003141;C0172;2025-10-05;31;2;1.20;LIVREE;domicile;
CMD003141;C0172;2025-10-05;14;0.5;4.90;Livrée;domicile;
CMD003142;C0085;2025-10-05;6;2;1.40;ANNULEE;point_relais;client absent
CMD003142;C0085;2025-10-05;19;3;7.95;ANNULEE;point_relais;client absent
CMD003142;C0085;05/10/2025;23;1;13,25;Annulée;point_relais;client absent
CMD003142;C0085;2025-10-05;7;3;4.50;ANNULEE;point_relais;client absent
CMD003142;C0085;2025-10-05;4;2;2.10;Annulée;point_relais;client absent
CMD003143;C0264;2025-10-05;25;4;5.19;Livree;domicile;
CMD003143;C0264;2025-10-05;8;3;2.60;Livree;domicile;
CMD003143;C0264;05/10/2025;34;2;5.09;Livrée;domicile;
CMD003144;C0224;2025-10-05;3;N/A;3.60;LIVREE;domicile;
CMD003144;C0224;05-10-25;36;4;5,51;livrée;domicile;
CMD003144;C0224;05-10-25;26;2;8.90;livrée;domicile;
CMD003145;C0134;2025-10-05;25;1;5,19;Livrée;domicile;
CMD003146;C0098;2025-10-05;38;2;5,60;Livree;point_relais;
CMD003146;C0938;2025-10-05;26;2;8.90;Livree;point_relais;
CMD003147;C0105;2025-10-05;9;0.5;9,00;livrée;point_relais;
CMD003147;C0105;05/10/2025;31;3;1.20;livrée;point_relais;
CMD003147;C0105;2025-10-05;37;2;3.10;livrée;Point_relais;
CMD003148;C0143;05/10/2025;21;2;10.49;LIVREE;point_relais;
CMD003149;C0075;2025-10-05;21;3;10.49;Livrée;domicile;
CMD003149;C0075;2025-10-05;13;3;5.40;Livree;domicile;
CMD003149;C0075;2025-10-05;29;0,2;28.00;Livrée;domicile;
CMD003150;C0283;2025-10-05;30;0,2;24.00;livrée;point_relais;
CMD003151;C0176;2025-10-05;10;0.5;2.90;LIVREE;point_relais;
CMD003151;C0176;05/10/2025;37;4;3.10;Livrée;point_relais;
CMD003151;C0176;05/10/2025;23;4;13.25;LIVREE;point_relais;
CMD003152;C0300;05/10/2025;30;0.5;24.00;Livrée;domicile;
CMD003152;C0300;2025-10-05;10;1.5;2,90;livrée;domicile;
CMD003153;C0147;2025-10-05;36;1;5.51;Annulée;retrait_ferme;météo
CMD003153;C0147;2025-10-05;9;0.5;9,00;annulée;Retrait_ferme;météo
CMD003153;C0147;2025-10-05;37;1;3.10;annulee;retrait_ferme;météo
CMD003153;C0147;2025-10-05;11;0.5;3,20;annulée;retrait_ferme;météo
CMD003154;C0164;2025-10-05;36;4;5.51;Livree;point_relais;
CMD003154;C0164;2025-10-05;7;3;4,50;Livrée;point_relais;
CMD003154;C0164;2025-10-05;10;1,5;2.90;LIVREE;point_relais;
CMD003155;C0257;2025-10-06;24;1;5.94;Livree;domicile;
CMD003155;C0257;2025-10-06;9;2;9.00;Livree;domicile;
CMD003156;C0005;2025-10-06;8;3;2.60;LIVREE;point_relais;
CMD003157;C0286;2025-10-06;5;1.5;1.90;LIVREE;point_relais;
CMD003157;C0286;2025-10-06;5;1.5;1.90;LIVREE;point_relais;
CMD003157;C0286;2025-10-06;16;3;8,50;Livree;point_relais;
CMD003157;C0286;2025-10-06;2;1;2,80;livrée;Point_relais;
CMD003158;C0098;06-10-25;26;1;8,90;Livree;domicile;
CMD003158;C0098;06-10-25;7;3;4.50;Livrée;domicile;
CMD003159;C0100;2025-10-06;17;2;3.00;Livree;domicile;
CMD003159;C0100;2025-10-06;8;1.5;2.60;Livree;Domicile;
CMD003160;C0274;2025-10-06;23;4;13.25;Livree;domicile;
CMD003160;C0274;2025-10-06;14;3;4.90;livrée;domicile;
CMD003161;C0296;2025-10-06;29;0,5;28.00;LIVREE;retrait_ferme;
CMD003161;C0296;2025-10-06;11;1;3.20;Livrée;retrait_ferme;
CMD003161;C0296;2025-10-06;31;3;1.20;Livree;retrait_ferme;
CMD003161;C0296;2025-10-06;22;3;5,09;Livree;retrait_ferme;
CMD003162;C0236;2025-10-06;32;2;2.20;Livrée;point_relais;
CMD003162;C0236;2025-10-06;16;0.5;8,50;LIVREE;point_relais;
CMD003163;C0263;07/10/2025;29;0.5;28.00;LIVREE;domicile;
CMD003163;C0263;2025-10-07;39;3;5.19;Livree;domicile;
CMD003164;C0188;2025-10-07;18;1;4.20;livrée;retrait_ferme;
CMD003164;C0188;2025-10-07;11;0.5;3.20;LIVREE;retrait_ferme;
CMD003164;C0188;2025-10-07;11;0.5;3.20;LIVREE;retrait_ferme;
CMD003164;C0188;2025-10-07;10;2;2.90;LIVREE;retrait_ferme;
CMD003165;C0175;07/10/2025;40;2;3,71;LIVREE;Point_relais;
CMD003165;C0175;2025-10-07;15;2;5,80;LIVREE;point_relais;
CMD003166;C0291;2025-10-07;12;1;3,50;LIVREE;point_relais;
CMD003166;C0291;2025-10-07;19;1;7.95;Livrée;point_relais;
CMD003166;C0291;2025-10-07;34;2;5.09;Livrée;point_relais;
CMD003167;C0137;2025-10-07;2;0.5;2.80;Livree;domicile;
CMD003168;C0151;07/10/2025;11;2;3.20;livrée;domicile;
CMD003169;C0237;07/10/2025;23;2;13.25;Livrée;Domicile;
CMD003169;C0237;07/10/2025;37;4;3.10;LIVREE;Domicile;
CMD003169;C0237;07-10-25;39;3;5.19;Livree;domicile;
CMD003169;C0237;2025-10-07;14;3;4.90;LIVREE;domicile;
CMD003169;C0237;2025-10-07;11;0.5;3.20;LIVREE;domicile;
CMD003170;C0922;2025-10-08;33;2;4,45;Livree;Domicile;
CMD003171;C0138;2025-10-08;36;2;5.51;annulée;domicile;météo
CMD003171;C0138;2025-10-08;24;3;5,94;Annulée;domicile;météo
CMD003171;C0138;08/10/2025;18;4;4,20;Annulée;Domicile;météo
CMD003171;C0138;2025-10-08;28;2;1.90;ANNULEE;domicile;météo
CMD003172;C0207;2025-10-08;6;3;1,40;LIVREE;domicile;
CMD003172;C0207;08/10/2025;11;0,5;3,20;livrée;Domicile;
CMD003173;C0098;2025-10-08;19;3;7,95;LIVREE;domicile;
CMD003174;C0126;2025-10-08;25;1;5.19;LIVREE;Retrait_ferme;
CMD003175;C0113;08/10/2025;23;1;13.25;Livrée;retrait_ferme;
CMD003175;C0113;2025-10-08;1;1.5;4.20;Livree;retrait_ferme;
CMD003175;C0113;08-10-25;12;3;3.50;Livree;retrait_ferme;
CMD003175;C0113;2025-10-08;20;2;8.69;Livree;retrait_ferme;
CMD003176;C0287;2025-10-08;16;1;8.50;LIVREE;point_relais;
CMD003176;C0287;2025-10-08;11;0.5;3,20;livrée;Point_relais;
CMD003176;C0287;2025-10-08;10;0.5;2,90;Livrée;point_relais;
CMD003177;C0010;2025-10-08;31;2;1.20;LIVREE;domicile;
CMD003178;C0236;2025-10-08;14;1;4,90;Livrée;domicile;
CMD003178;C0236;2025-10-08;32;1;2.20;Livrée;domicile;
CMD003178;C0236;2025-10-08;34;1;5.09;Livrée;domicile;
CMD003179;C0270;08/10/2025;21;1;10.49;livrée;Domicile;
CMD003179;C0270;2025-10-08;33;4;4.45;livrée;domicile;
CMD003180;C0028;08-10-25;29;0,5;28.00;Livree;domicile;
CMD003180;C0028;2025-10-08;6;N/A;1.40;Livree;domicile;
CMD003180;C0028;2025-10-08;35;4;4.13;Livrée;domicile;
CMD003181;C0010;08/10/2025;6;1;1.40;annulée;point_relais;rupture de stock
CMD003181;C0010;2025-10-08;36;4;5,51;annulee;Point_relais;rupture de stock
CMD003182;C0120;2025-10-09;23;2;13,25;Livree;Domicile;
CMD003182;C0120;2025-10-09;4;1;2.10;Livree;domicile;
CMD003182;C0120;2025-10-09;21;1;10,49;LIVREE;domicile;
CMD003182;C0120;09-10-25;9;2;9.00;LIVREE;domicile;
CMD003182;C0120;2025-10-09;27;4;3.40;Livrée;domicile;
CMD003183;C0173;2025-10-09;17;2;3,00;LIVREE;point_relais;
CMD003183;C0173;2025-10-09;24;2;5.94;LIVREE;point_relais;
CMD003184;C0283;09-10-25;37;1;3.10;livrée;point_relais;
CMD003185;C0300;2025-10-09;27;1;3.40;livrée;point_relais;
CMD003185;C0300;2025-10-09;32;2;2,20;LIVREE;point_relais;
CMD003186;C0055;2025-10-09;17;2;3.00;LIVREE;domicile;
CMD003186;C0055;2025-10-09;36;4;5.51;livrée;domicile;
CMD003186;C0055;2025-10-09;9;1.5;9.00;LIVREE;domicile;
CMD003187;C0151;2025-10-09;7;3;4,50;LIVREE;point_relais;
CMD003187;C0151;2025-10-09;36;3;5.51;Livree;point_relais;
CMD003188;C0203;2025-10-09;23;2;13,25;Livree;domicile;
CMD003188;C0203;2025-10-09;7;1;4.50;Livree;domicile;
CMD003188;C0203;2025-10-09;8;0.5;2,60;Livrée;domicile;
CMD003188;C0203;2025-10-09;35;1;4.13;livrée;domicile;
CMD003188;C0203;2025-10-09;24;1;5.94;LIVREE;domicile;
CMD003189;C0062;09/10/2025;13;0,5;5,40;livrée;domicile;
CMD003189;C0062;2025-10-09;40;2;3.71;Livree;domicile;
CMD003189;C0062;2025-10-09;14;3;4.90;LIVREE;Domicile;
CMD003190;C0214;2025-10-10;7;1,5;4.50;livrée;point_relais;
CMD003191;C0045;10/10/2025;4;1,5;2,10;livrée;retrait_ferme;
CMD003192;C0193;2025-10-10;1;1.5;4.20;livrée;domicile;
CMD003193;C0153;2025-10-10;18;3;4.20;Livree;domicile;
CMD003193;C0153;10/10/2025;37;4;3,10;livrée;domicile;
CMD003194;C0185;2025-10-10;12;1,5;3.50;LIVREE;domicile;
CMD003194;C0185;2025-10-10;7;1.5;4,50;Livree;domicile;
CMD003195;C0021;10-10-25;17;2;3.00;livrée;domicile;
CMD003196;C0301;2025-10-10;3;1;3.60;annulée;point_relais;paiement refusé
CMD003196;C0301;2025-10-10;10;1;2,90;ANNULEE;point_relais;paiement refusé
CMD003196;C0301;2025-10-10;13;3;5.40;ANNULEE;Point_relais;paiement refusé
CMD003197;C0071;2025-10-10;9;2;9.00;Livrée;point_relais;
CMD003197;C0071;2025-10-10;4;1,5;2.10;Livree;Point_relais;
CMD003198;C0107;2025-10-10;37;2;3.10;livrée;domicile;
CMD003199;C0151;10/10/2025;27;2;3.40;Livree;retrait_ferme;
CMD003200;C0242;2025-10-10;23;1;13.25;LIVREE;domicile;
CMD003201;C0158;10/10/2025;15;0.5;5,80;LIVREE;domicile;
CMD003202;C0072;2025-10-10;22;4;5.09;Livree;domicile;
CMD003202;C0072;10/10/2025;4;1;2,10;livrée;domicile;
CMD003202;C0072;2025-10-10;39;0,5;5,19;livrée;Domicile;
CMD003203;C0042;2025-10-11;1;2;4.20;livrée;point_relais;
CMD003203;C0042;2025-10-11;26;2;8,90;LIVREE;point_relais;
CMD003203;C0042;11-10-25;4;2;2,10;Livree;point_relais;
CMD003203;C0042;11/10/2025;9;1;9.00;Livrée;point_relais;
CMD003204;C0002;2025-10-11;37;1;3,10;Livrée;Point_relais;
CMD003204;C0002;11-10-25;22;1;5.09;Livree;point_relais;
CMD003204;C0002;2025-10-11;16;1;8.50;Livree;point_relais;
CMD003205;C0022;2025-10-11;8;3;2.60;Livrée;retrait_ferme;
CMD003205;C0022;2025-10-11;24;4;5.94;livrée;retrait_ferme;
CMD003205;C0022;2025-10-11;22;4;5.09;Livree;retrait_ferme;
CMD003206;C0253;2025-10-11;31;3;1.20;Livrée;retrait_ferme;
CMD003206;C0253;2025-10-11;31;3;1.20;Livrée;retrait_ferme;
CMD003206;C0253;2025-10-11;19;1;7.95;Livree;retrait_ferme;
CMD003207;C0166;2025-10-11;5;1;1.90;annulée;domicile;paiement refusé
CMD003207;C0166;2025-10-11;36;2;5.51;annulee;Domicile;paiement refusé
CMD003208;C0133;2025-10-11;9;1;9.00;Livrée;domicile;
CMD003209;C0274;2025-10-11;19;3;7,95;annulee;domicile;rupture de stock
CMD003209;C0274;11/10/2025;10;1.5;2.90;annulée;domicile;rupture de stock
CMD003209;C0274;2025-10-11;21;4;10.49;annulee;domicile;rupture de stock
CMD003209;C0274;2025-10-11;32;2;2.20;ANNULEE;domicile;rupture de stock
CMD003210;C0224;11/10/2025;10;0.5;2.90;Livrée;domicile;
CMD003210;C0224;2025-10-11;29;0,2;28,00;Livree;Domicile;
CMD003211;C0160;11-10-25;26;2;8.90;Livree;point_relais;
CMD003211;C0160;2025-10-11;19;1;7.95;Livrée;point_relais;
CMD003212;C0074;2025-10-11;5;2;1,90;LIVREE;domicile;
CMD003212;C0074;2025-10-11;10;1,5;2,90;LIVREE;domicile;
CMD003213;C0041;2025-10-12;10;3;2.90;livrée;domicile;
CMD003213;C0041;2025-10-12;14;3;4.90;Livree;domicile;
CMD003213;C0041;2025-10-12;5;2;1,90;Livrée;domicile;
CMD003214;C0105;2025-10-12;36;1;5.51;Livree;point_relais;
CMD003214;C0105;2025-10-12;34;1;5.09;Livrée;point_relais;
CMD003214;C0105;2025-10-12;16;0.5;8,50;Livrée;point_relais;
CMD003215;C0276;2025-10-12;35;1;4,13;livrée;domicile;
CMD003216;C0224;2025-10-12;23;4;13,25;livrée;point_relais;
CMD003216;C0224;2025-10-12;17;1;3,00;Livree;point_relais;
CMD003216;C0224;2025-10-12;37;2;3.10;Livrée;point_relais;
CMD003216;C0224;2025-10-12;2;2;2.80;livrée;point_relais;
CMD003217;C0201;12-10-25;13;1.5;5,40;Livrée;domicile;
CMD003218;C0066;2025-10-12;9;2;9.00;ANNULEE;Point_relais;client absent
CMD003218;C0066;2025-10-12;29;0.5;28,00;ANNULEE;point_relais;client absent
CMD003219;C0071;12/10/2025;35;3;4.13;LIVREE;domicile;
CMD003220;C0287;2025-10-12;28;1;1,90;LIVREE;domicile;
CMD003221;C0066;12/10/2025;21;2;10.49;LIVREE;domicile;
CMD003222;C0070;2025-10-12;22;1;5.09;Livree;point_relais;
CMD003222;C0070;2025-10-12;27;4;3,40;LIVREE;point_relais;
CMD003222;C0070;2025-10-12;20;2;8,69;LIVREE;point_relais;
CMD003223;C0216;2025-10-12;30;0.2;24.00;livrée;point_relais;
CMD003223;C0216;2025-10-12;22;3;5.09;LIVREE;point_relais;
CMD003223;C0216;2025-10-12;11;3;3.20;LIVREE;point_relais;
CMD003224;C0048;2025-10-13;4;3;2.10;Livrée;point_relais;
CMD003225;C0300;2025-10-13;17;1;3.00;Livree;retrait_ferme;
CMD003225;C0300;2025-10-13;17;1;3.00;Livree;retrait_ferme;
CMD003225;C0300;2025-10-13;38;1;5.60;LIVREE;retrait_ferme;
CMD003225;C0300;13/10/2025;7;3;4,50;Livree;retrait_ferme;
CMD003226;C0244;2025-10-13;26;3;8.90;livrée;domicile;
CMD003227;C0032;2025-10-13;16;1;8,50;Livree;domicile;
CMD003227;C0032;2025-10-13;19;2;7,95;Livree;domicile;
CMD003228;C0273;2025-10-13;8;0.5;2,60;Livrée;domicile;
CMD003228;C0273;13/10/2025;15;0.5;5.80;livrée;domicile;
CMD003228;C0273;2025-10-13;10;2;2.90;livrée;domicile;
CMD003228;C0273;2025-10-13;22;2;5.09;livrée;domicile;
CMD003229;C0062;2025-10-13;15;3;5.80;Livree;domicile;
CMD003230;C0028;2025-10-13;25;3;5.19;LIVREE;point_relais;
CMD003231;C0121;13-10-25;34;2;5.09;livrée;domicile;
CMD003231;C0121;2025-10-13;21;4;10.49;Livree;domicile;
CMD003231;C0121;2025-10-13;3;1;3.60;livrée;domicile;
CMD003231;C0121;2025-10-13;5;1;1.90;Livrée;domicile;
CMD003232;C0161;2025-10-13;26;2;8,90;Livrée;retrait_ferme;
CMD003232;C0161;2025-10-13;18;3;4.20;Livrée;retrait_ferme;
CMD003232;C0161;2025-10-13;8;3;2,60;Livrée;retrait_ferme;
CMD003233;C0252;2025-10-13;32;2;2.20;livrée;point_relais;
CMD003233;C0252;2025-10-13;30;0.2;24,00;Livree;Point_relais;
CMD003233;C0252;2025-10-13;14;1.5;4.90;Livrée;point_relais;
CMD003233;C0252;2025-10-13;12;1;3.50;LIVREE;point_relais;
CMD003233;C0252;2025-10-13;35;1;4.13;Livree;point_relais;
CMD003234;C0133;2025-10-14;32;1;2.20;Livrée;domicile;
CMD003234;C0133;14/10/2025;33;2;4,45;livrée;domicile;
CMD003234;C0133;2025-10-14;2;0,5;2,80;LIVREE;domicile;
CMD003234;C0133;2025-10-14;11;0.5;3.20;Livrée;domicile;
CMD003235;C0062;14/10/2025;16;1;8.50;Livree;domicile;
CMD003235;C0062;2025-10-14;36;4;5.51;Livree;domicile;
CMD003235;C0062;2025-10-14;40;2;3.71;Livree;domicile;
CMD003235;C0062;2025-10-14;3;1;3.60;livrée;domicile;
CMD003236;C0066;2025-10-14;40;2;3.71;LIVREE;point_relais;
CMD003236;C0066;2025-10-14;16;1.5;8.50;Livree;point_relais;
CMD003236;C0066;2025-10-14;19;4;7.95;livrée;point_relais;
CMD003236;C0066;2025-10-14;37;1;3.10;livrée;point_relais;
CMD003236;C0066;2025-10-14;31;4;1,20;Livrée;point_relais;
CMD003237;C0173;2025-10-14;24;4;5.94;annulee;domicile;annulation client
CMD003238;C0018;2025-10-14;28;1;1.90;livrée;point_relais;
CMD003238;C0018;2025-10-14;37;2;3.10;livrée;point_relais;
CMD003239;C0181;2025-10-14;1;3;4.20;Livree;point_relais;
CMD003240;C0151;2025-10-14;22;1;5,09;Livrée;point_relais;
CMD003241;C0062;2025-10-14;31;4;1.20;LIVREE;retrait_ferme;
CMD003242;C0291;2025-10-14;26;1;8,90;Annulée;domicile;rupture de stock
CMD003242;C0291;2025-10-14;23;3;13.25;annulee;domicile;rupture de stock
CMD003243;C0227;2025-10-14;22;1;5.09;LIVREE;point_relais;
CMD003243;C0227;2025-10-14;40;3;3.71;livrée;Point_relais;
CMD003243;C0227;2025-10-14;11;1;3.20;Livree;point_relais;
CMD003243;C0227;2025-10-14;29;0,5;28,00;Livree;point_relais;
CMD003243;C0227;2025-10-14;2;1;2.80;livrée;point_relais;
CMD003244;C0254;2025-10-14;9;2;9.00;LIVREE;domicile;
CMD003245;C0103;14-10-25;15;1;5.80;livrée;retrait_ferme;
CMD003246;C0088;2025-10-14;32;2;2.20;annulee;domicile;annulation client
CMD003246;C0088;2025-10-14;23;2;13.25;Annulée;domicile;annulation client
CMD003246;C0088;14/10/2025;19;4;7.95;Annulée;domicile;annulation client
CMD003247;C0219;2025-10-15;12;3;3.50;LIVREE;point_relais;
CMD003248;C0203;2025-10-15;27;3;3,40;Livrée;domicile;
CMD003249;C0271;15-10-25;9;1.5;9.00;livrée;Point_relais;
CMD003250;C0088;2025-10-15;36;3;5.51;Livrée;point_relais;
CMD003250;C0088;2025-10-15;23;1;13.25;livrée;point_relais;
CMD003251;C0172;15/10/2025;23;1;13.25;livrée;point_relais;
CMD003252;C0074;2025-10-15;28;1;1.90;livrée;Point_relais;
CMD003253;C0270;2025-10-15;40;1;3.71;LIVREE;point_relais;
CMD003253;C0270;2025-10-15;24;2;5,94;Livrée;Point_relais;
CMD003253;C0270;15/10/2025;7;3;4,50;Livree;point_relais;
CMD003253;C0270;2025-10-15;3;1;3.60;Livrée;point_relais;
CMD003254;C0059;2025-10-15;28;4;1,90;LIVREE;domicile;
CMD003254;C0059;2025-10-15;10;2;2.90;LIVREE;domicile;
CMD003255;C0198;2025-10-15;9;1;9.00;Livree;domicile;
CMD003255;C0198;2025-10-15;26;4;8.90;Livrée;domicile;
CMD003255;C0198;2025-10-15;35;2;4.13;LIVREE;domicile;
CMD003255;C0198;2025-10-15;32;2;2,20;LIVREE;domicile;
CMD003256;C0045;2025-10-15;37;2;3.10;Livree;domicile;
CMD003256;C0045;2025-10-15;13;2;5.40;LIVREE;domicile;
CMD003256;C0045;15-10-25;26;2;8.90;livrée;domicile;
CMD003256;C0045;2025-10-15;19;2;7.95;livrée;domicile;
CMD003257;C0253;2025-10-15;1;2;4,20;annulée;domicile;rupture de stock
CMD003257;C0253;2025-10-15;34;1;5,09;ANNULEE;domicile;rupture de stock
CMD003257;C0253;2025-10-15;8;1,5;2.60;annulée;domicile;rupture de stock
CMD003257;C0253;2025-10-15;35;4;4.13;Annulée;domicile;rupture de stock
CMD003258;C0208;2025-10-15;14;1;4.90;Livree;point_relais;
CMD003258;C0208;2025-10-15;27;2;3.40;livrée;point_relais;
CMD003259;C0031;16-10-25;8;3;2.60;LIVREE;retrait_ferme;
CMD003259;C0031;2025-10-16;1;2;4.20;Livrée;retrait_ferme;
CMD003259;C0031;2025-10-16;21;2;10.49;Livree;Retrait_ferme;
CMD003260;C0298;2025-10-16;32;2;2.20;Livree;point_relais;
CMD003260;C0298;2025-10-16;25;4;5.19;Livree;point_relais;
CMD003260;C0298;2025-10-16;19;1;7.95;LIVREE;point_relais;
CMD003260;C0298;2025-10-16;9;1,5;9.00;livrée;point_relais;
CMD003261;C0025;2025-10-16;16;1,5;8.50;LIVREE;domicile;
CMD003261;C0025;2025-10-16;32;1;2,20;livrée;domicile;
CMD003261;C0025;2025-10-16;35;1;4.13;LIVREE;domicile;
CMD003261;C0025;2025-10-16;35;1;4.13;LIVREE;domicile;
CMD003262;C0070;2025-10-16;37;2;3.10;Livree;domicile;
CMD003263;C0120;2025-10-16;38;3;5.60;Livrée;retrait_ferme;
CMD003263;C0120;16/10/2025;13;1;5.40;LIVREE;Retrait_ferme;
CMD003263;C0120;2025-10-16;25;1;5.19;Livrée;retrait_ferme;
CMD003263;C0120;2025-10-16;21;2;10.49;livrée;retrait_ferme;
CMD003263;C0120;16/10/2025;18;1;4.20;Livree;retrait_ferme;
CMD003264;C0161;2025-10-16;31;2;1.20;Livrée;domicile;
CMD003264;C0161;2025-10-16;23;3;13.25;Livree;domicile;
CMD003265;C0203;2025-10-16;15;0.5;5.80;Livrée;domicile;
CMD003266;C0199;2025-10-16;21;2;10,49;Livrée;point_relais;
CMD003266;C0199;2025-10-16;16;1.5;8.50;LIVREE;point_relais;
CMD003267;C0226;2025-10-16;30;0.2;24.00;Livrée;Domicile;
CMD003267;C0226;16/10/2025;5;1,5;1.90;Livrée;domicile;
CMD003267;C0226;2025-10-16;7;0,5;4.50;livrée;domicile;
CMD003268;C0038;2025-10-16;9;0.5;9.00;livrée;domicile;
CMD003268;C0038;2025-10-16;18;1;4,20;livrée;domicile;
CMD003268;C0038;2025-10-16;2;1;2.80;livrée;domicile;
CMD003269;C0094;2025-10-16;10;3;2.90;Livrée;retrait_ferme;
CMD003270;C0277;2025-10-17;25;1;5,19;livrée;point_relais;
CMD003270;C0277;17/10/2025;5;1;1.90;Livree;point_relais;
CMD003270;C0277;2025-10-17;12;1;3.50;Livrée;point_relais;
CMD003271;C0107;17/10/2025;9;1;9.00;Livrée;point_relais;
CMD003271;C0107;2025-10-17;4;0,5;2,10;Livrée;Point_relais;
CMD003271;C0107;2025-10-17;35;4;4,13;Livree;point_relais;
CMD003272;C0097;2025-10-17;35;4;4.13;Livree;point_relais;
CMD003272;C0097;17/10/2025;14;0.5;4,90;Livrée;point_relais;
CMD003273;C0005;2025-10-17;34;4;5,09;Livrée;domicile;
CMD003273;C0005;2025-10-17;32;4;2.20;LIVREE;domicile;
CMD003273;C0005;2025-10-17;15;3;5.80;livrée;domicile;
CMD003274;C0260;2025-10-17;26;1;8,90;Livree;point_relais;
CMD003274;C0260;2025-10-17;2;1;2.80;Livree;point_relais;
CMD003275;C0004;2025-10-17;12;0.5;3.50;LIVREE;domicile;
CMD003275;C0004;17-10-25;36;3;5.51;Livree;domicile;
CMD003276;C0185;2025-10-17;13;2;5.40;Livree;point_relais;
CMD003276;C0185;2025-10-17;36;1;5,51;LIVREE;point_relais;
CMD003276;C0185;2025-10-17;15;1,5;5.80;livrée;point_relais;
CMD003277;C0152;2025-10-17;14;0.5;4.90;LIVREE;Retrait_ferme;
CMD003278;C0260;2025-10-17;2;0,5;2.80;Livrée;domicile;
CMD003278;C0260;17/10/2025;15;0.5;5.80;LIVREE;domicile;
CMD003279;C0274;2025-10-17;32;2;2,20;LIVREE;domicile;
CMD003280;C0046;2025-10-17;22;3;5.09;Livree;point_relais;
CMD003280;C0046;2025-10-17;37;4;3,10;LIVREE;point_relais;
CMD003281;C0138;2025-10-18;8;1;2.60;livrée;point_relais;
CMD003282;C0216;2025-10-18;17;2;3,00;Livree;retrait_ferme;
CMD003282;C0216;2025-10-18;30;0.5;24.00;livrée;retrait_ferme;
CMD003282;C0216;2025-10-18;7;3;4,50;LIVREE;retrait_ferme;
CMD003282;C0216;2025-10-18;14;2;4,90;LIVREE;retrait_ferme;
CMD003283;C0033;2025-10-18;1;1;4.20;livrée;retrait_ferme;
CMD003283;C0033;2025-10-18;14;1;4.90;LIVREE;retrait_ferme;
CMD003283;C0033;2025-10-18;9;1,5;9.00;Livree;retrait_ferme;
CMD003284;C0037;2025-10-18;30;0.5;24.00;Livrée;Domicile;
CMD003284;C0037;2025-10-18;32;2;2.20;Livree;domicile;
CMD003285;C0260;2025-10-18;30;0.5;24.00;LIVREE;point_relais;
CMD003286;C0158;2025-10-18;24;2;5,94;Livree;domicile;
CMD003286;C0158;2025-10-18;36;2;5.51;LIVREE;domicile;
CMD003287;C0098;2025-10-18;12;0.5;3.50;LIVREE;retrait_ferme;
CMD003288;C0045;2025-10-18;10;1.5;2.90;LIVREE;Domicile;
CMD003288;C0045;2025-10-18;4;1.5;2.10;Livree;domicile;
CMD003289;C0245;2025-10-18;33;1;4.45;Annulée;point_relais;rupture de stock
CMD003289;C0245;2025-10-18;6;1;1.40;annulée;point_relais;rupture de stock
CMD003289;C0245;2025-10-18;10;1.5;2,90;ANNULEE;point_relais;rupture de stock
CMD003289;C0245;2025-10-18;18;2;4.20;Annulée;point_relais;rupture de stock
CMD003290;C0301;2025-10-18;40;1;3.71;LIVREE;domicile;
CMD003290;C0301;2025-10-18;30;0.5;24.00;Livrée;domicile;
CMD003291;C0982;2025-10-19;20;2;8.69;Annulée;domicile;annulation client
CMD003291;C0097;19/10/2025;5;1,5;1.90;Annulée;domicile;annulation client
CMD003291;C0097;2025-10-19;31;2;1,20;annulee;domicile;annulation client
CMD003291;C0097;2025-10-19;8;2;2,60;annulee;domicile;annulation client
CMD003291;C0097;2025-10-19;36;3;5.51;annulée;domicile;annulation client
CMD003292;C0037;2025-10-19;4;3;2.10;Livrée;point_relais;
CMD003292;C0037;2025-10-19;40;1;3.71;livrée;point_relais;
CMD003292;C0037;2025-10-19;28;3;1.90;LIVREE;point_relais;
CMD003293;C0145;2025-10-19;21;1;10.49;Livree;domicile;
CMD003293;C0145;2025-10-19;40;1;3,71;livrée;domicile;
CMD003293;C0145;2025-10-19;16;1.5;8.50;livrée;Domicile;
CMD003293;C0145;2025-10-19;34;3;5.09;Livrée;domicile;
CMD003293;C0145;2025-10-19;13;0.5;5.40;Livree;domicile;
CMD003294;C0247;19/10/2025;4;1,5;2.10;LIVREE;point_relais;
CMD003294;C0247;19/10/2025;36;2;5,51;Livrée;point_relais;
CMD003295;C0300;19-10-25;22;1;5.09;Livrée;domicile;
CMD003295;C0300;19/10/2025;31;2;1,20;livrée;domicile;
CMD003295;C0300;19/10/2025;16;2;8.50;LIVREE;domicile;
CMD003296;C0129;19-10-25;33;1;4.45;annulee;domicile;rupture de stock
CMD003296;C0129;2025-10-19;36;4;5.51;ANNULEE;domicile;rupture de stock
CMD003296;C0129;2025-10-19;17;1;3.00;Annulée;domicile;rupture de stock
CMD003297;C0276;2025-10-19;17;2;3,00;LIVREE;domicile;
CMD003297;C0276;2025-10-19;30;0.5;24.00;Livree;domicile;
CMD003297;C0276;2025-10-19;23;4;13.25;livrée;domicile;
CMD003298;C0161;2025-10-19;3;0,5;3.60;LIVREE;point_relais;
CMD003298;C0161;2025-10-19;11;3;3.20;LIVREE;point_relais;
CMD003299;C0053;2025-10-19;35;2;4.13;LIVREE;domicile;
CMD003299;C0053;2025-10-19;1;2;4.20;livrée;domicile;
CMD003300;C0107;2025-10-19;5;3;1,90;livrée;Point_relais;
CMD003301;C0227;2025-10-19;23;1;13.25;livrée;domicile;
CMD003301;C0227;2025-10-19;3;2;3.60;livrée;domicile;
CMD003301;C0227;2025-10-19;17;4;3.00;Livrée;domicile;
CMD003302;C0147;2025-10-19;29;0.2;28,00;Livrée;point_relais;
CMD003302;C0147;2025-10-19;25;3;5.19;Livree;point_relais;
CMD003302;C0147;2025-10-19;11;1.5;3.20;Livrée;point_relais;
CMD003303;C0257;2025-10-20;39;3;5.19;Livree;point_relais;
CMD003303;C0257;2025-10-20;16;2;8,50;Livree;point_relais;
CMD003304;C0052;2025-10-20;7;3;4,50;Livrée;domicile;
CMD003304;C0052;2025-10-20;19;1;7.95;Livrée;domicile;
CMD003304;C0052;2025-10-20;18;3;4.20;LIVREE;domicile;
CMD003304;C0052;20-10-25;25;1;5.19;Livree;domicile;
CMD003305;C0082;20/10/2025;3;1;3.60;Livree;point_relais;
CMD003305;C0082;2025-10-20;13;0.5;5.40;Livree;point_relais;
CMD003306;C0309;2025-10-20;23;2;13.25;livrée;point_relais;
CMD003307;C0282;2025-10-20;19;1;7.95;annulee;domicile;paiement refusé
CMD003307;C0282;20/10/2025;33;1;4.45;annulée;domicile;paiement refusé
CMD003308;C0207;2025-10-20;11;2;3.20;Livree;retrait_ferme;
CMD003308;C0207;2025-10-20;3;2;3.60;Livrée;retrait_ferme;
CMD003308;C0207;2025-10-20;10;2;2,90;livrée;retrait_ferme;
CMD003309;C0151;20/10/2025;15;1.5;5.80;Livree;point_relais;
CMD003309;C0151;2025-10-20;20;3;8.69;Livree;point_relais;
CMD003310;C0143;2025-10-20;15;1;5,80;Livrée;domicile;
CMD003310;C0143;2025-10-20;31;1;1,20;livrée;domicile;
CMD003310;C0143;20-10-25;7;0.5;4.50;LIVREE;domicile;
CMD003310;C0143;2025-10-20;35;1;4.13;livrée;domicile;
CMD003310;C0143;2025-10-20;39;0.5;5.19;LIVREE;domicile;
CMD003311;C0161;2025-10-20;39;0,5;5,19;LIVREE;point_relais;
CMD003311;C0161;2025-10-20;9;2;9.00;Livrée;point_relais;
CMD003312;C0031;2025-10-21;18;1;4.20;Annulée;point_relais;météo
CMD003312;C0031;2025-10-21;27;1;3.40;Annulée;point_relais;météo
CMD003312;C0031;2025-10-21;21;3;10.49;annulée;point_relais;météo
CMD003312;C0031;2025-10-21;38;1;5.60;annulée;point_relais;météo
CMD003313;C0032;2025-10-21;9;3;9,00;livrée;Domicile;
CMD003313;C0032;2025-10-21;3;0,5;3,60;livrée;domicile;
CMD003313;C0032;2025-10-21;2;3;2,80;LIVREE;domicile;
CMD003314;C0236;2025-10-21;11;1.5;3.20;Livrée;retrait_ferme;
CMD003314;C0236;2025-10-21;34;2;5.09;livrée;retrait_ferme;
CMD003315;C0100;2025-10-21;10;2;2.90;Livrée;retrait_ferme;
CMD003315;C0100;21/10/2025;18;2;4.20;livrée;retrait_ferme;
CMD003316;C0003;2025-10-21;24;3;5.94;Livree;domicile;
CMD003316;C0003;2025-10-21;7;0.5;4.50;livrée;domicile;
CMD003317;C0200;2025-10-21;34;1;5,09;LIVREE;domicile;
CMD003318;C0189;2025-10-21;26;2;8,90;Livrée;domicile;
CMD003319;C0094;2025-10-21;30;0.2;24.00;Livree;Domicile;
CMD003320;C0084;2025-10-21;33;3;4,45;Livree;domicile;
CMD003320;C0084;21/10/2025;5;0.5;1.90;Livrée;domicile;
CMD003320;C0084;2025-10-21;13;2;5,40;Livree;domicile;
CMD003320;C0084;2025-10-21;27;4;3.40;livrée;domicile;
CMD003320;C0084;21/10/2025;12;1,5;3.50;Livrée;Domicile;
CMD003321;C0172;21-10-25;14;0.5;4.90;Livrée;domicile;
CMD003321;C0172;2025-10-21;29;0.5;28.00;LIVREE;Domicile;
CMD003321;C0172;2025-10-21;25;2;5,19;LIVREE;domicile;
CMD003321;C0172;2025-10-21;25;2;5,19;LIVREE;domicile;
CMD003322;C0188;2025-10-21;25;2;5.19;LIVREE;retrait_ferme;
CMD003322;C0188;2025-10-21;12;1.5;3.50;Livree;retrait_ferme;
CMD003323;C0301;2025-10-21;29;0,5;28.00;LIVREE;domicile;
CMD003323;C0301;2025-10-21;14;3;4.90;livrée;Domicile;
CMD003323;C0301;21-10-25;3;1;3,60;LIVREE;domicile;
CMD003323;C0301;2025-10-21;1;3;4,20;LIVREE;domicile;
CMD003323;C0301;2025-10-21;20;2;8,69;Livrée;domicile;
CMD003324;C0032;2025-10-22;15;1;5.80;livrée;Point_relais;
CMD003324;C0032;2025-10-22;39;0.5;5.19;Livree;point_relais;
CMD003324;C0032;2025-10-22;30;0.5;24,00;Livree;point_relais;
CMD003325;C0141;2025-10-22;40;3;3.71;Livree;domicile;
CMD003325;C0141;2025-10-22;36;2;5.51;Livree;domicile;
CMD003325;C0141;22/10/2025;3;1;3,60;livrée;domicile;
CMD003325;C0141;2025-10-22;5;3;1.90;livrée;domicile;
CMD003326;C0199;2025-10-22;11;1;3.20;Livrée;domicile;
CMD003326;C0199;2025-10-22;5;3;1.90;Livrée;domicile;
CMD003326;C0199;22/10/2025;38;1;5.60;Livree;domicile;
CMD003327;C0021;2025-10-22;31;1;1.20;Livrée;point_relais;
CMD003327;C0021;2025-10-22;23;2;13.25;Livrée;point_relais;
CMD003328;C0097;2025-10-22;17;1;3.00;LIVREE;retrait_ferme;
CMD003328;C0097;2025-10-22;11;0.5;3.20;Livrée;retrait_ferme;
CMD003328;C0097;2025-10-22;15;1.5;5.80;Livree;retrait_ferme;
CMD003328;C0097;22-10-25;9;1.5;9.00;LIVREE;retrait_ferme;
CMD003329;C0166;2025-10-22;40;2;3.71;Livree;point_relais;
CMD003329;C0166;2025-10-22;37;N/A;3.10;LIVREE;point_relais;
CMD003329;C0166;2025-10-22;39;1;5,19;LIVREE;point_relais;
CMD003330;C0080;2025-10-22;13;3;5.40;Livrée;domicile;
CMD003330;C0080;2025-10-22;29;0.5;28.00;Livree;domicile;
CMD003330;C0080;22/10/2025;28;4;1.90;livrée;domicile;
CMD003331;C0287;2025-10-22;28;1;1,90;LIVREE;retrait_ferme;
CMD003331;C0287;2025-10-22;17;1;3.00;Livrée;retrait_ferme;
CMD003331;C0287;2025-10-22;20;3;8,69;livrée;retrait_ferme;
CMD003331;C0287;2025-10-22;9;2;9,00;LIVREE;retrait_ferme;
CMD003331;C0287;22/10/2025;4;1.5;2.10;LIVREE;retrait_ferme;
CMD003332;C0046;2025-10-22;6;2;1.40;ANNULEE;domicile;météo
CMD003332;C0046;2025-10-22;22;1;5.09;ANNULEE;Domicile;météo
CMD003333;C0252;2025-10-22;22;1;5.09;LIVREE;point_relais;
CMD003334;C0185;2025-10-22;3;1;3.60;livrée;retrait_ferme;
CMD003334;C0185;2025-10-22;26;4;8.90;Livree;retrait_ferme;
CMD003334;C0185;2025-10-22;1;2;4.20;LIVREE;retrait_ferme;
CMD003335;C0135;2025-10-22;13;2;5.40;annulee;domicile;météo
CMD003335;C0135;2025-10-22;15;1;5.80;annulee;domicile;météo
CMD003335;C0135;22-10-25;37;2;3.10;annulee;domicile;météo
CMD003335;C0997;2025-10-22;4;0.5;2.10;annulee;domicile;météo
CMD003336;C0110;2025-10-22;5;1;1.90;livrée;domicile;
CMD003336;C0110;2025-10-22;15;1,5;5.80;Livrée;domicile;
CMD003337;C0060;22/10/2025;3;3;3.60;Livrée;domicile;
CMD003337;C0060;2025-10-22;24;2;5.94;Livrée;domicile;
CMD003338;C0227;23/10/2025;31;1;1.20;annulee;domicile;météo
CMD003338;C0227;23/10/2025;4;2;2,10;ANNULEE;domicile;météo
CMD003338;C0227;23/10/2025;35;4;4,13;ANNULEE;domicile;météo
CMD003338;C0227;2025-10-23;19;1;7,95;ANNULEE;domicile;météo
CMD003339;C0200;2025-10-23;15;1;5,80;LIVREE;domicile;
CMD003339;C0200;23-10-25;17;1;3,00;LIVREE;domicile;
CMD003339;C0200;2025-10-23;12;3;3,50;Livrée;domicile;
CMD003339;C0200;2025-10-23;35;4;4.13;Livree;Domicile;
CMD003340;C0245;2025-10-23;23;4;13.25;LIVREE;domicile;
CMD003341;C0129;2025-10-23;15;1,5;5.80;Livree;domicile;
CMD003342;C0150;2025-10-23;28;1;1.90;Livree;point_relais;
CMD003342;C0150;2025-10-23;6;1;1.40;Livrée;point_relais;
CMD003342;C0150;2025-10-23;29;0,2;28,00;Livree;point_relais;
CMD003343;C0087;2025-10-23;18;2;4,20;LIVREE;Domicile;
CMD003343;C0087;2025-10-23;40;2;3.71;Livree;Domicile;
CMD003343;C0087;23/10/2025;4;1,5;2.10;LIVREE;domicile;
CMD003344;C0189;2025-10-23;11;1.5;3.20;livrée;domicile;
CMD003344;C0189;2025-10-23;18;4;4.20;livrée;domicile;
CMD003344;C0189;2025-10-23;35;3;4,13;livrée;domicile;
CMD003344;C0189;2025-10-23;35;3;4,13;livrée;domicile;
CMD003344;C0189;2025-10-23;5;2;1.90;LIVREE;domicile;
CMD003344;C0189;2025-10-23;13;0.5;5,40;livrée;domicile;
CMD003345;C0126;2025-10-23;32;4;2.20;annulée;point_relais;rupture de stock
CMD003345;C0126;23/10/2025;27;2;3.40;Annulée;point_relais;rupture de stock
CMD003345;C0126;2025-10-23;17;4;3,00;ANNULEE;point_relais;rupture de stock
CMD003346;C0023;2025-10-23;22;3;5.09;Livrée;domicile;
CMD003347;C0211;2025-10-24;24;1;5.94;Livrée;point_relais;
CMD003347;C0211;2025-10-24;28;3;1.90;Livrée;point_relais;
CMD003347;C0211;2025-10-24;33;2;4,45;LIVREE;point_relais;
CMD003348;C0044;2025-10-24;11;1,5;3.20;livrée;point_relais;
CMD003348;C0044;24/10/2025;18;1;4.20;LIVREE;point_relais;
CMD003348;C0044;2025-10-24;1;1.5;4.20;livrée;point_relais;
CMD003349;C0112;2025-10-24;20;1;8.69;ANNULEE;domicile;client absent
CMD003350;C0187;2025-10-24;4;2;2,10;Livrée;domicile;
CMD003350;C0187;2025-10-24;13;2;5.40;LIVREE;domicile;
CMD003350;C0187;2025-10-24;29;0.2;28.00;Livree;domicile;
CMD003351;C0011;2025-10-24;28;1;1.90;Livrée;retrait_ferme;
CMD003351;C0011;2025-10-24;6;1;1.40;LIVREE;retrait_ferme;
CMD003351;C0011;24/10/2025;14;2;4.90;LIVREE;retrait_ferme;
CMD003352;C0010;2025-10-24;8;1.5;2.60;Livrée;retrait_ferme;
CMD003352;C0010;2025-10-24;4;1;2.10;Livrée;retrait_ferme;
CMD003352;C0010;24/10/2025;21;2;10.49;LIVREE;retrait_ferme;
CMD003353;C0305;2025-10-24;27;1;3.40;Livree;domicile;
CMD003353;C0305;2025-10-24;29;0,5;28.00;Livree;domicile;
CMD003354;C0093;24/10/2025;14;1;4.90;livrée;domicile;
CMD003354;C0093;2025-10-24;36;1;5.51;Livrée;domicile;
CMD003355;C0046;2025-10-24;13;1;5,40;Livree;domicile;
CMD003355;C0046;2025-10-24;4;1.5;2.10;Livree;domicile;
CMD003355;C0046;2025-10-24;30;0.2;24.00;livrée;Domicile;
CMD003355;C0046;2025-10-24;38;1;5,60;livrée;domicile;
CMD003356;C0032;2025-10-24;14;3;4.90;Annulée;domicile;annulation client
CMD003356;C0032;2025-10-24;17;2;3,00;ANNULEE;domicile;annulation client
CMD003356;C0032;2025-10-24;3;2;3.60;annulee;Domicile;annulation client
CMD003356;C0032;2025-10-24;22;4;5.09;ANNULEE;domicile;annulation client
CMD003356;C0032;24/10/2025;28;1;1.90;Annulée;domicile;annulation client
CMD003357;C0084;2025-10-24;23;3;13.25;livrée;retrait_ferme;
CMD003357;C0084;2025-10-24;16;3;8.50;Livree;retrait_ferme;
CMD003357;C0084;2025-10-24;22;1;5.09;livrée;retrait_ferme;
CMD003357;C0084;2025-10-24;2;1;2,80;Livree;retrait_ferme;
CMD003358;C0076;2025-10-25;5;1.5;1.90;livrée;domicile;
CMD003358;C0076;2025-10-25;24;1;5,94;Livrée;domicile;
CMD003358;C0076;2025-10-25;14;2;4.90;livrée;domicile;
CMD003358;C0076;2025-10-25;35;4;4.13;livrée;domicile;
CMD003359;C0219;2025-10-25;35;1;4.13;Livrée;domicile;
CMD003359;C0219;2025-10-25;3;1,5;3,60;Livrée;domicile;
CMD003359;C0219;2025-10-25;1;1.5;4.20;Livree;domicile;
CMD003359;C0219;25/10/2025;8;2;2.60;livrée;domicile;
CMD003359;C0219;2025-10-25;5;3;1.90;LIVREE;domicile;
CMD003360;C0085;2025-10-25;30;0,2;24,00;Livrée;point_relais;
CMD003360;C0085;2025-10-25;2;1;2.80;Livree;point_relais;
CMD003360;C0085;2025-10-25;35;3;4.13;Livrée;point_relais;
CMD003361;C0098;2025-10-25;40;4;3.71;livrée;point_relais;
CMD003362;C0176;2025-10-25;23;1;13.25;Livree;domicile;
CMD003363;C0185;2025-10-25;10;1.5;2.90;LIVREE;point_relais;
CMD003363;C0185;2025-10-25;11;1.5;3.20;Livree;Point_relais;
CMD003363;C0185;2025-10-25;20;2;8,69;Livree;point_relais;
CMD003364;C0176;2025-10-25;13;2;5.40;LIVREE;domicile;
CMD003364;C0176;2025-10-25;2;1;2,80;Livrée;domicile;
CMD003365;C0253;2025-10-25;14;0.5;4.90;Livrée;domicile;
CMD003365;C0253;2025-10-25;24;1;5.94;Livrée;Domicile;
CMD003366;C0081;2025-10-25;27;1;3.40;Livree;domicile;
CMD003366;C0081;25/10/2025;16;0,5;8.50;livrée;domicile;
CMD003367;C0188;25-10-25;36;2;5.51;LIVREE;Domicile;
CMD003367;C0188;2025-10-25;24;2;5.94;LIVREE;domicile;
CMD003367;C0188;2025-10-25;37;1;3.10;livrée;domicile;
CMD003367;C0188;2025-10-25;2;0.5;2.80;LIVREE;domicile;
CMD003368;C0070;2025-10-25;16;0,5;8.50;Livrée;point_relais;
CMD003368;C0070;25/10/2025;34;1;5.09;LIVREE;point_relais;
CMD003369;C0211;2025-10-25;5;2;1,90;livrée;domicile;
CMD003369;C0211;2025-10-25;6;2;1.40;Livrée;domicile;
CMD003370;C0107;2025-10-26;22;1;5.09;LIVREE;Point_relais;
CMD003371;C0176;26-10-25;12;1;3.50;LIVREE;Retrait_ferme;
CMD003371;C0176;2025-10-26;37;1;3.10;Livrée;retrait_ferme;
CMD003371;C0176;2025-10-26;24;3;5,94;livrée;Retrait_ferme;
CMD003372;C0166;2025-10-26;10;1;2.90;Livree;domicile;
CMD003372;C0166;2025-10-26;29;0.2;28.00;Livree;domicile;
CMD003372;C0166;2025-10-26;3;0.5;3.60;LIVREE;domicile;
CMD003373;C0237;2025-10-26;1;3;4,20;livrée;domicile;
CMD003373;C0237;2025-10-26;2;0.5;2.80;Livree;domicile;
CMD003374;C0028;2025-10-26;37;2;3.10;Livrée;Domicile;
CMD003374;C0028;2025-10-26;7;0.5;4.50;livrée;domicile;
CMD003374;C0028;2025-10-26;21;2;10.49;livrée;domicile;
CMD003375;C0133;2025-10-26;10;1;2.90;Livree;domicile;
CMD003375;C0133;2025-10-26;40;4;3.71;livrée;domicile;
CMD003376;C0031;2025-10-26;38;3;5.60;livrée;point_relais;
CMD003376;C0031;2025-10-26;2;0.5;2.80;LIVREE;point_relais;
CMD003376;C0031;26/10/2025;33;1;4.45;livrée;point_relais;
CMD003376;C0031;2025-10-26;9;2;9.00;Livrée;point_relais;
CMD003377;C0161;2025-10-26;19;2;7.95;livrée;retrait_ferme;
CMD003377;C0161;2025-10-26;3;0.5;3,60;Livrée;retrait_ferme;
CMD003377;C0161;2025-10-26;31;2;1.20;Livrée;retrait_ferme;
CMD003378;C0103;2025-10-26;36;4;5.51;Livree;retrait_ferme;
CMD003378;C0103;2025-10-26;33;1;4,45;Livrée;retrait_ferme;
CMD003378;C0103;2025-10-26;19;1;7.95;livrée;retrait_ferme;
CMD003378;C0103;2025-10-26;5;3;1,90;livrée;retrait_ferme;
CMD003378;C0103;26-10-25;14;0.5;4,90;livrée;Retrait_ferme;
CMD003379;C0189;26/10/2025;2;2;2.80;LIVREE;point_relais;
CMD003379;C0189;2025-10-26;11;0.5;3.20;LIVREE;point_relais;
CMD003379;C0189;26/10/2025;20;2;8,69;Livree;point_relais;
CMD003379;C0189;2025-10-26;8;1.5;2.60;Livrée;point_relais;
CMD003380;C0028;26/10/2025;5;2;1.90;LIVREE;point_relais;
CMD003380;C0028;26-10-25;27;2;3,40;Livrée;Point_relais;
CMD003380;C0028;2025-10-26;4;1;2,10;Livree;point_relais;
CMD003381;C0272;2025-10-26;14;0.5;4.90;LIVREE;point_relais;
CMD003381;C0272;2025-10-26;21;1;10.49;Livree;Point_relais;
CMD003382;C0163;26/10/2025;14;2;4,90;LIVREE;domicile;
CMD003382;C0163;2025-10-26;37;2;3.10;Livrée;domicile;
CMD003383;C0270;2025-10-26;33;2;4,45;LIVREE;point_relais;
CMD003384;C0161;2025-10-26;36;3;5,51;LIVREE;Point_relais;
CMD003385;C0182;2025-10-26;39;3;5.19;Livrée;domicile;
CMD003385;C0182;26/10/2025;31;3;1.20;Livree;domicile;
CMD003386;C0091;2025-10-26;5;1;1.90;Livree;point_relais;
CMD003386;C0091;2025-10-26;40;1;3.71;Livree;point_relais;
CMD003386;C0091;2025-10-26;33;2;4.45;Livrée;point_relais;
CMD003387;C0291;2025-10-27;37;1;3.10;Livree;domicile;
CMD003387;C0291;2025-10-27;22;2;5,09;LIVREE;domicile;
CMD003387;C0291;2025-10-27;3;3;3.60;Livree;domicile;
CMD003388;C0181;2025-10-27;12;1,5;3.50;LIVREE;point_relais;
CMD003389;C0137;2025-10-27;32;1;2,20;Livree;retrait_ferme;
CMD003389;C0137;27/10/2025;7;3;4,50;livrée;retrait_ferme;
CMD003389;C0137;2025-10-27;20;3;8.69;LIVREE;retrait_ferme;
CMD003390;C0285;27/10/2025;39;2;5.19;Livree;domicile;
CMD003390;C0285;2025-10-27;28;1;1.90;LIVREE;domicile;
CMD003390;C0285;2025-10-27;7;2;4.50;Livree;domicile;
CMD003391;C0010;2025-10-27;2;0.5;2,80;Livree;domicile;
CMD003391;C0010;2025-10-27;33;2;4,45;Livrée;domicile;
CMD003392;C0016;2025-10-27;22;3;5,09;LIVREE;domicile;
CMD003392;C0016;2025-10-27;36;1;5.51;livrée;domicile;
CMD003393;C0275;2025-10-27;16;2;8,50;Livree;point_relais;
CMD003393;C0275;2025-10-27;11;1;3,20;LIVREE;point_relais;
CMD003393;C0275;2025-10-27;28;2;1.90;livrée;point_relais;
CMD003394;C0185;2025-10-27;7;1;4.50;Livrée;domicile;
CMD003395;C0217;2025-10-28;25;1;5.19;LIVREE;point_relais;
CMD003395;C0217;2025-10-28;22;1;5,09;Livrée;point_relais;
CMD003395;C0217;2025-10-28;1;1;4.20;Livree;point_relais;
CMD003396;C0161;2025-10-28;20;2;8.69;Livrée;retrait_ferme;
CMD003396;C0161;2025-10-28;27;1;3,40;LIVREE;retrait_ferme;
CMD003396;C0161;2025-10-28;36;3;5.51;LIVREE;retrait_ferme;
CMD003397;C0183;2025-10-28;31;2;1,20;Livrée;domicile;
CMD003397;C0183;2025-10-28;21;3;10,49;Livree;domicile;
CMD003398;C0252;2025-10-28;8;0.5;2,60;LIVREE;retrait_ferme;
CMD003399;C0065;2025-10-28;29;0.2;28.00;Livrée;domicile;
CMD003399;C0065;28-10-25;23;1;13.25;LIVREE;domicile;
CMD003400;C0290;28/10/2025;11;2;3,20;Livree;point_relais;
CMD003400;C0290;2025-10-28;40;4;3,71;LIVREE;point_relais;
CMD003400;C0290;2025-10-28;7;1.5;4,50;livrée;point_relais;
CMD003401;C0274;2025-10-28;9;3;9.00;Livree;domicile;
CMD003401;C0274;2025-10-28;20;1;8.69;livrée;domicile;
CMD003402;C0152;2025-10-28;30;0.5;24.00;livrée;domicile;
CMD003402;C0152;2025-10-28;40;1;3,71;Livrée;domicile;
CMD003402;C0152;2025-10-28;4;3;2.10;Livree;Domicile;
CMD003402;C0978;2025-10-28;3;1;3.60;livrée;domicile;
CMD003403;C0010;29-10-25;3;1.5;3.60;livrée;domicile;
CMD003403;C0010;29-10-25;35;4;4.13;Livree;domicile;
CMD003404;C0057;2025-10-29;38;2;5,60;Livrée;retrait_ferme;
CMD003404;C0057;2025-10-29;39;1;5,19;Livree;retrait_ferme;
CMD003404;C0057;2025-10-29;7;0.5;4.50;LIVREE;retrait_ferme;
CMD003405;C0236;2025-10-29;26;2;8,90;livrée;domicile;
CMD003405;C0236;2025-10-29;6;1;1.40;LIVREE;domicile;
CMD003405;C0236;2025-10-29;20;2;8.69;LIVREE;Domicile;
CMD003406;C0086;2025-10-29;23;3;13,25;Livree;domicile;
CMD003406;C0086;2025-10-29;14;3;4.90;Livrée;Domicile;
CMD003407;C0060;2025-10-29;40;4;3.71;LIVREE;point_relais;
CMD003407;C0060;2025-10-29;35;1;4.13;Livrée;point_relais;
CMD003408;C0147;29/10/2025;2;0.5;2,80;Livrée;retrait_ferme;
CMD003409;C0163;29/10/2025;31;3;1.20;LIVREE;retrait_ferme;
CMD003410;C0038;2025-10-29;13;3;5.40;Livrée;point_relais;
CMD003410;C0038;29/10/2025;29;0,5;28,00;LIVREE;point_relais;
CMD003411;C0232;2025-10-29;12;2;3.50;Livrée;domicile;
CMD003412;C0110;2025-10-29;1;1;4.20;livrée;Point_relais;
CMD003412;C0110;2025-10-29;17;2;3.00;Livrée;point_relais;
CMD003413;C0145;2025-10-29;14;3;4.90;LIVREE;point_relais;
CMD003413;C0145;2025-10-29;40;3;3.71;Livree;point_relais;
CMD003413;C0145;2025-10-29;13;3;5,40;Livree;point_relais;
CMD003414;C0080;2025-10-29;29;0.5;28.00;Livrée;point_relais;
CMD003414;C0080;29/10/2025;17;2;3.00;Livrée;point_relais;
CMD003414;C0080;2025-10-29;27;4;3.40;LIVREE;point_relais;
CMD003415;C0126;29-10-25;25;N/A;5.19;Livrée;point_relais;
CMD003415;C0126;2025-10-29;28;2;1.90;livrée;point_relais;
CMD003415;C0126;29/10/2025;32;4;2,20;livrée;point_relais;
CMD003416;C0301;2025-10-29;22;2;5.09;livrée;domicile;
CMD003416;C0301;2025-10-29;23;1;13.25;Livrée;domicile;
CMD003416;C0301;2025-10-29;39;1;5.19;Livrée;domicile;
CMD003417;C0091;2025-10-30;23;3;13.25;LIVREE;point_relais;
CMD003417;C0091;2025-10-30;21;1;10.49;livrée;point_relais;
CMD003417;C0091;2025-10-30;22;1;5.09;Livrée;point_relais;
CMD003418;C0064;2025-10-30;18;2;4,20;livrée;point_relais;
CMD003419;C0241;2025-10-30;2;3;2.80;Livrée;domicile;
CMD003419;C0241;2025-10-30;38;3;5,60;Livrée;domicile;
CMD003419;C0241;30/10/2025;26;2;8,90;Livree;domicile;
CMD003419;C0241;2025-10-30;32;1;2.20;LIVREE;domicile;
CMD003419;C0241;30-10-25;24;1;5,94;livrée;domicile;
CMD003420;C0274;30-10-25;3;1,5;3.60;LIVREE;retrait_ferme;
CMD003421;C0098;2025-10-30;12;2;3.50;Livrée;domicile;
CMD003421;C0098;2025-10-30;16;1;8.50;Livrée;domicile;
CMD003421;C0098;2025-10-30;35;2;4.13;Livrée;domicile;
CMD003422;C0297;2025-10-30;22;1;5.09;Livrée;domicile;
CMD003423;C0113;2025-10-30;37;2;3.10;Livrée;point_relais;
CMD003424;C0151;2025-10-30;11;2;3.20;livrée;domicile;
CMD003424;C0151;30/10/2025;17;3;3.00;livrée;domicile;
CMD003424;C0151;30/10/2025;1;1;4,20;Livrée;domicile;
CMD003424;C0151;2025-10-30;23;4;13.25;Livrée;domicile;
CMD003425;C0093;2025-10-30;36;1;5,51;Livrée;domicile;
CMD003425;C0093;2025-10-30;19;2;7,95;Livree;domicile;
CMD003426;C0221;2025-10-30;16;1;8,50;Livree;point_relais;
CMD003427;C0286;30-10-25;7;1.5;4.50;livrée;domicile;
CMD003428;C0099;2025-10-30;28;2;1,90;LIVREE;domicile;
CMD003428;C0099;30-10-25;37;2;3,10;livrée;domicile;
CMD003428;C0099;30/10/2025;10;1;2.90;livrée;domicile;
CMD003429;C0216;2025-10-31;19;2;7,95;livrée;point_relais;
CMD003429;C0216;31/10/2025;34;1;5.09;livrée;point_relais;
CMD003429;C0216;2025-10-31;33;1;4.45;Livree;point_relais;
CMD003430;C0112;2025-10-31;21;1;10.49;annulee;domicile;météo
CMD003430;C0112;2025-10-31;40;3;3.71;ANNULEE;domicile;météo
CMD003431;C0081;2025-10-31;21;2;10.49;LIVREE;point_relais;
CMD003431;C0081;31/10/2025;14;1,5;4,90;LIVREE;Point_relais;
CMD003432;C0168;2025-10-31;23;2;13,25;Livree;point_relais;
CMD003432;C0168;31/10/2025;38;3;5.60;Livree;point_relais;
CMD003432;C0168;31/10/2025;34;3;5,09;livrée;point_relais;
CMD003432;C0168;2025-10-31;39;0,5;5.19;Livrée;point_relais;
CMD003433;C0196;31-10-25;17;4;3,00;Livree;domicile;
CMD003433;C0196;2025-10-31;12;3;3.50;Livree;domicile;
CMD003433;C0196;2025-10-31;3;0,5;3.60;livrée;Domicile;
CMD003434;C0098;31/10/2025;14;3;4,90;Livrée;point_relais;
CMD003435;C0107;2025-10-31;39;1;5.19;LIVREE;domicile;
CMD003435;C0107;2025-10-31;39;1;5.19;LIVREE;domicile;
CMD003435;C0107;2025-10-31;29;0,5;28.00;LIVREE;domicile;
CMD003436;C0199;01/11/2025;16;0.5;8.50;livrée;retrait_ferme;
CMD003436;C0199;2025-11-01;7;1;4.50;Livrée;retrait_ferme;
CMD003436;C0199;2025-11-01;29;0,5;28.00;LIVREE;retrait_ferme;
CMD003437;C0074;2025-11-01;22;1;5.09;Livrée;Point_relais;
CMD003438;C0205;01-11-25;9;2;9.00;livrée;domicile;
CMD003439;C0151;2025-11-01;33;4;4,45;LIVREE;domicile;
CMD003439;C0151;2025-11-01;18;1;4.20;Livrée;domicile;
CMD003439;C0151;2025-11-01;23;4;13.25;Livrée;domicile;
CMD003440;C0166;2025-11-01;40;3;3.71;LIVREE;domicile;
CMD003441;C0224;2025-11-01;14;1.5;4.90;LIVREE;Point_relais;
CMD003441;C0224;2025-11-01;26;2;8,90;LIVREE;point_relais;
CMD003442;C0147;2025-11-01;39;0.5;5.19;Livrée;domicile;
CMD003442;C0947;01/11/2025;27;3;3.40;Livree;domicile;
CMD003442;C0147;2025-11-01;29;0.5;28.00;Livrée;domicile;
CMD003442;C0147;2025-11-01;15;1;5.80;Livrée;domicile;
CMD003443;C0126;2025-11-01;3;3;3,60;Livrée;point_relais;
CMD003443;C0126;2025-11-01;14;0.5;4,90;livrée;point_relais;
CMD003443;C0126;2025-11-01;19;1;7.95;Livrée;point_relais;
CMD003444;C0113;2025-11-01;20;1;8,69;Livree;domicile;
CMD003444;C0113;2025-11-01;27;2;3.40;LIVREE;domicile;
CMD003444;C0113;2025-11-01;32;1;2,20;Livree;domicile;
CMD003444;C0113;01-11-25;25;2;5.19;Livree;domicile;
CMD003445;C0224;01/11/2025;40;1;3.71;LIVREE;point_relais;
CMD003445;C0224;01/11/2025;8;1;2.60;Livrée;Point_relais;
CMD003445;C0224;2025-11-01;22;3;5,09;Livrée;point_relais;
CMD003445;C0224;01-11-25;10;0.5;2,90;Livrée;point_relais;
CMD003446;C0207;2025-11-01;30;0,2;24.00;LIVREE;Point_relais;
CMD003446;C0207;01/11/2025;34;2;5.09;Livrée;point_relais;
CMD003447;C0203;01/11/2025;5;0.5;1.90;livrée;domicile;
CMD003448;C0078;01-11-25;12;1;3.50;LIVREE;domicile;
CMD003448;C0078;2025-11-01;23;4;13,25;Livree;domicile;
CMD003448;C0078;2025-11-01;19;4;7,95;LIVREE;domicile;
CMD003448;C0078;2025-11-01;19;4;7,95;LIVREE;domicile;
CMD003449;C0015;2025-11-01;13;3;5.40;LIVREE;retrait_ferme;
CMD003449;C0015;2025-11-01;14;1;4,90;LIVREE;retrait_ferme;
CMD003449;C0015;2025-11-01;2;1.5;2,80;livrée;retrait_ferme;
CMD003449;C0015;2025-11-01;18;3;4.20;Livree;retrait_ferme;
CMD003450;C0166;2025-11-01;30;0,2;24,00;annulée;point_relais;météo
CMD003450;C0166;2025-11-01;24;3;5,94;annulée;point_relais;météo
CMD003450;C0166;01/11/2025;34;1;5.09;annulée;point_relais;météo
CMD003450;C0166;2025-11-01;20;4;8.69;annulée;point_relais;météo
CMD003450;C0166;01/11/2025;37;4;3.10;Annulée;point_relais;météo
CMD003451;C0264;2025-11-01;27;2;3,40;LIVREE;point_relais;
CMD003451;C0264;2025-11-01;37;1;3.10;LIVREE;point_relais;
CMD003452;C0107;2025-11-02;4;2;2.10;livrée;Domicile;
CMD003453;C0062;02/11/2025;20;2;8.69;LIVREE;domicile;
CMD003453;C0062;02/11/2025;37;3;3.10;Livree;domicile;
CMD003453;C0062;2025-11-02;14;3;4.90;Livrée;domicile;
CMD003454;C0044;2025-11-02;19;1;7,95;livrée;domicile;
CMD003454;C0044;2025-11-02;17;1;3.00;LIVREE;domicile;
CMD003455;C0097;2025-11-02;13;0,5;5.40;livrée;domicile;
CMD003455;C0097;2025-11-02;26;2;8,90;LIVREE;Domicile;
CMD003456;C0188;02-11-25;19;4;7.95;Livrée;point_relais;
CMD003456;C0188;02/11/2025;10;1;2.90;livrée;point_relais;
CMD003456;C0188;2025-11-02;9;1;9.00;Livrée;point_relais;
CMD003456;C0188;2025-11-02;4;1;2.10;Livrée;point_relais;
CMD003456;C0188;2025-11-02;5;1;1.90;LIVREE;point_relais;
CMD003457;C0245;02/11/2025;16;0.5;8,50;LIVREE;domicile;
CMD003457;C0245;2025-11-02;31;1;1,20;Livrée;domicile;
CMD003457;C0245;2025-11-02;2;0.5;2.80;LIVREE;domicile;
CMD003457;C0245;02/11/2025;19;1;7.95;LIVREE;domicile;
CMD003457;C0245;2025-11-02;36;2;5.51;Livree;domicile;
CMD003458;C0081;2025-11-02;27;1;3.40;Livrée;domicile;
CMD003459;C0065;2025-11-02;8;2;2.60;Livrée;Domicile;
CMD003460;C0145;2025-11-02;17;4;3.00;Livree;retrait_ferme;
CMD003460;C0145;2025-11-02;35;1;4.13;LIVREE;retrait_ferme;
CMD003461;C0131;2025-11-02;27;2;3,40;ANNULEE;domicile;client absent
CMD003461;C0131;2025-11-02;21;2;10.49;ANNULEE;domicile;client absent
CMD003461;C0131;02/11/2025;10;1;2.90;Annulée;domicile;client absent
CMD003461;C0131;02/11/2025;18;2;4.20;annulee;domicile;client absent
CMD003461;C0131;2025-11-02;6;1;1,40;ANNULEE;domicile;client absent
CMD003462;C0285;2025-11-03;33;3;4.45;livrée;point_relais;
CMD003462;C0285;2025-11-03;33;3;4.45;livrée;point_relais;
CMD003462;C0285;2025-11-03;38;2;5.60;Livrée;point_relais;
CMD003462;C0285;2025-11-03;6;3;1,40;Livrée;point_relais;
CMD003463;C0162;2025-11-03;23;1;13.25;annulee;domicile;paiement refusé
CMD003464;C0252;2025-11-03;29;0,2;28,00;Livree;domicile;
CMD003465;C0185;2025-11-03;37;4;3.10;LIVREE;retrait_ferme;
CMD003466;C0018;03/11/2025;26;1;8,90;LIVREE;domicile;
CMD003466;C0018;2025-11-03;21;1;10.49;Livree;domicile;
CMD003467;C0228;2025-11-03;9;1;9.00;Livree;retrait_ferme;
CMD003467;C0228;2025-11-03;39;2;5.19;Livree;retrait_ferme;
CMD003467;C0228;2025-11-03;30;0.5;24.00;livrée;retrait_ferme;
CMD003468;C0172;03-11-25;14;0.5;4,90;Livrée;point_relais;
CMD003468;C0172;2025-11-03;40;4;3.71;LIVREE;point_relais;
CMD003468;C0172;03/11/2025;32;2;2.20;Livree;point_relais;
CMD003468;C0172;2025-11-03;11;1;3,20;livrée;point_relais;
CMD003468;C0172;2025-11-03;5;1,5;1.90;Livree;point_relais;
CMD003469;C0021;2025-11-03;3;1,5;3.60;livrée;retrait_ferme;
CMD003469;C0021;2025-11-03;17;4;3.00;Livree;retrait_ferme;
CMD003470;C0133;2025-11-03;6;2;1.40;Livrée;point_relais;
CMD003471;C0222;2025-11-04;21;3;10.49;Livrée;domicile;
CMD003471;C0222;2025-11-04;18;2;4.20;Livree;domicile;
CMD003471;C0222;04/11/2025;15;1;5.80;livrée;domicile;
CMD003472;C0264;2025-11-04;21;2;10.49;livrée;domicile;
CMD003472;C0264;2025-11-04;30;0,5;24,00;livrée;domicile;
CMD003472;C0264;2025-11-04;8;1,5;2.60;livrée;domicile;
CMD003473;C0170;2025-11-04;31;3;1.20;livrée;domicile;
CMD003474;C0013;2025-11-04;33;2;4.45;Livree;retrait_ferme;
CMD003474;C0013;04-11-25;11;1;3.20;Livrée;retrait_ferme;
CMD003474;C0013;2025-11-04;20;2;8.69;Livree;Retrait_ferme;
CMD003475;C0168;2025-11-04;39;1;5.19;LIVREE;domicile;
CMD003475;C0168;2025-11-04;16;2;8,50;LIVREE;domicile;
CMD003475;C0168;2025-11-04;19;1;7.95;Livree;domicile;
CMD003475;C0168;2025-11-04;29;0.2;28,00;livrée;domicile;
CMD003476;C0271;2025-11-04;29;0.2;28.00;livrée;retrait_ferme;
CMD003476;C0271;2025-11-04;25;1;5.19;Livree;retrait_ferme;
CMD003477;C0151;2025-11-04;4;2;2,10;annulee;domicile;annulation client
CMD003478;C0264;2025-11-05;22;4;5,09;Livrée;domicile;
CMD003478;C0264;05/11/2025;2;1;2.80;LIVREE;domicile;
CMD003478;C0264;2025-11-05;6;3;1.40;Livrée;domicile;
CMD003478;C0264;2025-11-05;35;2;4.13;LIVREE;domicile;
CMD003479;C0056;2025-11-05;16;3;8.50;Livrée;Point_relais;
CMD003480;C0193;2025-11-05;25;3;5,19;Livree;domicile;
CMD003480;C0193;2025-11-05;9;3;9.00;livrée;domicile;
CMD003480;C0193;2025-11-05;13;1.5;5,40;livrée;domicile;
CMD003481;C0201;2025-11-05;35;1;4.13;LIVREE;point_relais;
CMD003481;C0201;2025-11-05;7;1.5;4.50;Livrée;Point_relais;
CMD003482;C0095;05/11/2025;18;1;4.20;Livree;domicile;
CMD003482;C0095;05/11/2025;36;1;5.51;livrée;Domicile;
CMD003482;C0095;2025-11-05;30;0,5;24.00;livrée;domicile;
CMD003483;C0166;2025-11-05;40;2;3.71;livrée;point_relais;
CMD003483;C0166;2025-11-05;38;3;5.60;Livrée;point_relais;
CMD003483;C0166;2025-11-05;25;3;5.19;Livrée;point_relais;
CMD003484;C0241;2025-11-05;10;3;2.90;livrée;domicile;
CMD003484;C0241;2025-11-05;3;2;3,60;livrée;domicile;
CMD003485;C0297;2025-11-05;5;3;1.90;Livrée;domicile;
CMD003485;C0997;2025-11-05;35;3;4,13;Livrée;domicile;
CMD003486;C0261;2025-11-05;34;3;5,09;LIVREE;Domicile;
CMD003486;C0261;2025-11-05;7;1;4.50;livrée;domicile;
CMD003487;C0166;2025-11-05;32;4;2.20;Livrée;point_relais;
CMD003487;C0166;2025-11-05;27;2;3.40;livrée;point_relais;
CMD003487;C0166;2025-11-05;26;2;8.90;LIVREE;point_relais;
CMD003488;C0065;2025-11-05;25;1;5.19;Livree;domicile;
CMD003488;C0065;2025-11-05;11;3;3.20;LIVREE;domicile;
CMD003489;C0073;2025-11-06;27;2;3,40;Livree;point_relais;
CMD003489;C0073;2025-11-06;14;0,5;4,90;Livree;point_relais;
CMD003489;C0073;06-11-25;1;2;4.20;Livrée;point_relais;
CMD003489;C0073;2025-11-06;29;0.5;28.00;Livrée;point_relais;
CMD003489;C0073;2025-11-06;31;2;1.20;livrée;point_relais;
CMD003490;C0143;2025-11-06;20;1;8,69;Livree;point_relais;
CMD003491;C0081;2025-11-06;12;2;3.50;livrée;domicile;
CMD003491;C0081;2025-11-06;17;1;3,00;livrée;Domicile;
CMD003492;C0224;06/11/2025;31;4;1.20;Livrée;domicile;
CMD003492;C0224;2025-11-06;6;1;1.40;livrée;domicile;
CMD003493;C0097;2025-11-06;2;1;2.80;livrée;retrait_ferme;
CMD003494;C0170;2025-11-06;18;2;4,20;Livree;domicile;
CMD003495;C0183;2025-11-06;15;3;5,80;Livrée;retrait_ferme;
CMD003495;C0183;2025-11-06;27;3;3,40;livrée;retrait_ferme;
CMD003496;C0064;2025-11-06;3;3;3.60;LIVREE;domicile;
CMD003497;C0107;2025-11-06;33;2;4.45;livrée;point_relais;
CMD003497;C0107;06/11/2025;36;1;5.51;Livrée;point_relais;
CMD003497;C0107;2025-11-06;4;1.5;2.10;livrée;point_relais;
CMD003498;C0306;2025-11-06;37;4;3.10;LIVREE;retrait_ferme;
CMD003499;C0295;2025-11-06;32;3;2.20;Livrée;domicile;
CMD003499;C0295;06/11/2025;30;0.2;24.00;Livree;Domicile;
CMD003500;C0281;07-11-25;22;3;5.09;Livrée;point_relais;
CMD003500;C0281;2025-11-07;18;1;4.20;livrée;point_relais;
CMD003500;C0281;2025-11-07;19;1;7.95;LIVREE;point_relais;
CMD003501;C0002;2025-11-07;25;3;5.19;LIVREE;point_relais;
CMD003501;C0002;2025-11-07;32;4;2,20;Livrée;Point_relais;
CMD003501;C0002;2025-11-07;33;1;4.45;livrée;point_relais;
CMD003502;C0216;2025-11-07;15;3;5.80;Livree;point_relais;
CMD003502;C0216;2025-11-07;35;1;4.13;Livrée;point_relais;
CMD003503;C0287;2025-11-07;23;1;13.25;LIVREE;domicile;
CMD003503;C0287;07-11-25;21;2;10.49;Livree;domicile;
CMD003503;C0287;2025-11-07;32;2;2.20;Livrée;domicile;
CMD003504;C0254;2025-11-07;7;1;4.50;livrée;point_relais;
CMD003504;C0254;2025-11-07;13;0.5;5,40;LIVREE;point_relais;
CMD003504;C0254;2025-11-07;24;4;5.94;Livrée;point_relais;
CMD003505;C0170;2025-11-07;7;1.5;4,50;annulee;Domicile;météo
CMD003506;C0176;2025-11-07;38;4;5.60;livrée;point_relais;
CMD003506;C0176;07-11-25;32;4;2.20;Livree;point_relais;
CMD003506;C0176;2025-11-07;23;3;13.25;livrée;point_relais;
CMD003506;C0176;2025-11-07;15;1.5;5.80;livrée;point_relais;
CMD003507;C0176;07/11/2025;23;1;13,25;livrée;point_relais;
CMD003507;C0176;2025-11-07;26;1;8,90;LIVREE;point_relais;
CMD003508;C0095;2025-11-07;10;1.5;2,90;LIVREE;domicile;
CMD003508;C0095;2025-11-07;16;0.5;8,50;Livree;domicile;
CMD003509;C0187;2025-11-07;36;1;5,51;Livree;point_relais;
CMD003509;C0187;2025-11-07;12;1;3.50;Livree;point_relais;
CMD003510;C0236;07-11-25;13;2;5.40;livrée;point_relais;
CMD003511;C0147;2025-11-08;37;4;3.10;LIVREE;point_relais;
CMD003511;C0147;2025-11-08;30;0,5;24.00;livrée;point_relais;
CMD003511;C0147;08/11/2025;27;2;3.40;livrée;point_relais;
CMD003511;C0147;08/11/2025;24;2;5,94;LIVREE;point_relais;
CMD003512;C0005;2025-11-08;21;3;10.49;Livree;domicile;
CMD003512;C0005;2025-11-08;14;1;4.90;Livrée;domicile;
CMD003512;C0005;2025-11-08;18;1;4.20;Livree;domicile;
CMD003512;C0005;2025-11-08;4;2;2.10;Livree;domicile;
CMD003512;C0005;2025-11-08;20;1;8.69;LIVREE;domicile;
CMD003513;C0055;2025-11-08;3;1.5;3.60;Livree;point_relais;
CMD003514;C0215;2025-11-08;17;4;3.00;livrée;domicile;
CMD003515;C0223;2025-11-08;8;3;2,60;LIVREE;point_relais;
CMD003516;C0178;2025-11-08;31;2;1.20;Livree;domicile;
CMD003516;C0178;2025-11-08;6;3;1,40;LIVREE;domicile;
CMD003517;C0946;2025-11-08;17;2;3.00;Livree;domicile;
CMD003517;C0021;08/11/2025;14;1;4.90;livrée;domicile;
CMD003517;C0021;2025-11-08;22;3;5.09;LIVREE;domicile;
CMD003517;C0021;08/11/2025;11;0.5;3,20;Livrée;domicile;
CMD003518;C0169;08-11-25;35;3;4,13;Livrée;point_relais;
CMD003518;C0169;2025-11-08;12;0.5;3.50;LIVREE;point_relais;
CMD003518;C0169;2025-11-08;34;3;5,09;LIVREE;point_relais;
CMD003519;C0055;2025-11-08;8;0.5;2.60;livrée;point_relais;
CMD003519;C0055;2025-11-08;32;1;2.20;LIVREE;point_relais;
CMD003519;C0055;2025-11-08;17;1;3,00;livrée;point_relais;
CMD003520;C0172;2025-11-08;11;1;3.20;Livree;domicile;
CMD003520;C0172;2025-11-08;7;0.5;4,50;LIVREE;domicile;
CMD003521;C0134;08/11/2025;19;1;7.95;livrée;point_relais;
CMD003521;C0134;08-11-25;6;1;1.40;Livrée;point_relais;
CMD003521;C0134;2025-11-08;36;3;5.51;Livrée;point_relais;
CMD003522;C0261;2025-11-08;26;2;8.90;LIVREE;domicile;
CMD003522;C0261;2025-11-08;39;0.5;5.19;livrée;domicile;
CMD003523;C0080;2025-11-08;31;2;1,20;Livrée;retrait_ferme;
CMD003523;C0080;2025-11-08;16;3;8,50;Livree;retrait_ferme;
CMD003523;C0080;08/11/2025;5;2;1.90;Livrée;retrait_ferme;
CMD003523;C0080;2025-11-08;7;1,5;4.50;Livrée;retrait_ferme;
CMD003523;C0080;2025-11-08;23;1;13,25;LIVREE;retrait_ferme;
CMD003524;C0260;2025-11-08;35;1;4.13;Livrée;domicile;
CMD003524;C0260;2025-11-08;8;1;2.60;livrée;domicile;
CMD003524;C0260;08/11/2025;28;1;1,90;livrée;domicile;
CMD003525;C0222;2025-11-09;34;1;5,09;LIVREE;point_relais;
CMD003525;C0222;2025-11-09;21;1;10.49;livrée;point_relais;
CMD003526;C0306;09/11/2025;4;1;2.10;LIVREE;point_relais;
CMD003526;C0306;09-11-25;23;3;13.25;Livrée;point_relais;
CMD003527;C0036;2025-11-09;33;2;4.45;LIVREE;domicile;
CMD003527;C0036;2025-11-09;13;1;5.40;Livrée;domicile;
CMD003528;C0150;2025-11-09;25;1;5,19;Livrée;domicile;
CMD003528;C0150;2025-11-09;22;4;5.09;Livrée;domicile;
CMD003528;C0150;2025-11-09;6;2;1.40;Livree;domicile;
CMD003528;C0150;2025-11-09;21;2;10.49;livrée;domicile;
CMD003529;C0016;2025-11-09;17;4;3,00;Livrée;domicile;
CMD003530;C0260;2025-11-09;24;3;5.94;Livrée;point_relais;
CMD003531;C0227;2025-11-09;1;3;4,20;Livree;domicile;
CMD003531;C0227;09/11/2025;3;0.5;3.60;LIVREE;domicile;
CMD003531;C0227;09/11/2025;3;0.5;3.60;LIVREE;domicile;
CMD003532;C0121;2025-11-09;26;2;8,90;Livrée;domicile;
CMD003533;C0001;2025-11-09;35;3;4,13;Livree;domicile;
CMD003533;C0001;2025-11-09;17;2;3.00;LIVREE;domicile;
CMD003533;C0001;2025-11-09;27;1;3.40;livrée;domicile;
CMD003533;C0001;2025-11-09;39;3;5.19;Livrée;domicile;
CMD003534;C0197;2025-11-09;16;0,5;8.50;Livrée;domicile;
CMD003534;C0197;09/11/2025;27;1;3,40;livrée;domicile;
CMD003534;C0197;2025-11-09;29;0.5;28.00;LIVREE;domicile;
CMD003535;C0183;2025-11-09;39;3;5,19;Livrée;retrait_ferme;
CMD003535;C0183;2025-11-09;11;1;3,20;Livree;retrait_ferme;
CMD003535;C0183;2025-11-09;18;2;4.20;LIVREE;retrait_ferme;
CMD003535;C0183;2025-11-09;34;1;5.09;Livrée;Retrait_ferme;
CMD003536;C0211;2025-11-10;21;2;10.49;Annulée;retrait_ferme;rupture de stock
CMD003536;C0211;10/11/2025;35;2;4.13;Annulée;retrait_ferme;rupture de stock
CMD003536;C0211;2025-11-10;27;1;3.40;ANNULEE;retrait_ferme;rupture de stock
CMD003537;C0027;10-11-25;9;1,5;9,00;Livrée;point_relais;
CMD003537;C0027;2025-11-10;15;0.5;5.80;Livree;point_relais;
CMD003538;C0105;2025-11-10;28;4;1,90;LIVREE;domicile;
CMD003538;C0105;2025-11-10;6;N/A;1,40;Livrée;domicile;
CMD003539;C0172;2025-11-10;13;0.5;5.40;LIVREE;point_relais;
CMD003539;C0172;2025-11-10;22;3;5,09;Livree;point_relais;
CMD003539;C0172;10/11/2025;32;3;2.20;LIVREE;point_relais;
CMD003539;C0172;2025-11-10;6;1;1,40;livrée;point_relais;
CMD003540;C0176;2025-11-10;29;0.2;28.00;ANNULEE;domicile;météo
CMD003540;C0176;10/11/2025;14;1;4.90;Annulée;domicile;météo
CMD003540;C0176;10-11-25;18;4;4,20;Annulée;domicile;météo
CMD003541;C0037;2025-11-10;38;4;5.60;Livrée;point_relais;
CMD003541;C0037;2025-11-10;18;1;4.20;livrée;point_relais;
CMD003541;C0037;2025-11-10;2;1.5;2.80;livrée;point_relais;
CMD003541;C0037;2025-11-10;11;1;3.20;Livree;Point_relais;
CMD003542;C0198;2025-11-10;37;2;3.10;LIVREE;point_relais;
CMD003542;C0198;2025-11-10;23;4;13.25;Livree;point_relais;
CMD003542;C0198;2025-11-10;8;1;2.60;Livrée;point_relais;
CMD003543;C0093;10/11/2025;18;1;4,20;LIVREE;point_relais;
CMD003544;C0133;2025-11-10;3;2;3,60;LIVREE;domicile;
CMD003545;C0187;10/11/2025;5;3;1.90;Livree;domicile;
CMD003545;C0187;2025-11-10;2;0.5;2,80;livrée;domicile;
CMD003546;C0262;2025-11-10;30;0.5;24.00;LIVREE;domicile;
CMD003546;C0262;2025-11-10;18;1;4.20;Livree;domicile;
CMD003547;C0270;2025-11-10;20;2;8,69;Livrée;domicile;
CMD003547;C0270;2025-11-10;8;2;2.60;livrée;domicile;
CMD003548;C0095;10/11/2025;18;1;4.20;Livree;point_relais;
CMD003549;C0046;10/11/2025;16;1;8.50;LIVREE;retrait_ferme;
CMD003549;C0046;2025-11-10;4;2;2.10;LIVREE;retrait_ferme;
CMD003550;C0049;2025-11-11;36;4;5.51;Livrée;domicile;
CMD003550;C0049;11/11/2025;39;3;5.19;Livree;domicile;
CMD003550;C0049;2025-11-11;12;3;3,50;LIVREE;domicile;
CMD003551;C0061;2025-11-11;1;3;4,20;Livrée;point_relais;
CMD003551;C0061;2025-11-11;8;1;2.60;Livree;point_relais;
CMD003551;C0061;2025-11-11;7;0.5;4.50;livrée;point_relais;
CMD003552;C0004;2025-11-11;8;2;2,60;Livree;point_relais;
CMD003552;C0004;2025-11-11;38;2;5,60;Livrée;point_relais;
CMD003553;C0016;11/11/2025;20;1;8.69;LIVREE;point_relais;
CMD003553;C0016;2025-11-11;21;1;10.49;LIVREE;Point_relais;
CMD003553;C0016;2025-11-11;6;1;1.40;livrée;point_relais;
CMD003554;C0095;2025-11-11;28;1;1.90;Livree;point_relais;
CMD003554;C0095;2025-11-11;28;1;1.90;Livree;point_relais;
CMD003554;C0095;11/11/2025;2;0,5;2.80;LIVREE;point_relais;
CMD003554;C0095;2025-11-11;21;2;10.49;Livree;point_relais;
CMD003554;C0095;2025-11-11;3;2;3.60;livrée;point_relais;
CMD003555;C0292;2025-11-11;25;4;5,19;Livrée;Retrait_ferme;
CMD003555;C0292;2025-11-11;1;3;4.20;LIVREE;retrait_ferme;
CMD003556;C0028;2025-11-11;32;1;2.20;LIVREE;domicile;
CMD003556;C0028;2025-11-11;19;4;7.95;LIVREE;domicile;
CMD003557;C0066;2025-11-11;28;2;1,90;Livree;domicile;
CMD003557;C0066;2025-11-11;13;0.5;5,40;Livree;domicile;
CMD003557;C0066;11/11/2025;36;1;5.51;livrée;domicile;
CMD003558;C0099;2025-11-11;10;2;2.90;Livree;domicile;
CMD003558;C0099;2025-11-11;12;1.5;3,50;Livree;domicile;
CMD003559;C0282;2025-11-11;14;2;4.90;Livrée;domicile;
CMD003559;C0282;2025-11-11;12;3;3.50;Livrée;domicile;
CMD003560;C0028;11/11/2025;33;3;4.45;livrée;point_relais;
CMD003560;C0028;11-11-25;6;3;1.40;Livree;point_relais;
CMD003561;C0287;2025-11-11;10;1;2,90;Livrée;Domicile;
CMD003561;C0287;2025-11-11;27;2;3.40;LIVREE;domicile;
CMD003561;C0287;2025-11-11;36;3;5.51;Livree;domicile;
CMD003562;C0281;2025-11-11;8;2;2,60;LIVREE;point_relais;
CMD003562;C0281;2025-11-11;38;1;5.60;livrée;point_relais;
CMD003563;C0032;2025-11-11;28;4;1.90;Livrée;retrait_ferme;
CMD003563;C0032;2025-11-11;6;N/A;1.40;LIVREE;retrait_ferme;
CMD003563;C0032;2025-11-11;10;1;2,90;livrée;retrait_ferme;
CMD003563;C0032;2025-11-11;3;3;3.60;Livree;retrait_ferme;
CMD003564;C0236;2025-11-12;30;0,5;24.00;LIVREE;point_relais;
CMD003565;C0104;12/11/2025;31;3;1.20;livrée;point_relais;
CMD003565;C0104;2025-11-12;32;2;2.20;Livrée;point_relais;
CMD003565;C0104;12/11/2025;16;1;8.50;LIVREE;point_relais;
CMD003566;C0287;2025-11-12;26;1;8.90;LIVREE;domicile;
CMD003566;C0287;2025-11-12;26;1;8.90;LIVREE;domicile;
CMD003567;C0040;2025-11-12;7;0,5;4.50;LIVREE;domicile;
CMD003567;C0040;2025-11-12;30;0,2;24,00;Livrée;domicile;
CMD003567;C0040;2025-11-12;30;0,2;24,00;Livrée;domicile;
CMD003568;C0245;2025-11-12;37;3;3,10;LIVREE;point_relais;
CMD003568;C0245;12-11-25;29;0,5;28.00;Livree;point_relais;
CMD003568;C0245;2025-11-12;5;0.5;1.90;Livree;point_relais;
CMD003569;C0027;2025-11-12;40;2;3.71;LIVREE;domicile;
CMD003569;C0027;2025-11-12;16;1;8.50;LIVREE;domicile;
CMD003570;C0131;2025-11-12;39;1;5.19;Livrée;point_relais;
CMD003570;C0131;2025-11-12;2;2;2.80;LIVREE;point_relais;
CMD003571;C0151;2025-11-12;33;1;4.45;livrée;domicile;
CMD003571;C0151;2025-11-12;33;1;4.45;livrée;domicile;
CMD003571;C0151;2025-11-12;30;0.5;24.00;Livree;domicile;
CMD003571;C0151;2025-11-12;2;3;2,80;Livree;domicile;
CMD003572;C0277;2025-11-12;36;1;5.51;LIVREE;retrait_ferme;
CMD003573;C0150;12/11/2025;31;4;1.20;Livree;retrait_ferme;
CMD003574;C0059;2025-11-12;9;3;9.00;Livrée;Retrait_ferme;
CMD003575;C0070;2025-11-12;7;0.5;4.50;Livrée;Domicile;
CMD003575;C0070;2025-11-12;33;2;4.45;livrée;domicile;
CMD003575;C0070;2025-11-12;29;0,5;28,00;Livrée;domicile;
CMD003575;C0070;2025-11-12;32;4;2,20;Livree;domicile;
CMD003576;C0036;2025-11-12;12;0.5;3,50;livrée;point_relais;
CMD003577;C0079;2025-11-13;8;2;2.60;livrée;domicile;
CMD003577;C0079;2025-11-13;38;2;5,60;LIVREE;domicile;
CMD003578;C0011;2025-11-13;23;3;13,25;Livree;domicile;
CMD003578;C0011;2025-11-13;16;1;8.50;Livree;domicile;
CMD003579;C0237;2025-11-13;32;1;2.20;livrée;domicile;
CMD003579;C0237;13/11/2025;28;2;1,90;Livrée;domicile;
CMD003579;C0237;2025-11-13;7;0,5;4,50;Livrée;domicile;
CMD003580;C0095;2025-11-13;36;2;5.51;livrée;domicile;
CMD003580;C0095;2025-11-13;24;4;5.94;livrée;domicile;
CMD003581;C0002;2025-11-13;30;0.5;24,00;Livrée;retrait_ferme;
CMD003581;C0002;2025-11-13;9;1.5;9.00;Livree;retrait_ferme;
CMD003581;C0970;2025-11-13;25;3;5.19;Livrée;retrait_ferme;
CMD003581;C0002;2025-11-13;36;3;5,51;Livree;Retrait_ferme;
CMD003582;C0301;13/11/2025;30;0,5;24.00;Livree;point_relais;
CMD003583;C0080;2025-11-13;17;3;3.00;livrée;domicile;
CMD003584;C0097;13/11/2025;24;1;5.94;Livree;domicile;
CMD003585;C0192;2025-11-13;23;4;13.25;Livrée;point_relais;
CMD003585;C0192;13/11/2025;17;1;3.00;Livree;point_relais;
CMD003586;C0185;2025-11-13;18;1;4,20;Livree;domicile;
CMD003586;C0185;13/11/2025;36;4;5.51;LIVREE;domicile;
CMD003586;C0185;2025-11-13;2;2;2.80;LIVREE;domicile;
CMD003587;C0061;13-11-25;24;2;5,94;LIVREE;domicile;
CMD003587;C0061;2025-11-13;31;1;1,20;Livree;domicile;
CMD003588;C0297;13-11-25;17;1;3,00;Livrée;point_relais;
CMD003588;C0297;13-11-25;40;1;3.71;Livrée;Point_relais;
CMD003588;C0297;13/11/2025;29;0.2;28.00;livrée;Point_relais;
CMD003588;C0297;2025-11-13;7;2;4.50;livrée;point_relais;
CMD003589;C0264;2025-11-13;20;2;8,69;Livrée;retrait_ferme;
CMD003589;C0264;2025-11-13;23;2;13.25;LIVREE;retrait_ferme;
CMD003589;C0264;2025-11-13;34;2;5.09;Livree;retrait_ferme;
CMD003589;C0264;2025-11-13;33;4;4.45;livrée;retrait_ferme;
CMD003589;C0264;13/11/2025;13;1;5.40;LIVREE;Retrait_ferme;
CMD003590;C0131;2025-11-14;2;1;2,80;ANNULEE;Domicile;annulation client
CMD003590;C0131;2025-11-14;29;0.2;28.00;annulée;domicile;annulation client
CMD003590;C0131;2025-11-14;38;2;5.60;Annulée;domicile;annulation client
CMD003590;C0131;2025-11-14;10;2;2.90;Annulée;domicile;annulation client
CMD003590;C0131;2025-11-14;33;4;4,45;annulée;Domicile;annulation client
CMD003591;C0023;2025-11-14;10;2;2,90;Livree;retrait_ferme;
CMD003591;C0023;2025-11-14;35;1;4,13;LIVREE;retrait_ferme;
CMD003591;C0023;2025-11-14;27;2;3.40;LIVREE;retrait_ferme;
CMD003591;C0023;14/11/2025;28;4;1,90;livrée;retrait_ferme;
CMD003592;C0168;2025-11-14;20;2;8.69;Livrée;Domicile;
CMD003592;C0168;2025-11-14;14;2;4.90;Livrée;domicile;
CMD003593;C0150;2025-11-14;31;1;1.20;Livree;domicile;
CMD003594;C0116;2025-11-14;1;2;4.20;livrée;point_relais;
CMD003594;C0116;2025-11-14;9;1;9,00;Livrée;point_relais;
CMD003594;C0116;2025-11-14;13;1.5;5.40;livrée;point_relais;
CMD003595;C0094;14/11/2025;28;2;1.90;LIVREE;Retrait_ferme;
CMD003595;C0094;14/11/2025;8;3;2,60;LIVREE;retrait_ferme;
CMD003596;C0227;2025-11-14;9;2;9.00;Livree;point_relais;
CMD003596;C0227;2025-11-14;2;2;2.80;livrée;point_relais;
CMD003596;C0227;14/11/2025;33;2;4.45;Livrée;point_relais;
CMD003597;C0141;2025-11-15;26;1;8,90;Livrée;domicile;
CMD003597;C0141;2025-11-15;3;2;3.60;LIVREE;domicile;
CMD003598;C0048;2025-11-15;5;0.5;1.90;livrée;domicile;
CMD003598;C0048;2025-11-15;27;3;3.40;Livree;domicile;
CMD003598;C0048;2025-11-15;15;0.5;5.80;LIVREE;domicile;
CMD003598;C0048;2025-11-15;19;2;7.95;Livree;domicile;
CMD003599;C0099;2025-11-15;25;2;5.19;Livree;domicile;
CMD003599;C0099;2025-11-15;19;2;7,95;Livree;domicile;
CMD003600;C0304;2025-11-15;33;4;4.45;Livrée;point_relais;
CMD003600;C0304;2025-11-15;16;2;8.50;LIVREE;point_relais;
CMD003601;C0061;15-11-25;20;4;8,69;Livree;domicile;
CMD003601;C0061;15-11-25;5;1;1,90;Livree;domicile;
CMD003602;C0263;2025-11-15;15;1,5;5.80;Livrée;point_relais;
CMD003602;C0263;2025-11-15;12;1;3.50;Livrée;point_relais;
CMD003603;C0053;15/11/2025;7;3;4.50;livrée;domicile;
CMD003603;C0053;2025-11-15;37;2;3.10;Livree;domicile;
CMD003603;C0053;15/11/2025;30;0.5;24.00;livrée;domicile;
CMD003603;C0053;2025-11-15;19;3;7,95;LIVREE;domicile;
CMD003604;C0176;2025-11-15;30;0,5;24,00;Livrée;retrait_ferme;
CMD003604;C0176;2025-11-15;20;1;8.69;Livree;retrait_ferme;
CMD003605;C0002;15/11/2025;32;4;2.20;livrée;Point_relais;
CMD003605;C0002;2025-11-15;13;0,5;5.40;Livree;point_relais;
CMD003605;C0002;2025-11-15;6;1;1.40;Livrée;point_relais;
CMD003606;C0112;2025-11-15;1;1,5;4.20;LIVREE;point_relais;
CMD003606;C0112;2025-11-15;32;1;2.20;livrée;point_relais;
CMD003607;C0007;2025-11-15;31;2;1.20;Livree;point_relais;
CMD003608;C0176;2025-11-15;5;1,5;1.90;Livrée;point_relais;
CMD003609;C0027;2025-11-16;14;3;4.90;Livree;point_relais;
CMD003610;C0185;2025-11-16;11;1;3.20;Livree;Point_relais;
CMD003611;C0178;2025-11-16;23;4;13,25;Livrée;domicile;
CMD003611;C0178;2025-11-16;24;1;5.94;Livrée;domicile;
CMD003611;C0178;2025-11-16;14;1;4.90;Livree;domicile;
CMD003611;C0178;2025-11-16;3;0.5;3.60;Livree;domicile;
CMD003612;C0219;2025-11-16;24;1;5,94;livrée;point_relais;
CMD003613;C0183;2025-11-16;20;4;8.69;livrée;domicile;
CMD003613;C0183;16/11/2025;37;2;3,10;Livrée;domicile;
CMD003613;C0183;2025-11-16;17;2;3,00;livrée;domicile;
CMD003614;C0076;2025-11-16;37;2;3,10;Livrée;point_relais;
CMD003615;C0085;2025-11-16;37;3;3.10;LIVREE;point_relais;
CMD003616;C0070;2025-11-16;33;1;4,45;Annulée;domicile;client absent
CMD003616;C0070;2025-11-16;28;1;1.90;Annulée;domicile;client absent
CMD003617;C0193;2025-11-16;20;1;8.69;livrée;domicile;
CMD003618;C0111;2025-11-16;25;1;5,19;Livrée;Retrait_ferme;
CMD003618;C0111;2025-11-16;3;1;3.60;LIVREE;retrait_ferme;
CMD003618;C0111;2025-11-16;20;2;8.69;Livree;retrait_ferme;
CMD003618;C0111;2025-11-16;38;2;5.60;LIVREE;retrait_ferme;
CMD003619;C0210;2025-11-16;9;0,5;9.00;livrée;domicile;
CMD003619;C0210;2025-11-16;30;0.2;24.00;LIVREE;domicile;
CMD003619;C0210;16/11/2025;37;1;3.10;Livree;domicile;
CMD003620;C0271;2025-11-16;13;0,5;5,40;Annulée;domicile;client absent
CMD003620;C0271;2025-11-16;13;0,5;5,40;Annulée;domicile;client absent
CMD003620;C0271;16/11/2025;1;1.5;4.20;Annulée;domicile;client absent
CMD003620;C0271;2025-11-16;30;0,5;24.00;ANNULEE;domicile;client absent
CMD003620;C0271;2025-11-16;23;1;13.25;Annulée;Domicile;client absent
CMD003621;C0183;2025-11-16;22;1;5.09;Livrée;retrait_ferme;
CMD003621;C0183;2025-11-16;1;1;4.20;Livrée;retrait_ferme;
CMD003622;C0259;2025-11-16;38;4;5,60;livrée;point_relais;
CMD003622;C0259;2025-11-16;15;0,5;5,80;LIVREE;point_relais;
CMD003623;C0236;17/11/2025;22;2;5.09;LIVREE;point_relais;
CMD003623;C0236;2025-11-17;33;1;4,45;LIVREE;point_relais;
CMD003623;C0236;2025-11-17;40;2;3,71;LIVREE;Point_relais;
CMD003624;C0014;17-11-25;10;1;2,90;Annulée;Domicile;rupture de stock
CMD003625;C0112;2025-11-17;32;1;2.20;livrée;point_relais;
CMD003625;C0112;2025-11-17;15;1;5.80;livrée;Point_relais;
CMD003626;C0280;2025-11-17;11;0,5;3.20;Livree;domicile;
CMD003627;C0097;2025-11-17;22;1;5.09;annulee;point_relais;rupture de stock
CMD003627;C0097;2025-11-17;26;4;8.90;Annulée;point_relais;rupture de stock
CMD003628;C0064;2025-11-17;17;4;3,00;LIVREE;domicile;
CMD003628;C0064;2025-11-17;28;2;1.90;Livree;domicile;
CMD003628;C0064;2025-11-17;21;1;10.49;Livrée;domicile;
CMD003628;C0064;2025-11-17;7;3;4.50;LIVREE;domicile;
CMD003629;C0112;2025-11-17;10;1;2.90;Livrée;domicile;
CMD003629;C0112;17/11/2025;17;1;3.00;Livrée;domicile;
CMD003629;C0112;2025-11-17;34;3;5.09;Livrée;domicile;
CMD003629;C0112;2025-11-17;26;1;8,90;LIVREE;domicile;
CMD003629;C0112;2025-11-17;25;2;5,19;Livrée;domicile;
CMD003630;C0263;2025-11-17;17;3;3.00;LIVREE;retrait_ferme;
CMD003630;C0263;2025-11-17;18;1;4,20;Livrée;retrait_ferme;
CMD003630;C0263;2025-11-17;36;2;5.51;Livree;retrait_ferme;
CMD003630;C0263;2025-11-17;1;1;4,20;LIVREE;retrait_ferme;
CMD003630;C0263;2025-11-17;32;1;2,20;Livree;retrait_ferme;
CMD003631;C0162;2025-11-18;34;1;5.09;livrée;retrait_ferme;
CMD003631;C0162;18-11-25;12;2;3.50;Livree;retrait_ferme;
CMD003631;C0162;18/11/2025;25;2;5.19;LIVREE;retrait_ferme;
CMD003631;C0162;2025-11-18;17;2;3,00;Livree;retrait_ferme;
CMD003632;C0244;2025-11-18;34;1;5.09;LIVREE;domicile;
CMD003632;C0244;2025-11-18;26;1;8,90;Livrée;domicile;
CMD003633;C0028;2025-11-18;27;1;3,40;LIVREE;Domicile;
CMD003633;C0028;2025-11-18;24;1;5.94;livrée;Domicile;
CMD003634;C0005;18/11/2025;32;2;2.20;livrée;Point_relais;
CMD003634;C0005;2025-11-18;24;1;5,94;Livree;point_relais;
CMD003634;C0005;2025-11-18;18;4;4.20;livrée;point_relais;
CMD003634;C0005;2025-11-18;35;1;4.13;Livrée;point_relais;
CMD003634;C0005;2025-11-18;35;1;4.13;Livrée;point_relais;
CMD003634;C0005;2025-11-18;22;1;5.09;Livree;point_relais;
CMD003635;C0184;2025-11-18;16;1.5;8.50;Livrée;point_relais;
CMD003636;C0191;2025-11-18;5;3;1.90;livrée;domicile;
CMD003636;C0191;2025-11-18;33;3;4,45;LIVREE;domicile;
CMD003637;C0297;2025-11-18;11;3;3.20;LIVREE;domicile;
CMD003638;C0201;18/11/2025;18;1;4.20;Livrée;point_relais;
CMD003638;C0201;2025-11-18;27;3;3.40;Livree;point_relais;
CMD003638;C0201;2025-11-18;8;2;2.60;Livrée;point_relais;
CMD003638;C0201;2025-11-18;6;2;1.40;livrée;point_relais;
CMD003639;C0154;2025-11-18;40;1;3.71;livrée;retrait_ferme;
CMD003640;C0272;2025-11-19;20;2;8.69;Livrée;domicile;
CMD003640;C0272;19/11/2025;15;1.5;5.80;Livree;domicile;
CMD003640;C0272;2025-11-19;13;3;5.40;LIVREE;domicile;
CMD003640;C0272;2025-11-19;30;0.5;24,00;Livrée;domicile;
CMD003641;C0062;2025-11-19;15;2;5.80;LIVREE;domicile;
CMD003641;C0062;2025-11-19;11;3;3,20;Livree;domicile;
CMD003642;C0198;2025-11-19;30;0,2;24.00;Livrée;point_relais;
CMD003643;C0121;19/11/2025;22;4;5.09;LIVREE;point_relais;
CMD003643;C0121;2025-11-19;17;2;3.00;LIVREE;point_relais;
CMD003644;C0176;2025-11-19;39;2;5.19;LIVREE;point_relais;
CMD003644;C0176;2025-11-19;36;1;5.51;Livrée;point_relais;
CMD003645;C0203;2025-11-19;8;0.5;2.60;Livrée;retrait_ferme;
CMD003645;C0203;2025-11-19;29;0,5;28.00;livrée;retrait_ferme;
CMD003645;C0203;19/11/2025;15;1.5;5.80;livrée;retrait_ferme;
CMD003645;C0203;2025-11-19;39;1.5;5.19;Livrée;retrait_ferme;
CMD003645;C0203;2025-11-19;33;1;4.45;livrée;retrait_ferme;
CMD003646;C0094;2025-11-19;13;2;5.40;Livree;domicile;
CMD003646;C0094;19/11/2025;23;1;13.25;livrée;domicile;
CMD003646;C0094;2025-11-19;39;1;5.19;LIVREE;domicile;
CMD003647;C0287;19/11/2025;36;1;5.51;Livrée;point_relais;
CMD003648;C0161;20-11-25;34;1;5.09;Livrée;retrait_ferme;
CMD003648;C0161;2025-11-20;12;3;3.50;livrée;retrait_ferme;
CMD003649;C0224;2025-11-20;9;0.5;9.00;Annulée;domicile;météo
CMD003649;C0224;2025-11-20;35;2;4,13;annulee;domicile;météo
CMD003649;C0224;2025-11-20;26;1;8.90;ANNULEE;domicile;météo
CMD003649;C0224;2025-11-20;12;2;3.50;Annulée;domicile;météo
CMD003649;C0224;20/11/2025;13;0.5;5.40;annulée;domicile;météo
CMD003650;C0273;2025-11-20;32;4;2,20;LIVREE;domicile;
CMD003650;C0273;2025-11-20;13;1;5.40;livrée;domicile;
CMD003651;C0272;2025-11-20;8;3;2.60;annulée;domicile;client absent
CMD003651;C0272;20/11/2025;13;1;5,40;Annulée;domicile;client absent
CMD003651;C0272;2025-11-20;22;1;5,09;ANNULEE;domicile;client absent
CMD003651;C0272;2025-11-20;40;1;3.71;ANNULEE;domicile;client absent
CMD003651;C0272;2025-11-20;40;1;3.71;ANNULEE;domicile;client absent
CMD003651;C0272;2025-11-20;33;4;4.45;Annulée;domicile;client absent
CMD003652;C0062;20-11-25;40;2;3.71;livrée;point_relais;
CMD003652;C0062;2025-11-20;25;1;5.19;livrée;point_relais;
CMD003652;C0062;2025-11-20;23;2;13.25;LIVREE;Point_relais;
CMD003652;C0062;2025-11-20;10;1;2,90;Livrée;point_relais;
CMD003653;C0242;20/11/2025;40;3;3.71;livrée;point_relais;
CMD003653;C0242;2025-11-20;15;3;5.80;Livree;point_relais;
CMD003653;C0242;20/11/2025;36;2;5.51;Livrée;point_relais;
CMD003653;C0242;2025-11-20;1;1;4.20;LIVREE;point_relais;
CMD003654;C0055;2025-11-20;3;0,5;3.60;LIVREE;domicile;
CMD003654;C0055;2025-11-20;9;1,5;9,00;Livrée;domicile;
CMD003654;C0055;2025-11-20;33;3;4.45;Livrée;domicile;
CMD003654;C0055;2025-11-20;38;4;5.60;Livrée;domicile;
CMD003655;C0283;2025-11-20;34;4;5.09;annulee;point_relais;paiement refusé
CMD003655;C0283;2025-11-20;25;4;5.19;annulée;point_relais;paiement refusé
CMD003655;C0283;2025-11-20;24;2;5,94;Annulée;point_relais;paiement refusé
CMD003656;C0287;2025-11-20;35;1;4.13;livrée;domicile;
CMD003656;C0287;2025-11-20;33;1;4.45;livrée;domicile;
CMD003657;C0003;2025-11-20;1;0.5;4.20;Livree;point_relais;
CMD003657;C0003;2025-11-20;9;2;9.00;livrée;point_relais;
CMD003658;C0182;2025-11-20;10;2;2.90;LIVREE;Domicile;
CMD003658;C0182;20/11/2025;12;3;3.50;Livree;domicile;
CMD003658;C0182;2025-11-20;19;2;7,95;Livree;domicile;
CMD003659;C0090;2025-11-20;27;1;3.40;LIVREE;retrait_ferme;
CMD003659;C0090;2025-11-20;21;3;10,49;Livrée;retrait_ferme;
CMD003660;C0984;2025-11-20;40;2;3,71;livrée;domicile;
CMD003660;C0005;2025-11-20;20;2;8.69;livrée;domicile;
CMD003661;C0005;2025-11-20;29;0,2;28,00;livrée;retrait_ferme;
CMD003661;C0005;2025-11-20;4;3;2.10;LIVREE;retrait_ferme;
CMD003661;C0005;2025-11-20;25;1;5.19;livrée;retrait_ferme;
CMD003662;C0048;2025-11-21;40;4;3.71;Livrée;retrait_ferme;
CMD003662;C0048;21/11/2025;19;3;7.95;Livree;retrait_ferme;
CMD003662;C0048;2025-11-21;22;2;5,09;Livrée;retrait_ferme;
CMD003663;C0219;2025-11-21;11;1;3.20;Livree;domicile;
CMD003663;C0219;2025-11-21;31;2;1.20;LIVREE;domicile;
CMD003664;C0138;2025-11-21;17;4;3.00;LIVREE;retrait_ferme;
CMD003664;C0138;2025-11-21;35;1;4.13;Livree;retrait_ferme;
CMD003665;C0176;2025-11-21;34;2;5.09;Livree;point_relais;
CMD003665;C0176;2025-11-21;6;1;1.40;Livree;point_relais;
CMD003666;C0099;2025-11-21;2;1;2.80;livrée;point_relais;
CMD003666;C0099;2025-11-21;31;2;1.20;Livree;point_relais;
CMD003667;C0237;2025-11-21;9;1;9.00;LIVREE;domicile;
CMD003667;C0237;21/11/2025;23;3;13.25;LIVREE;domicile;
CMD003667;C0237;21-11-25;30;0,2;24.00;Livrée;Domicile;
CMD003667;C0237;2025-11-21;21;4;10,49;Livree;domicile;
CMD003667;C0237;2025-11-21;33;2;4,45;Livrée;domicile;
CMD003668;C0224;2025-11-21;24;3;5.94;livrée;domicile;
CMD003668;C0224;21/11/2025;28;1;1.90;LIVREE;domicile;
CMD003668;C0224;2025-11-21;21;2;10,49;Livree;domicile;
CMD003668;C0224;2025-11-21;2;1;2,80;Livree;domicile;
CMD003669;C0207;2025-11-21;31;1;1.20;livrée;retrait_ferme;
CMD003670;C0256;2025-11-21;27;2;3,40;livrée;domicile;
CMD003670;C0256;2025-11-21;7;2;4.50;livrée;domicile;
CMD003670;C0256;21/11/2025;39;2;5.19;livrée;domicile;
CMD003671;C0237;21/11/2025;16;2;8.50;Livree;point_relais;
CMD003672;C0189;2025-11-21;27;2;3.40;Livree;retrait_ferme;
CMD003672;C0189;2025-11-21;24;3;5.94;livrée;retrait_ferme;
CMD003672;C0189;2025-11-21;24;3;5.94;livrée;retrait_ferme;
CMD003672;C0189;2025-11-21;35;2;4.13;Livrée;retrait_ferme;
CMD003673;C0263;21-11-25;10;1.5;2.90;LIVREE;domicile;
CMD003673;C0263;2025-11-21;28;4;1.90;livrée;domicile;
CMD003674;C0078;2025-11-21;19;2;7.95;Livrée;point_relais;
CMD003675;C0097;2025-11-22;35;2;4,13;LIVREE;domicile;
CMD003675;C0097;2025-11-22;24;3;5,94;LIVREE;domicile;
CMD003676;C0015;2025-11-22;21;4;10.49;livrée;domicile;
CMD003677;C0095;2025-11-22;28;1;1,90;annulée;domicile;annulation client
CMD003677;C0095;22-11-25;6;2;1.40;annulee;domicile;annulation client
CMD003678;C0060;2025-11-22;25;2;5.19;Livrée;retrait_ferme;
CMD003678;C0060;2025-11-22;19;2;7.95;Livrée;retrait_ferme;
CMD003679;C0121;22/11/2025;15;3;5.80;livrée;domicile;
CMD003679;C0121;2025-11-22;34;1;5.09;Livree;domicile;
CMD003679;C0121;2025-11-22;38;2;5,60;livrée;domicile;
CMD003680;C0263;2025-11-22;10;2;2.90;Livrée;point_relais;
CMD003680;C0263;2025-11-22;9;1;9,00;LIVREE;point_relais;
CMD003680;C0263;2025-11-22;39;3;5.19;Livrée;point_relais;
CMD003681;C0005;2025-11-22;39;1.5;5.19;Annulée;domicile;rupture de stock
CMD003681;C0005;2025-11-22;29;0.5;28,00;annulee;domicile;rupture de stock
CMD003681;C0005;2025-11-22;31;1;1.20;ANNULEE;Domicile;rupture de stock
CMD003682;C0232;2025-11-22;21;1;10.49;livrée;point_relais;
CMD003683;C0108;2025-11-22;31;4;1.20;LIVREE;point_relais;
CMD003684;C0211;2025-11-22;24;1;5.94;Livrée;domicile;
CMD003685;C0138;2025-11-22;29;0.5;28.00;Livrée;retrait_ferme;
CMD003685;C0138;2025-11-22;35;2;4.13;livrée;Retrait_ferme;
CMD003685;C0138;2025-11-22;8;0.5;2.60;Livrée;retrait_ferme;
CMD003685;C0138;2025-11-22;9;0.5;9,00;livrée;retrait_ferme;
CMD003685;C0138;2025-11-22;31;4;1,20;Livrée;retrait_ferme;
CMD003686;C0079;2025-11-22;22;1;5,09;livrée;domicile;
CMD003686;C0079;22/11/2025;33;2;4,45;Livree;domicile;
CMD003686;C0079;2025-11-22;11;3;3.20;Livrée;domicile;
CMD003687;C0181;22/11/2025;3;1,5;3,60;livrée;point_relais;
CMD003687;C0181;22/11/2025;12;0.5;3.50;LIVREE;Point_relais;
CMD003687;C0181;2025-11-22;4;1;2.10;LIVREE;point_relais;
CMD003687;C0181;2025-11-22;2;2;2,80;LIVREE;point_relais;
CMD003688;C0273;2025-11-22;23;2;13,25;livrée;point_relais;
CMD003688;C0273;2025-11-22;9;2;9.00;Livrée;point_relais;
CMD003688;C0273;2025-11-22;4;2;2.10;livrée;Point_relais;
CMD003688;C0273;2025-11-22;13;1.5;5.40;Livree;point_relais;
CMD003689;C0111;2025-11-22;8;3;2.60;Livrée;point_relais;
CMD003689;C0111;2025-11-22;24;1;5.94;LIVREE;point_relais;
CMD003689;C0111;22/11/2025;33;4;4,45;livrée;point_relais;
CMD003689;C0111;2025-11-22;28;4;1.90;Livrée;point_relais;
CMD003690;C0181;2025-11-22;5;1;1,90;livrée;point_relais;
CMD003690;C0181;2025-11-22;38;2;5.60;Livrée;point_relais;
CMD003691;C0010;2025-11-23;40;1;3.71;Livrée;point_relais;
CMD003691;C0010;2025-11-23;40;1;3.71;Livrée;point_relais;
CMD003691;C0010;2025-11-23;3;1.5;3.60;Livrée;point_relais;
CMD003692;C0089;2025-11-23;14;0.5;4.90;Livrée;domicile;
CMD003693;C0312;2025-11-23;12;1.5;3.50;livrée;domicile;
CMD003694;C0112;2025-11-23;17;2;3.00;ANNULEE;domicile;client absent
CMD003695;C0174;2025-11-23;4;1.5;2.10;livrée;domicile;
CMD003695;C0174;23/11/2025;22;4;5.09;LIVREE;Domicile;
CMD003696;C0205;2025-11-23;2;1;2.80;livrée;domicile;
CMD003697;C0147;2025-11-23;29;0.5;28.00;LIVREE;domicile;
CMD003698;C0082;2025-11-23;14;2;4,90;Livrée;point_relais;
CMD003699;C0309;23/11/2025;26;2;8,90;LIVREE;domicile;
CMD003699;C0309;2025-11-23;2;1.5;2.80;Livrée;domicile;
CMD003700;C0270;2025-11-23;37;1;3.10;livrée;domicile;
CMD003700;C0270;2025-11-23;13;1.5;5,40;livrée;domicile;
CMD003701;C0014;2025-11-23;14;1;4.90;Livree;retrait_ferme;
CMD003701;C0014;23-11-25;35;2;4.13;Livrée;retrait_ferme;
CMD003701;C0014;23/11/2025;27;2;3.40;Livree;retrait_ferme;
CMD003702;C0088;2025-11-23;37;4;3.10;Livree;domicile;
CMD003703;C0279;2025-11-23;28;1;1.90;LIVREE;Retrait_ferme;
CMD003703;C0279;2025-11-23;16;1;8,50;LIVREE;retrait_ferme;
CMD003703;C0279;2025-11-23;22;1;5.09;Livrée;retrait_ferme;
CMD003703;C0279;2025-11-23;7;3;4,50;LIVREE;retrait_ferme;
CMD003704;C0133;2025-11-23;14;3;4,90;Livree;retrait_ferme;
CMD003705;C0137;2025-11-23;15;2;5,80;LIVREE;domicile;
CMD003705;C0137;2025-11-23;7;1.5;4.50;Livree;Domicile;
CMD003706;C0039;23/11/2025;19;2;7.95;livrée;retrait_ferme;
CMD003706;C0039;2025-11-23;18;1;4,20;Livrée;retrait_ferme;
CMD003706;C0039;23/11/2025;24;1;5.94;Livrée;retrait_ferme;
CMD003707;C0277;2025-11-23;37;1;3.10;Livree;domicile;
CMD003707;C0277;2025-11-23;1;1;4.20;LIVREE;domicile;
CMD003707;C0277;2025-11-23;27;2;3.40;Livrée;domicile;
CMD003707;C0277;2025-11-23;10;1,5;2.90;Livrée;domicile;
CMD003707;C0277;2025-11-23;3;2;3.60;Livrée;Domicile;
CMD003708;C0271;2025-11-24;31;2;1,20;Annulée;domicile;paiement refusé
CMD003708;C0271;2025-11-24;29;0.5;28,00;annulée;domicile;paiement refusé
CMD003708;C0271;2025-11-24;20;3;8,69;annulée;domicile;paiement refusé
CMD003708;C0271;2025-11-24;25;2;5,19;ANNULEE;domicile;paiement refusé
CMD003709;C0002;2025-11-24;28;1;1.90;Livree;point_relais;
CMD003710;C0199;24-11-25;7;0.5;4.50;LIVREE;point_relais;
CMD003710;C0199;24/11/2025;24;4;5.94;LIVREE;point_relais;
CMD003710;C0199;24-11-25;30;0,2;24.00;Livrée;point_relais;
CMD003711;C0264;2025-11-24;32;2;2,20;livrée;domicile;
CMD003711;C0264;2025-11-24;38;3;5,60;livrée;domicile;
CMD003712;C0178;2025-11-24;27;3;3.40;livrée;point_relais;
CMD003712;C0178;24-11-25;17;4;3,00;livrée;point_relais;
CMD003713;C0245;2025-11-24;6;1;1.40;Livree;domicile;
CMD003713;C0245;2025-11-24;21;2;10.49;livrée;Domicile;
CMD003713;C0245;2025-11-24;40;2;3.71;livrée;domicile;
CMD003713;C0245;2025-11-24;10;0,5;2.90;livrée;domicile;
CMD003713;C0245;2025-11-24;16;0,5;8.50;livrée;domicile;
CMD003714;C0237;24-11-25;36;4;5,51;livrée;retrait_ferme;
CMD003714;C0237;24/11/2025;3;1;3.60;Livree;retrait_ferme;
CMD003715;C0093;2025-11-24;36;3;5,51;livrée;retrait_ferme;
CMD003716;C0269;24/11/2025;4;1.5;2,10;Livree;domicile;
CMD003716;C0269;2025-11-24;31;4;1.20;livrée;domicile;
CMD003716;C0269;2025-11-24;16;3;8.50;LIVREE;domicile;
CMD003716;C0269;2025-11-24;7;2;4.50;Livrée;domicile;
CMD003716;C0269;2025-11-24;12;1;3.50;Livree;domicile;
CMD003717;C0112;2025-11-24;39;1,5;5,19;Livrée;domicile;
CMD003717;C0112;2025-11-24;30;0.2;24.00;Livrée;domicile;
CMD003717;C0112;2025-11-24;5;1.5;1.90;LIVREE;domicile;
CMD003718;C0207;2025-11-25;16;1;8.50;LIVREE;point_relais;
CMD003718;C0207;2025-11-25;12;0.5;3.50;livrée;point_relais;
CMD003719;C0003;2025-11-25;37;2;3.10;livrée;domicile;
CMD003719;C0003;25/11/2025;21;2;10.49;livrée;domicile;
CMD003719;C0003;25/11/2025;32;1;2.20;Livree;domicile;
CMD003720;C0287;2025-11-25;3;3;3.60;LIVREE;domicile;
CMD003720;C0287;2025-11-25;18;3;4.20;Livree;domicile;
CMD003721;C0110;25-11-25;4;0.5;2.10;livrée;domicile;
CMD003721;C0110;25-11-25;25;4;5.19;Livree;domicile;
CMD003721;C0110;2025-11-25;21;2;10,49;LIVREE;domicile;
CMD003722;C0305;2025-11-25;39;1.5;5.19;LIVREE;domicile;
CMD003722;C0305;2025-11-25;4;1;2.10;Livrée;domicile;
CMD003723;C0129;25/11/2025;21;2;10.49;Livrée;point_relais;
CMD003723;C0129;2025-11-25;29;0.2;28.00;Livrée;point_relais;
CMD003723;C0129;2025-11-25;8;1;2,60;LIVREE;point_relais;
CMD003724;C0110;2025-11-25;5;1;1,90;livrée;domicile;
CMD003724;C0110;2025-11-25;2;0,5;2.80;livrée;Domicile;
CMD003724;C0110;2025-11-25;8;0.5;2,60;Livrée;domicile;
CMD003725;C0072;2025-11-25;2;1.5;2.80;livrée;point_relais;
CMD003725;C0072;2025-11-25;6;1;1.40;Livrée;point_relais;
CMD003726;C0037;2025-11-25;9;3;9.00;Livrée;domicile;
CMD003726;C0037;2025-11-25;38;3;5,60;Livrée;domicile;
CMD003726;C0037;2025-11-25;15;1;5,80;LIVREE;domicile;
CMD003727;C0108;2025-11-25;7;1;4.50;livrée;retrait_ferme;
CMD003727;C0108;2025-11-25;35;2;4.13;LIVREE;retrait_ferme;
CMD003727;C0108;25/11/2025;23;2;13.25;LIVREE;retrait_ferme;
CMD003727;C0108;2025-11-25;20;4;8,69;Livrée;retrait_ferme;
CMD003728;C0135;25-11-25;15;2;5,80;Livrée;domicile;
CMD003728;C0135;25-11-25;20;1;8.69;Livree;domicile;
CMD003728;C0135;25-11-25;26;1;8,90;LIVREE;domicile;
CMD003729;C0060;2025-11-25;15;1;5.80;livrée;domicile;
CMD003730;C0199;2025-11-25;29;0.5;28.00;livrée;domicile;
CMD003730;C0199;2025-11-25;23;1;13,25;Livrée;domicile;
CMD003731;C0060;2025-11-26;32;2;2.20;LIVREE;domicile;
CMD003731;C0060;2025-11-26;17;2;3,00;Livrée;domicile;
CMD003732;C0207;2025-11-26;36;2;5.51;Livree;retrait_ferme;
CMD003732;C0207;2025-11-26;34;1;5.09;Livrée;retrait_ferme;
CMD003732;C0207;2025-11-26;24;4;5.94;Livrée;retrait_ferme;
CMD003732;C0207;26/11/2025;9;1;9.00;livrée;retrait_ferme;
CMD003733;C0079;2025-11-26;28;1;1.90;Livree;retrait_ferme;
CMD003733;C0079;2025-11-26;9;3;9,00;livrée;retrait_ferme;
CMD003734;C0037;2025-11-26;35;1;4.13;Livree;domicile;
CMD003735;C0076;26/11/2025;10;1;2,90;livrée;domicile;
CMD003735;C0076;26/11/2025;38;4;5.60;LIVREE;domicile;
CMD003735;C0076;26-11-25;40;1;3.71;Livrée;domicile;
CMD003735;C0076;26-11-25;6;1;1.40;Livree;domicile;
CMD003736;C0062;26/11/2025;17;3;3.00;LIVREE;retrait_ferme;
CMD003736;C0062;2025-11-26;1;1.5;4.20;Livree;retrait_ferme;
CMD003737;C0277;26/11/2025;30;0,5;24.00;livrée;domicile;
CMD003737;C0277;2025-11-26;24;1;5.94;LIVREE;domicile;
CMD003737;C0277;2025-11-26;31;1;1.20;LIVREE;domicile;
CMD003738;C0076;2025-11-26;23;3;13,25;livrée;domicile;
CMD003738;C0076;2025-11-26;8;1.5;2.60;livrée;domicile;
CMD003739;C0305;26/11/2025;23;1;13,25;Livree;domicile;
CMD003739;C0305;2025-11-26;24;1;5.94;Livree;domicile;
CMD003740;C0188;2025-11-26;18;4;4.20;LIVREE;domicile;
CMD003741;C0292;2025-11-26;13;1;5.40;Livrée;Point_relais;
CMD003741;C0292;2025-11-26;34;1;5,09;LIVREE;point_relais;
CMD003741;C0292;2025-11-26;27;2;3.40;livrée;point_relais;
CMD003742;C0162;26/11/2025;6;1;1.40;Livrée;domicile;
CMD003742;C0162;2025-11-26;26;2;8.90;Livrée;domicile;
CMD003743;C0279;2025-11-26;31;4;1,20;Livree;domicile;
CMD003743;C0279;2025-11-26;19;2;7,95;Livree;domicile;
CMD003743;C0279;2025-11-26;3;1.5;3.60;Livrée;domicile;
CMD003743;C0279;26/11/2025;24;1;5,94;Livrée;domicile;
CMD003744;C0005;2025-11-27;9;1;9,00;Livree;point_relais;
CMD003744;C0005;2025-11-27;22;3;5.09;Livree;Point_relais;
CMD003744;C0005;2025-11-27;15;1;5,80;Livree;point_relais;
CMD003745;C0273;2025-11-27;26;2;8.90;LIVREE;domicile;
CMD003745;C0273;2025-11-27;11;1.5;3.20;LIVREE;domicile;
CMD003746;C0156;2025-11-27;36;4;5,51;Livrée;point_relais;
CMD003746;C0156;2025-11-27;1;1.5;4.20;Livrée;point_relais;
CMD003747;C0121;2025-11-27;12;1.5;3.50;livrée;point_relais;
CMD003747;C0121;2025-11-27;2;0,5;2,80;LIVREE;point_relais;
CMD003747;C0121;2025-11-27;18;1;4.20;livrée;point_relais;
CMD003747;C0121;2025-11-27;14;1;4,90;livrée;point_relais;
CMD003748;C0116;2025-11-27;37;2;3.10;annulee;point_relais;client absent
CMD003748;C0116;2025-11-27;15;1,5;5.80;ANNULEE;point_relais;client absent
CMD003749;C0095;2025-11-27;10;2;2.90;LIVREE;domicile;
CMD003749;C0095;2025-11-27;34;2;5.09;livrée;domicile;
CMD003749;C0095;2025-11-27;20;2;8.69;livrée;domicile;
CMD003749;C0095;2025-11-27;8;1;2.60;Livree;domicile;
CMD003750;C0231;2025-11-27;18;4;4,20;Annulée;domicile;rupture de stock
CMD003750;C0231;2025-11-27;39;1,5;5.19;annulée;domicile;rupture de stock
CMD003751;C0073;2025-11-27;24;2;5.94;Livrée;retrait_ferme;
CMD003751;C0073;27-11-25;4;N/A;2.10;livrée;retrait_ferme;
CMD003751;C0073;2025-11-27;13;3;5.40;Livrée;retrait_ferme;
CMD003751;C0073;27/11/2025;33;1;4.45;livrée;retrait_ferme;
CMD003751;C0073;2025-11-27;29;0.5;28,00;LIVREE;retrait_ferme;
CMD003752;C0188;2025-11-27;13;3;5,40;LIVREE;point_relais;
CMD003753;C0256;2025-11-28;31;1;1.20;Livree;domicile;
CMD003753;C0256;28/11/2025;4;3;2,10;LIVREE;domicile;
CMD003753;C0256;2025-11-28;15;3;5,80;LIVREE;domicile;
CMD003753;C0256;28-11-25;40;2;3.71;livrée;domicile;
CMD003754;C0063;28/11/2025;26;2;8.90;livrée;Domicile;
CMD003754;C0063;2025-11-28;12;1;3,50;livrée;domicile;
CMD003755;C0062;2025-11-28;18;2;4.20;Livrée;retrait_ferme;
CMD003755;C0062;28/11/2025;39;1;5.19;Livree;retrait_ferme;
CMD003755;C0062;2025-11-28;8;3;2.60;livrée;retrait_ferme;
CMD003755;C0062;28-11-25;29;0,5;28.00;Livrée;retrait_ferme;
CMD003756;C0285;2025-11-28;3;2;3.60;Annulée;domicile;annulation client
CMD003756;C0285;2025-11-28;19;4;7.95;Annulée;domicile;annulation client
CMD003757;C0094;28/11/2025;38;2;5,60;Livrée;retrait_ferme;
CMD003757;C0094;2025-11-28;7;3;4.50;Livrée;retrait_ferme;
CMD003757;C0094;2025-11-28;27;1;3,40;Livree;retrait_ferme;
CMD003757;C0094;28-11-25;34;1;5.09;LIVREE;retrait_ferme;
CMD003757;C0094;2025-11-28;14;2;4,90;LIVREE;retrait_ferme;
CMD003758;C0200;2025-11-28;25;1;5.19;Livrée;domicile;
CMD003758;C0200;28-11-25;1;1;4.20;Livrée;domicile;
CMD003758;C0200;2025-11-28;18;1;4.20;Livree;domicile;
CMD003759;C0059;2025-11-28;36;2;5.51;LIVREE;domicile;
CMD003759;C0059;2025-11-28;37;3;3,10;Livrée;domicile;
CMD003759;C0059;2025-11-28;9;3;9,00;Livrée;domicile;
CMD003759;C0059;2025-11-28;26;4;8,90;LIVREE;domicile;
CMD003760;C0292;2025-11-29;17;3;3,00;Livree;domicile;
CMD003760;C0292;2025-11-29;26;3;8.90;livrée;domicile;
CMD003760;C0292;2025-11-29;22;2;5.09;livrée;domicile;
CMD003761;C0143;2025-11-29;40;1;3.71;Livrée;Point_relais;
CMD003761;C0143;2025-11-29;17;3;3.00;Livree;point_relais;
CMD003761;C0143;2025-11-29;21;2;10,49;livrée;point_relais;
CMD003761;C0143;2025-11-29;20;4;8.69;livrée;point_relais;
CMD003762;C0270;2025-11-29;33;2;4.45;livrée;domicile;
CMD003762;C0270;2025-11-29;10;0.5;2,90;Livrée;domicile;
CMD003762;C0270;2025-11-29;11;3;3,20;Livrée;Domicile;
CMD003763;C0263;2025-11-29;22;3;5,09;LIVREE;point_relais;
CMD003763;C0263;2025-11-29;27;1;3.40;livrée;point_relais;
CMD003764;C0291;2025-11-29;3;2;3.60;Livree;domicile;
CMD003764;C0291;2025-11-29;6;3;1.40;Livrée;Domicile;
CMD003765;C0224;2025-11-29;11;1.5;3.20;LIVREE;domicile;
CMD003766;C0207;2025-11-29;34;3;5.09;livrée;point_relais;
CMD003766;C0207;2025-11-29;37;2;3.10;livrée;point_relais;
CMD003767;C0204;2025-11-29;12;3;3.50;Livree;retrait_ferme;
CMD003768;C0057;2025-11-29;34;4;5,09;Livree;domicile;
CMD003768;C0057;2025-11-29;31;4;1.20;Livree;domicile;
CMD003768;C0057;2025-11-29;31;4;1.20;Livree;domicile;
CMD003769;C0062;2025-11-29;27;2;3.40;livrée;retrait_ferme;
CMD003769;C0062;2025-11-29;36;2;5,51;Livrée;retrait_ferme;
CMD003769;C0062;2025-11-29;24;1;5.94;Livree;retrait_ferme;
CMD003770;C0048;2025-11-29;7;2;4.50;ANNULEE;point_relais;annulation client
CMD003770;C0048;2025-11-29;21;2;10.49;annulee;point_relais;annulation client
CMD003770;C0048;2025-11-29;33;1;4.45;ANNULEE;point_relais;annulation client
CMD003771;C0235;2025-11-30;30;0.5;24.00;LIVREE;domicile;
CMD003772;C0126;2025-11-30;28;1;1.90;Livree;domicile;
CMD003773;C0044;2025-11-30;11;1;3.20;Livrée;point_relais;
CMD003774;C0097;2025-11-30;13;3;5.40;Livree;Point_relais;
CMD003775;C0185;30/11/2025;27;1;3.40;Livree;domicile;
CMD003775;C0185;30/11/2025;27;1;3.40;Livree;domicile;
CMD003775;C0185;2025-11-30;21;1;10.49;Livree;domicile;
CMD003775;C0185;30/11/2025;33;1;4.45;LIVREE;domicile;
CMD003776;C0291;30/11/2025;5;3;1.90;LIVREE;domicile;
CMD003776;C0291;2025-11-30;8;2;2,60;Livree;domicile;
CMD003776;C0291;2025-11-30;11;1.5;3.20;Livrée;domicile;
CMD003776;C0291;2025-11-30;20;1;8.69;Livrée;domicile;
CMD003777;C0245;2025-11-30;37;3;3.10;livrée;point_relais;
CMD003777;C0245;2025-11-30;34;4;5.09;LIVREE;Point_relais;
CMD003777;C0245;2025-11-30;38;4;5.60;livrée;point_relais;
CMD003777;C0245;2025-11-30;8;0,5;2.60;Livree;point_relais;
CMD003777;C0245;2025-11-30;24;3;5,94;livrée;point_relais;
CMD003778;C0138;2025-11-30;32;1;2.20;Livrée;domicile;
CMD003778;C0138;2025-11-30;19;3;7,95;Livrée;domicile;
CMD003778;C0138;2025-11-30;8;1;2.60;livrée;domicile;
CMD003779;C0005;2025-11-30;1;1;4,20;Livree;Point_relais;
CMD003779;C0005;2025-11-30;16;0.5;8.50;livrée;point_relais;
CMD003779;C0005;2025-11-30;10;3;2.90;Livrée;point_relais;
CMD003779;C0005;2025-11-30;17;3;3.00;livrée;point_relais;
CMD003779;C0005;2025-11-30;9;2;9.00;LIVREE;point_relais;
CMD003780;C0281;2025-11-30;21;2;10,49;Livree;point_relais;
CMD003780;C0281;2025-11-30;28;1;1,90;livrée;point_relais;
CMD003780;C0281;2025-11-30;40;3;3,71;livrée;point_relais;
CMD003780;C0281;2025-11-30;24;2;5.94;Livrée;point_relais;
CMD003780;C0281;2025-11-30;2;1.5;2,80;LIVREE;point_relais;
CMD003781;C0182;2025-11-30;5;1;1.90;Livrée;point_relais;
CMD003781;C0182;2025-11-30;7;3;4,50;LIVREE;point_relais;
CMD003782;C0281;2025-11-30;31;3;1.20;LIVREE;retrait_ferme;
CMD003782;C0281;2025-11-30;7;2;4.50;livrée;retrait_ferme;
CMD003782;C0281;2025-11-30;5;2;1.90;LIVREE;retrait_ferme;
CMD003783;C0032;2025-11-30;28;1;1,90;Livree;point_relais;
CMD003783;C0032;2025-11-30;19;1;7,95;Livrée;point_relais;
CMD003784;C0126;2025-11-30;24;2;5.94;Livrée;domicile;
CMD003784;C0126;2025-11-30;7;3;4,50;LIVREE;domicile;
CMD003785;C0121;01/12/2025;22;2;5,09;Livrée;point_relais;
CMD003785;C0121;2025-12-01;20;1;8,69;Livree;point_relais;
CMD003785;C0121;2025-12-01;16;1,5;8,50;livrée;Point_relais;
CMD003786;C0185;2025-12-01;28;3;1.90;Livrée;retrait_ferme;
CMD003786;C0185;2025-12-01;20;1;8.69;Livrée;retrait_ferme;
CMD003786;C0185;01/12/2025;30;0.2;24.00;LIVREE;retrait_ferme;
CMD003786;C0185;2025-12-01;31;3;1.20;Livree;retrait_ferme;
CMD003786;C0185;2025-12-01;10;2;2.90;Livree;retrait_ferme;
CMD003787;C0138;2025-12-01;26;3;8.90;Livree;retrait_ferme;
CMD003787;C0138;01/12/2025;31;4;1,20;Livree;retrait_ferme;
CMD003788;C0264;2025-12-01;6;1;1.40;ANNULEE;domicile;rupture de stock
CMD003788;C0264;01/12/2025;14;1;4.90;Annulée;domicile;rupture de stock
CMD003788;C0264;2025-12-01;38;2;5.60;annulee;domicile;rupture de stock
CMD003789;C0048;2025-12-01;24;3;5.94;Livrée;retrait_ferme;
CMD003789;C0048;2025-12-01;14;1.5;4,90;Livrée;retrait_ferme;
CMD003790;C0218;2025-12-01;35;2;4.13;annulée;domicile;paiement refusé
CMD003790;C0218;2025-12-01;26;2;8,90;Annulée;domicile;paiement refusé
CMD003790;C0218;2025-12-01;3;3;3.60;annulée;domicile;paiement refusé
CMD003791;C0298;01/12/2025;28;1;1.90;livrée;domicile;
CMD003791;C0298;2025-12-01;26;1;8.90;livrée;domicile;
CMD003791;C0298;2025-12-01;33;1;4.45;LIVREE;domicile;
CMD003792;C0290;2025-12-01;12;1;3.50;Livrée;point_relais;
CMD003793;C0287;2025-12-02;39;1;5,19;livrée;domicile;
CMD003793;C0287;2025-12-02;15;3;5,80;livrée;domicile;
CMD003793;C0287;2025-12-02;22;1;5.09;LIVREE;domicile;
CMD003793;C0287;2025-12-02;1;2;4,20;Livrée;domicile;
CMD003794;C0003;2025-12-02;35;2;4,13;Livrée;point_relais;
CMD003794;C0003;2025-12-02;26;4;8,90;LIVREE;point_relais;
CMD003794;C0003;2025-12-02;33;3;4.45;LIVREE;point_relais;
CMD003794;C0003;2025-12-02;34;2;5.09;Livree;point_relais;
CMD003795;C0150;2025-12-02;13;2;5.40;Livree;point_relais;
CMD003796;C0070;2025-12-02;20;4;8.69;LIVREE;point_relais;
CMD003796;C0070;2025-12-02;6;1;1,40;LIVREE;point_relais;
CMD003796;C0070;2025-12-02;36;2;5.51;Livrée;point_relais;
CMD003797;C0211;2025-12-02;25;1;5.19;livrée;domicile;
CMD003798;C0099;2025-12-02;38;2;5.60;LIVREE;retrait_ferme;
CMD003798;C0099;2025-12-02;34;1;5,09;Livree;retrait_ferme;
CMD003798;C0099;2025-12-02;3;1;3.60;livrée;retrait_ferme;
CMD003799;C0265;2025-12-02;36;3;5.51;LIVREE;domicile;
CMD003799;C0265;2025-12-02;27;1;3.40;LIVREE;domicile;
CMD003799;C0265;2025-12-02;37;2;3.10;Livrée;domicile;
CMD003799;C0265;2025-12-02;14;1;4.90;LIVREE;domicile;
CMD003799;C0265;02/12/2025;19;3;7,95;Livrée;domicile;
CMD003800;C0037;02/12/2025;8;1;2.60;Livrée;domicile;
CMD003800;C0037;2025-12-02;17;2;3,00;livrée;domicile;
CMD003801;C0212;2025-12-03;39;3;5,19;Livrée;point_relais;
CMD003801;C0212;2025-12-03;23;1;13,25;livrée;point_relais;
CMD003801;C0212;2025-12-03;2;0.5;2.80;Livree;point_relais;
CMD003802;C0287;2025-12-03;37;2;3.10;Livree;domicile;
CMD003802;C0287;03/12/2025;21;3;10.49;LIVREE;domicile;
CMD003803;C0174;2025-12-03;36;1;5,51;Livree;Retrait_ferme;
CMD003803;C0174;2025-12-03;39;1.5;5,19;Livree;retrait_ferme;
CMD003803;C0174;2025-12-03;40;2;3.71;Livrée;retrait_ferme;
CMD003804;C0258;2025-12-03;36;4;5.51;Livree;retrait_ferme;
CMD003804;C0258;2025-12-03;38;4;5.60;Livree;retrait_ferme;
CMD003804;C0258;03-12-25;40;3;3.71;LIVREE;retrait_ferme;
CMD003805;C0004;03-12-25;11;2;3.20;LIVREE;retrait_ferme;
CMD003805;C0004;2025-12-03;19;1;7.95;LIVREE;retrait_ferme;
CMD003806;C0183;2025-12-03;38;2;5.60;livrée;Retrait_ferme;
CMD003806;C0183;2025-12-03;39;2;5.19;Livree;retrait_ferme;
CMD003806;C0183;2025-12-03;22;1;5.09;livrée;retrait_ferme;
CMD003806;C0183;2025-12-03;36;4;5.51;Livrée;retrait_ferme;
CMD003807;C0242;2025-12-03;30;0,5;24.00;LIVREE;retrait_ferme;
CMD003807;C0242;2025-12-03;19;1;7.95;Livrée;retrait_ferme;
CMD003807;C0242;2025-12-03;21;1;10,49;Livrée;retrait_ferme;
CMD003808;C0138;2025-12-03;1;3;4.20;livrée;domicile;
CMD003808;C0138;2025-12-03;37;2;3.10;livrée;domicile;
CMD003808;C0138;2025-12-03;38;2;5.60;Livree;domicile;
CMD003809;C0224;2025-12-03;20;3;8.69;LIVREE;retrait_ferme;
CMD003809;C0224;2025-12-03;23;3;13.25;Livree;retrait_ferme;
CMD003809;C0224;2025-12-03;1;0.5;4.20;LIVREE;retrait_ferme;
CMD003810;C0075;2025-12-03;23;1;13.25;LIVREE;point_relais;
CMD003810;C0075;2025-12-03;23;1;13.25;LIVREE;point_relais;
CMD003811;C0309;2025-12-03;17;2;3.00;livrée;point_relais;
CMD003811;C0309;2025-12-03;2;2;2.80;Livrée;point_relais;
CMD003811;C0309;2025-12-03;25;4;5.19;livrée;point_relais;
CMD003812;C0178;2025-12-04;1;1,5;4.20;Livree;point_relais;
CMD003812;C0178;2025-12-04;39;2;5.19;LIVREE;point_relais;
CMD003812;C0178;04/12/2025;7;1;4.50;Livree;point_relais;
CMD003812;C0178;04/12/2025;34;2;5.09;Livrée;point_relais;
CMD003812;C0178;2025-12-04;11;1,5;3.20;Livrée;point_relais;
CMD003813;C0035;04/12/2025;21;2;10.49;Livrée;domicile;
CMD003814;C0141;2025-12-04;26;3;8,90;livrée;point_relais;
CMD003814;C0141;2025-12-04;39;1.5;5,19;Livree;Point_relais;
CMD003814;C0141;2025-12-04;39;1.5;5,19;Livree;Point_relais;
CMD003814;C0141;2025-12-04;17;2;3.00;LIVREE;point_relais;
CMD003815;C0178;2025-12-04;28;2;1.90;Livree;domicile;
CMD003816;C0055;2025-12-04;39;2;5,19;LIVREE;point_relais;
CMD003817;C0080;2025-12-04;39;1.5;5,19;LIVREE;domicile;
CMD003817;C0080;04/12/2025;32;1;2.20;livrée;domicile;
CMD003817;C0080;2025-12-04;27;1;3,40;Livree;domicile;
CMD003818;C0121;2025-12-04;7;0.5;4,50;LIVREE;point_relais;
CMD003818;C0121;2025-12-04;26;4;8,90;LIVREE;point_relais;
CMD003819;C0173;2025-12-04;32;1;2,20;Livree;point_relais;
CMD003819;C0173;2025-12-04;34;2;5.09;Livree;point_relais;
CMD003820;C0097;2025-12-05;18;2;4.20;Livrée;domicile;
CMD003820;C0097;2025-12-05;28;3;1,90;LIVREE;domicile;
CMD003821;C0126;2025-12-05;25;2;5.19;LIVREE;domicile;
CMD003822;C0283;2025-12-05;36;4;5.51;Annulée;domicile;rupture de stock
CMD003822;C0283;2025-12-05;34;2;5.09;annulée;domicile;rupture de stock
CMD003822;C0283;2025-12-05;31;3;1.20;annulee;domicile;rupture de stock
CMD003822;C0283;2025-12-05;1;1,5;4,20;annulee;domicile;rupture de stock
CMD003823;C0256;05/12/2025;21;1;10.49;Livrée;domicile;
CMD003823;C0256;2025-12-05;36;2;5.51;Livrée;domicile;
CMD003824;C0281;2025-12-05;34;1;5.09;livrée;retrait_ferme;
CMD003824;C0281;2025-12-05;21;1;10.49;LIVREE;retrait_ferme;
CMD003824;C0281;2025-12-05;23;3;13.25;Livree;retrait_ferme;
CMD003824;C0281;2025-12-05;33;4;4,45;LIVREE;retrait_ferme;
CMD003825;C0259;2025-12-05;24;4;5,94;LIVREE;domicile;
CMD003825;C0907;05/12/2025;26;2;8,90;Livree;domicile;
CMD003826;C0260;2025-12-05;28;1;1.90;livrée;point_relais;
CMD003827;C0211;05/12/2025;4;3;2.10;LIVREE;point_relais;
CMD003828;C0064;2025-12-06;24;2;5,94;Livree;point_relais;
CMD003829;C0280;2025-12-06;30;0.5;24.00;livrée;retrait_ferme;
CMD003829;C0280;2025-12-06;21;4;10.49;Livrée;retrait_ferme;
CMD003829;C0280;2025-12-06;13;3;5.40;livrée;retrait_ferme;
CMD003830;C0042;06/12/2025;2;1.5;2,80;livrée;domicile;
CMD003831;C0151;2025-12-06;38;1;5,60;LIVREE;domicile;
CMD003832;C0042;2025-12-06;28;3;1.90;Livrée;point_relais;
CMD003832;C0042;2025-12-06;6;2;1,40;LIVREE;point_relais;
CMD003833;C0246;2025-12-06;36;4;5.51;Livrée;domicile;
CMD003833;C0246;2025-12-06;30;0.2;24.00;livrée;domicile;
CMD003833;C0246;06/12/2025;15;3;5.80;livrée;domicile;
CMD003833;C0246;2025-12-06;37;3;3.10;LIVREE;domicile;
CMD003834;C0189;2025-12-06;20;3;8,69;livrée;domicile;
CMD003834;C0189;2025-12-06;2;3;2.80;Livrée;domicile;
CMD003835;C0008;2025-12-06;25;4;5,19;Livrée;domicile;
CMD003836;C0023;2025-12-06;30;0.5;24.00;Livrée;point_relais;
CMD003836;C0023;2025-12-06;40;3;3.71;Livrée;point_relais;
CMD003837;C0044;2025-12-06;35;4;4.13;Livrée;point_relais;
CMD003838;C0080;2025-12-06;31;3;1.20;Livrée;retrait_ferme;
CMD003838;C0080;06/12/2025;27;2;3.40;LIVREE;retrait_ferme;
CMD003838;C0911;06/12/2025;9;1.5;9.00;livrée;retrait_ferme;
CMD003839;C0224;2025-12-06;35;1;4.13;Livrée;domicile;
CMD003839;C0224;2025-12-06;39;1.5;5.19;Livrée;domicile;
CMD003839;C0224;2025-12-06;33;3;4.45;Livrée;Domicile;
CMD003839;C0224;2025-12-06;8;0.5;2,60;livrée;domicile;
CMD003840;C0093;2025-12-06;21;2;10.49;LIVREE;point_relais;
CMD003840;C0093;06/12/2025;37;4;3.10;LIVREE;point_relais;
CMD003840;C0093;2025-12-06;32;2;2,20;Livree;point_relais;
CMD003840;C0093;2025-12-06;35;1;4.13;Livrée;point_relais;
CMD003840;C0093;06/12/2025;20;2;8.69;livrée;point_relais;
CMD003841;C0151;2025-12-07;16;0,5;8.50;Livree;domicile;
CMD003841;C0151;2025-12-07;22;1;5,09;Livree;domicile;
CMD003842;C0011;2025-12-07;26;1;8.90;Livrée;point_relais;
CMD003842;C0011;2025-12-07;22;2;5,09;livrée;Point_relais;
CMD003843;C0014;07/12/2025;4;2;2.10;livrée;domicile;
CMD003843;C0014;2025-12-07;38;4;5,60;Livrée;domicile;
CMD003844;C0205;2025-12-07;32;2;2,20;LIVREE;point_relais;
CMD003844;C0205;2025-12-07;21;2;10.49;Livree;point_relais;
CMD003844;C0205;2025-12-07;16;3;8.50;LIVREE;point_relais;
CMD003845;C0027;2025-12-07;1;2;4,20;Livree;domicile;
CMD003845;C0027;2025-12-07;24;1;5,94;Livrée;domicile;
CMD003845;C0027;2025-12-07;38;1;5,60;livrée;domicile;
CMD003846;C0036;2025-12-07;21;2;10.49;LIVREE;point_relais;
CMD003846;C0036;2025-12-07;18;3;4.20;Livrée;point_relais;
CMD003847;C0062;2025-12-07;22;1;5,09;Livrée;domicile;
CMD003847;C0062;2025-12-07;20;1;8.69;livrée;domicile;
CMD003847;C0062;2025-12-07;32;2;2.20;livrée;domicile;
CMD003848;C0005;2025-12-07;1;3;4,20;livrée;Domicile;
CMD003849;C0048;2025-12-07;19;1;7.95;Livree;domicile;
CMD003849;C0048;2025-12-07;30;0.5;24,00;Livrée;domicile;
CMD003849;C0048;2025-12-07;35;1;4.13;Livree;domicile;
CMD003850;C0146;2025-12-07;35;2;4.13;LIVREE;retrait_ferme;
CMD003850;C0146;2025-12-07;40;2;3,71;LIVREE;Retrait_ferme;
CMD003850;C0146;2025-12-07;25;2;5.19;livrée;retrait_ferme;
CMD003851;C0168;2025-12-07;20;1;8,69;Livree;domicile;
CMD003851;C0168;2025-12-07;27;2;3.40;Livree;domicile;
CMD003851;C0168;2025-12-07;32;3;2.20;Livrée;domicile;
CMD003851;C0168;2025-12-07;26;2;8.90;Livrée;domicile;
CMD003851;C0168;2025-12-07;23;2;13.25;Livrée;domicile;
CMD003852;C0311;2025-12-07;11;1;3.20;LIVREE;point_relais;
CMD003852;C0311;2025-12-07;22;1;5.09;Livrée;point_relais;
CMD003853;C0038;2025-12-07;20;4;8.69;livrée;domicile;
CMD003853;C0038;2025-12-07;39;1;5,19;LIVREE;Domicile;
CMD003854;C0170;2025-12-07;29;0,2;28.00;LIVREE;point_relais;
CMD003854;C0170;2025-12-07;27;3;3.40;livrée;point_relais;
CMD003855;C0176;07-12-25;22;1;5.09;Livrée;domicile;
CMD003855;C0176;2025-12-07;30;0.2;24,00;LIVREE;domicile;
CMD003855;C0176;2025-12-07;30;0.2;24,00;LIVREE;domicile;
CMD003855;C0176;07/12/2025;31;1;1.20;livrée;domicile;
CMD003855;C0176;07/12/2025;31;1;1.20;livrée;domicile;
CMD003856;C0019;2025-12-07;19;2;7,95;LIVREE;retrait_ferme;
CMD003856;C0019;2025-12-07;23;3;13.25;LIVREE;retrait_ferme;
CMD003856;C0019;2025-12-07;20;4;8.69;LIVREE;retrait_ferme;
CMD003857;C0002;2025-12-07;21;3;10.49;Livree;point_relais;
CMD003858;C0161;08/12/2025;4;1.5;2.10;annulee;point_relais;paiement refusé
CMD003858;C0161;08/12/2025;28;2;1,90;annulee;point_relais;paiement refusé
CMD003858;C0161;2025-12-08;36;2;5.51;Annulée;point_relais;paiement refusé
CMD003859;C0237;2025-12-08;39;3;5.19;Livree;retrait_ferme;
CMD003859;C0237;08/12/2025;23;2;13,25;livrée;retrait_ferme;
CMD003859;C0237;2025-12-08;33;2;4.45;livrée;retrait_ferme;
CMD003860;C0055;2025-12-08;3;1;3.60;Livree;domicile;
CMD003860;C0055;2025-12-08;34;4;5,09;Livree;domicile;
CMD003860;C0055;2025-12-08;26;1;8,90;livrée;domicile;
CMD003861;C0147;08/12/2025;33;2;4,45;LIVREE;Domicile;
CMD003862;C0082;2025-12-08;7;3;4.50;livrée;Domicile;
CMD003862;C0082;2025-12-08;7;3;4.50;livrée;Domicile;
CMD003862;C0082;2025-12-08;37;2;3,10;LIVREE;domicile;
CMD003863;C0067;2025-12-08;11;2;3.20;livrée;retrait_ferme;
CMD003863;C0067;2025-12-08;39;1.5;5.19;Livree;retrait_ferme;
CMD003863;C0067;08-12-25;8;0.5;2.60;LIVREE;Retrait_ferme;
CMD003863;C0067;2025-12-08;40;2;3.71;Livrée;retrait_ferme;
CMD003864;C0010;2025-12-08;6;4;1.40;Livrée;retrait_ferme;
CMD003864;C0010;2025-12-08;13;1;5.40;Livrée;retrait_ferme;
CMD003864;C0010;2025-12-08;2;1.5;2.80;LIVREE;retrait_ferme;
CMD003864;C0010;2025-12-08;28;1;1.90;livrée;retrait_ferme;
CMD003864;C0010;2025-12-08;12;0.5;3.50;livrée;retrait_ferme;
CMD003865;C0032;2025-12-08;40;2;3.71;livrée;point_relais;
CMD003865;C0032;2025-12-08;27;2;3,40;LIVREE;point_relais;
CMD003866;C0078;2025-12-08;29;0,2;28,00;Livrée;domicile;
CMD003866;C0078;08/12/2025;11;1;3,20;Livree;domicile;
CMD003866;C0078;2025-12-08;25;3;5.19;livrée;domicile;
CMD003866;C0078;2025-12-08;23;1;13.25;Livrée;domicile;
CMD003866;C0078;08/12/2025;27;3;3,40;livrée;domicile;
CMD003867;C0297;08/12/2025;9;1.5;9.00;Livree;domicile;
CMD003867;C0297;08-12-25;21;2;10.49;Livree;domicile;
CMD003867;C0297;08/12/2025;12;2;3.50;Livrée;domicile;
CMD003867;C0297;08/12/2025;39;0,5;5.19;Livrée;Domicile;
CMD003868;C0070;2025-12-08;33;2;4.45;Livree;domicile;
CMD003868;C0070;2025-12-08;25;4;5.19;LIVREE;domicile;
CMD003869;C0012;2025-12-09;29;0,5;28.00;ANNULEE;Domicile;annulation client
CMD003869;C0012;2025-12-09;9;2;9,00;ANNULEE;domicile;annulation client
CMD003869;C0012;2025-12-09;17;2;3.00;annulee;domicile;annulation client
CMD003869;C0012;2025-12-09;39;3;5.19;ANNULEE;domicile;annulation client
CMD003870;C0042;09/12/2025;31;2;1.20;LIVREE;point_relais;
CMD003870;C0042;2025-12-09;7;3;4.50;livrée;point_relais;
CMD003870;C0042;2025-12-09;40;4;3,71;livrée;point_relais;
CMD003870;C0042;2025-12-09;39;1,5;5.19;livrée;point_relais;
CMD003871;C0130;2025-12-09;30;0,5;24,00;Livree;point_relais;
CMD003871;C0130;2025-12-09;28;4;1,90;Livree;point_relais;
CMD003871;C0130;2025-12-09;5;1;1.90;LIVREE;point_relais;
CMD003871;C0130;09/12/2025;23;4;13,25;LIVREE;point_relais;
CMD003872;C0092;2025-12-09;14;2;4.90;Annulée;domicile;annulation client
CMD003872;C0092;2025-12-09;38;4;5.60;Annulée;domicile;annulation client
CMD003872;C0092;2025-12-09;7;2;4.50;annulee;Domicile;annulation client
CMD003872;C0092;2025-12-09;37;3;3,10;ANNULEE;domicile;annulation client
CMD003873;C0138;09-12-25;38;2;5.60;Livrée;domicile;
CMD003873;C0138;2025-12-09;14;0.5;4.90;Livree;domicile;
CMD003874;C0283;2025-12-09;25;4;5,19;LIVREE;domicile;
CMD003874;C0283;2025-12-09;1;0,5;4,20;Livree;domicile;
CMD003875;C0048;2025-12-09;36;1;5.51;livrée;domicile;
CMD003875;C0048;2025-12-09;30;0.5;24,00;Livree;domicile;
CMD003875;C0048;2025-12-09;5;1;1.90;LIVREE;domicile;
CMD003876;C0014;2025-12-09;22;3;5.09;LIVREE;domicile;
CMD003876;C0014;2025-12-09;33;3;4.45;Livree;domicile;
CMD003876;C0014;09/12/2025;15;3;5.80;LIVREE;domicile;
CMD003877;C0091;2025-12-09;2;1;2,80;Livree;retrait_ferme;
CMD003878;C0244;2025-12-09;40;1;3.71;livrée;Domicile;
CMD003878;C0244;2025-12-09;20;2;8.69;LIVREE;domicile;
CMD003878;C0244;09/12/2025;28;1;1.90;Livree;domicile;
CMD003878;C0244;2025-12-09;1;1;4.20;livrée;domicile;
CMD003879;C0285;2025-12-10;3;3;3.60;Livree;domicile;
CMD003879;C0285;10/12/2025;25;4;5.19;Livrée;domicile;
CMD003879;C0285;2025-12-10;18;1;4.20;Livrée;Domicile;
CMD003879;C0285;2025-12-10;1;3;4.20;Livrée;domicile;
CMD003879;C0285;2025-12-10;23;4;13.25;Livree;domicile;
CMD003879;C0285;2025-12-10;23;4;13.25;Livree;domicile;
CMD003880;C0182;10/12/2025;29;0.5;28.00;Livrée;domicile;
CMD003880;C0182;2025-12-10;21;1;10.49;Livrée;domicile;
CMD003881;C0147;2025-12-10;39;1;5.19;Livree;point_relais;
CMD003881;C0147;2025-12-10;1;3;4.20;livrée;point_relais;
CMD003881;C0147;2025-12-10;21;2;10.49;LIVREE;point_relais;
CMD003882;C0098;2025-12-10;38;4;5.60;LIVREE;domicile;
CMD003882;C0098;2025-12-10;31;1;1,20;LIVREE;domicile;
CMD003882;C0098;2025-12-10;5;1;1,90;Livree;domicile;
CMD003882;C0098;2025-12-10;21;N/A;10,49;Livree;domicile;
CMD003883;C0287;2025-12-10;20;2;8.69;Livrée;domicile;
CMD003884;C0264;2025-12-10;23;1;13.25;LIVREE;point_relais;
CMD003884;C0264;10-12-25;25;2;5,19;Livree;point_relais;
CMD003885;C0989;10-12-25;4;3;2,10;Livrée;retrait_ferme;
CMD003885;C0160;2025-12-10;39;1;5.19;Livree;retrait_ferme;
CMD003886;C0111;2025-12-11;23;1;13,25;LIVREE;domicile;
CMD003886;C0111;2025-12-11;22;2;5,09;Livree;domicile;
CMD003887;C0262;2025-12-11;7;1.5;4.50;Livree;point_relais;
CMD003887;C0262;2025-12-11;17;1;3.00;livrée;point_relais;
CMD003887;C0262;2025-12-11;1;0,5;4.20;Livrée;point_relais;
CMD003887;C0262;2025-12-11;16;1.5;8,50;LIVREE;point_relais;
CMD003888;C0237;11/12/2025;36;1;5,51;livrée;point_relais;
CMD003888;C0237;2025-12-11;37;3;3,10;LIVREE;point_relais;
CMD003888;C0237;11/12/2025;2;1;2,80;Livrée;point_relais;
CMD003889;C0046;2025-12-11;11;1.5;3,20;Livree;domicile;
CMD003889;C0046;11/12/2025;40;2;3.71;livrée;domicile;
CMD003889;C0046;2025-12-11;29;0.2;28.00;livrée;domicile;
CMD003890;C0028;2025-12-11;22;3;5.09;Livree;domicile;
CMD003890;C0028;2025-12-11;37;1;3.10;livrée;domicile;
CMD003891;C0188;2025-12-11;8;2;2.60;Livrée;Domicile;
CMD003892;C0105;2025-12-11;22;2;5,09;Livree;domicile;
CMD003892;C0105;11-12-25;33;4;4.45;Livrée;domicile;
CMD003893;C0082;2025-12-12;13;2;5.40;Livree;Retrait_ferme;
CMD003893;C0082;12-12-25;37;3;3.10;livrée;retrait_ferme;
CMD003893;C0082;2025-12-12;25;2;5.19;livrée;retrait_ferme;
CMD003894;C0091;2025-12-12;1;3;4.20;LIVREE;domicile;
CMD003895;C0222;2025-12-12;32;3;2,20;Livrée;point_relais;
CMD003896;C0028;12-12-25;20;4;8.69;Livree;point_relais;
CMD003896;C0028;2025-12-12;22;2;5,09;LIVREE;point_relais;
CMD003897;C0073;2025-12-12;22;2;5,09;Livree;domicile;
CMD003897;C0073;2025-12-12;38;4;5.60;livrée;domicile;
CMD003898;C0098;2025-12-12;10;2;2,90;LIVREE;point_relais;
CMD003898;C0098;12/12/2025;30;0.5;24,00;LIVREE;point_relais;
CMD003898;C0098;12/12/2025;30;0.5;24,00;LIVREE;point_relais;
CMD003898;C0098;2025-12-12;16;0.5;8.50;Livrée;point_relais;
CMD003898;C0098;2025-12-12;27;4;3.40;livrée;point_relais;
CMD003899;C0022;12/12/2025;39;1.5;5.19;LIVREE;point_relais;
CMD003899;C0022;2025-12-12;17;1;3,00;Livrée;point_relais;
CMD003900;C0291;2025-12-13;5;1;1.90;Livree;domicile;
CMD003900;C0291;2025-12-13;35;4;4,13;LIVREE;domicile;
CMD003900;C0291;2025-12-13;22;2;5,09;Livrée;domicile;
CMD003901;C0250;2025-12-13;30;0.2;24.00;livrée;domicile;
CMD003901;C0250;2025-12-13;38;1;5.60;Livree;domicile;
CMD003901;C0250;2025-12-13;34;2;5,09;Livrée;domicile;
CMD003901;C0250;2025-12-13;33;2;4,45;Livrée;domicile;
CMD003902;C0283;2025-12-13;40;1;3.71;Livrée;domicile;
CMD003902;C0283;2025-12-13;32;1;2.20;Livree;domicile;
CMD003902;C0283;2025-12-13;13;0.5;5.40;livrée;Domicile;
CMD003903;C0306;2025-12-13;26;2;8.90;Annulée;domicile;annulation client
CMD003903;C0306;2025-12-13;33;3;4.45;ANNULEE;domicile;annulation client
CMD003903;C0306;2025-12-13;34;4;5.09;ANNULEE;domicile;annulation client
CMD003903;C0306;2025-12-13;27;3;3.40;ANNULEE;domicile;annulation client
CMD003904;C0176;2025-12-13;38;2;5.60;Livrée;domicile;
CMD003904;C0176;2025-12-13;15;3;5.80;Livrée;domicile;
CMD003905;C0134;2025-12-13;11;1;3.20;LIVREE;point_relais;
CMD003905;C0134;2025-12-13;25;2;5,19;Livrée;point_relais;
CMD003906;C0111;2025-12-13;2;1;2.80;Livree;domicile;
CMD003906;C0111;2025-12-13;25;3;5.19;LIVREE;domicile;
CMD003906;C0111;2025-12-13;40;2;3.71;Livree;domicile;
CMD003907;C0135;2025-12-13;36;3;5.51;Livrée;Domicile;
CMD003908;C0097;2025-12-13;14;2;4.90;LIVREE;domicile;
CMD003908;C0097;13-12-25;33;4;4,45;Livree;domicile;
CMD003908;C0097;2025-12-13;31;1;1.20;Livrée;domicile;
CMD003909;C0137;2025-12-13;40;3;3.71;Livree;point_relais;
CMD003909;C0137;2025-12-13;22;3;5,09;Livree;point_relais;
CMD003909;C0137;2025-12-13;32;3;2.20;Livree;point_relais;
CMD003910;C0099;2025-12-13;2;0.5;2,80;livrée;domicile;
CMD003910;C0099;2025-12-13;1;1;4.20;livrée;domicile;
CMD003911;C0211;2025-12-13;36;1;5.51;Livrée;point_relais;
CMD003911;C0211;13/12/2025;27;3;3.40;LIVREE;point_relais;
CMD003912;C0280;13/12/2025;36;1;5.51;Livrée;domicile;
CMD003912;C0280;2025-12-13;15;1;5,80;Livree;domicile;
CMD003913;C0175;2025-12-13;31;1;1,20;Livrée;domicile;
CMD003913;C0175;13-12-25;21;2;10.49;Livrée;domicile;
CMD003914;C0167;2025-12-14;37;2;3,10;LIVREE;point_relais;
CMD003915;C0248;2025-12-14;40;1;3.71;livrée;point_relais;
CMD003916;C0300;14/12/2025;14;0,5;4.90;LIVREE;point_relais;
CMD003916;C0300;2025-12-14;32;2;2,20;Livree;point_relais;
CMD003917;C0256;2025-12-14;12;0,5;3.50;livrée;retrait_ferme;
CMD003917;C0256;2025-12-14;2;1,5;2.80;Livrée;retrait_ferme;
CMD003918;C0292;2025-12-14;1;1;4.20;LIVREE;domicile;
CMD003919;C0216;2025-12-14;34;1;5.09;LIVREE;retrait_ferme;
CMD003919;C0216;2025-12-14;33;4;4.45;LIVREE;Retrait_ferme;
CMD003920;C0004;14/12/2025;23;1;13.25;Livrée;Point_relais;
CMD003921;C0162;14/12/2025;27;2;3.40;Livree;retrait_ferme;
CMD003921;C0162;2025-12-14;31;2;1.20;Livrée;Retrait_ferme;
CMD003921;C0162;2025-12-14;26;1;8.90;LIVREE;retrait_ferme;
CMD003922;C0162;2025-12-14;21;1;10.49;Livrée;domicile;
CMD003922;C0162;2025-12-14;32;3;2.20;Livree;domicile;
CMD003922;C0162;2025-12-14;19;2;7.95;livrée;domicile;
CMD003923;C0116;2025-12-14;25;4;5.19;LIVREE;domicile;
CMD003923;C0116;14/12/2025;29;0.2;28.00;Livrée;domicile;
CMD003923;C0116;14/12/2025;3;3;3.60;Livree;domicile;
CMD003923;C0116;2025-12-14;32;2;2.20;livrée;domicile;
CMD003923;C0116;2025-12-14;38;2;5,60;Livrée;domicile;
CMD003924;C0093;2025-12-14;31;3;1.20;Livree;point_relais;
CMD003924;C0093;2025-12-14;13;2;5.40;Livrée;point_relais;
CMD003924;C0093;2025-12-14;19;1;7,95;LIVREE;point_relais;
CMD003925;C0230;2025-12-14;5;3;1,90;Livrée;domicile;
CMD003925;C0230;2025-12-14;25;2;5.19;Livree;domicile;
CMD003925;C0230;2025-12-14;29;0.5;28.00;livrée;domicile;
CMD003925;C0230;14/12/2025;35;3;4,13;livrée;domicile;
CMD003926;C0079;2025-12-14;4;3;2.10;Livree;point_relais;
CMD003926;C0079;14/12/2025;36;2;5.51;LIVREE;point_relais;
CMD003926;C0079;14/12/2025;36;2;5.51;LIVREE;point_relais;
CMD003926;C0079;14/12/2025;27;2;3.40;livrée;point_relais;
CMD003927;C0165;14/12/2025;23;2;13.25;LIVREE;domicile;
CMD003927;C0165;14-12-25;20;1;8.69;LIVREE;domicile;
CMD003928;C0093;2025-12-14;36;2;5,51;LIVREE;domicile;
CMD003929;C0080;14/12/2025;38;1;5,60;LIVREE;domicile;
CMD003929;C0080;2025-12-14;22;2;5,09;LIVREE;domicile;
CMD003930;C0282;2025-12-14;35;2;4.13;Livree;point_relais;
CMD003930;C0282;2025-12-14;31;1;1.20;Livrée;point_relais;
CMD003930;C0282;2025-12-14;18;1;4.20;Livrée;point_relais;
CMD003930;C0282;2025-12-14;23;1;13.25;livrée;point_relais;
CMD003931;C0075;2025-12-15;35;2;4.13;Livrée;point_relais;
CMD003931;C0075;2025-12-15;37;1;3.10;Livrée;point_relais;
CMD003932;C0297;15/12/2025;12;1.5;3,50;livrée;retrait_ferme;
CMD003932;C0297;2025-12-15;21;N/A;10.49;LIVREE;Retrait_ferme;
CMD003932;C0297;15/12/2025;30;0.2;24.00;Livree;retrait_ferme;
CMD003933;C0095;2025-12-15;11;3;3.20;LIVREE;domicile;
CMD003933;C0095;2025-12-15;30;0.5;24,00;livrée;domicile;
CMD003933;C0095;2025-12-15;1;3;4,20;Livree;domicile;
CMD003934;C0084;2025-12-15;29;0.5;28.00;LIVREE;Point_relais;
CMD003934;C0084;2025-12-15;3;3;3.60;Livrée;point_relais;
CMD003935;C0199;2025-12-15;25;2;5.19;LIVREE;domicile;
CMD003936;C0118;2025-12-15;40;4;3.71;annulee;point_relais;client absent
CMD003937;C0203;15-12-25;35;1;4.13;LIVREE;retrait_ferme;
CMD003937;C0203;2025-12-15;36;4;5,51;LIVREE;Retrait_ferme;
CMD003937;C0203;15/12/2025;33;4;4,45;livrée;retrait_ferme;
CMD003937;C0203;2025-12-15;20;3;8.69;LIVREE;retrait_ferme;
CMD003938;C0222;2025-12-15;39;3;5,19;Livrée;point_relais;
CMD003938;C0222;2025-12-15;9;2;9,00;livrée;point_relais;
CMD003939;C0080;2025-12-15;14;0.5;4,90;Livree;point_relais;
CMD003939;C0080;2025-12-15;14;0.5;4,90;Livree;point_relais;
CMD003939;C0080;15/12/2025;22;4;5,09;Livrée;point_relais;
CMD003939;C0080;2025-12-15;24;3;5.94;Livrée;point_relais;
CMD003939;C0080;2025-12-15;25;1;5.19;Livrée;point_relais;
CMD003939;C0080;15/12/2025;20;2;8.69;LIVREE;point_relais;
CMD003940;C0248;2025-12-15;8;0.5;2.60;Livree;retrait_ferme;
CMD003941;C0048;2025-12-16;29;0,2;28.00;Livree;point_relais;
CMD003941;C0048;2025-12-16;6;2;1,40;Livrée;point_relais;
CMD003942;C0173;2025-12-16;26;1;8.90;LIVREE;domicile;
CMD003942;C0173;2025-12-16;38;2;5.60;livrée;domicile;
CMD003942;C0173;2025-12-16;29;0.2;28,00;livrée;domicile;
CMD003942;C0173;2025-12-16;24;3;5.94;Livree;domicile;
CMD003943;C0285;2025-12-16;22;2;5,09;livrée;retrait_ferme;
CMD003943;C0285;2025-12-16;9;0.5;9.00;livrée;retrait_ferme;
CMD003944;C0060;2025-12-16;3;1,5;3.60;Livree;domicile;
CMD003945;C0254;2025-12-16;21;1;10,49;Livrée;domicile;
CMD003946;C0092;2025-12-16;25;3;5.19;livrée;domicile;
CMD003947;C0183;2025-12-16;16;1;8.50;Livree;domicile;
CMD003948;C0291;2025-12-16;27;1;3.40;Livree;domicile;
CMD003948;C0291;2025-12-16;22;2;5,09;LIVREE;domicile;
CMD003948;C0291;16/12/2025;18;1;4,20;Livree;domicile;
CMD003948;C0291;2025-12-16;15;0.5;5.80;Livree;domicile;
CMD003948;C0291;2025-12-16;23;1;13.25;Livree;domicile;
CMD003949;C0036;2025-12-16;39;1;5,19;Livree;domicile;
CMD003949;C0036;2025-12-16;30;0.2;24,00;Livrée;domicile;
CMD003949;C0036;2025-12-16;30;0.2;24,00;Livrée;domicile;
CMD003950;C0057;2025-12-17;17;1;3.00;livrée;domicile;
CMD003951;C0078;2025-12-17;36;2;5,51;LIVREE;domicile;
CMD003951;C0078;2025-12-17;6;1;1,40;LIVREE;Domicile;
CMD003952;C0036;2025-12-17;2;3;2.80;Livrée;domicile;
CMD003952;C0036;2025-12-17;22;3;5.09;Livrée;domicile;
CMD003952;C0036;2025-12-17;13;0,5;5.40;Livree;domicile;
CMD003953;C0170;2025-12-17;3;1,5;3.60;Livrée;Domicile;
CMD003954;C0194;17/12/2025;12;1;3.50;Livree;retrait_ferme;
CMD003954;C0194;17/12/2025;13;1;5.40;LIVREE;retrait_ferme;
CMD003955;C0277;2025-12-17;26;1;8.90;Livrée;point_relais;
CMD003956;C0011;2025-12-17;15;1;5.80;Livrée;point_relais;
CMD003957;C0297;2025-12-18;9;1,5;9.00;livrée;point_relais;
CMD003958;C0227;18/12/2025;20;1;8.69;Livree;domicile;
CMD003958;C0227;18/12/2025;32;4;2,20;livrée;domicile;
CMD003959;C0254;2025-12-18;21;2;10.49;Livree;point_relais;
CMD003959;C0254;2025-12-18;28;2;1.90;livrée;point_relais;
CMD003960;C0178;18-12-25;8;1.5;2.60;Livrée;domicile;
CMD003960;C0178;2025-12-18;39;1;5.19;livrée;domicile;
CMD003961;C0081;2025-12-18;35;1;4.13;Livrée;retrait_ferme;
CMD003962;C0118;2025-12-18;35;2;4.13;Livree;domicile;
CMD003963;C0258;2025-12-18;39;1.5;5.19;livrée;point_relais;
CMD003963;C0258;2025-12-18;30;0.2;24.00;Livree;point_relais;
CMD003964;C0094;2025-12-18;11;2;3,20;LIVREE;domicile;
CMD003964;C0094;2025-12-18;30;0.2;24,00;livrée;domicile;
CMD003965;C0254;2025-12-19;23;2;13.25;LIVREE;point_relais;
CMD003966;C0211;2025-12-19;1;1;4.20;LIVREE;point_relais;
CMD003966;C0211;2025-12-19;40;1;3.71;Livree;point_relais;
CMD003966;C0211;2025-12-19;6;2;1,40;Livrée;point_relais;
CMD003967;C0017;2025-12-19;33;1;4.45;Livree;point_relais;
CMD003968;C0295;2025-12-19;38;2;5,60;Livrée;point_relais;
CMD003969;C0093;2025-12-19;18;3;4.20;Livrée;Domicile;
CMD003970;C0201;2025-12-19;6;1;1,40;Livree;domicile;
CMD003971;C0287;2025-12-19;37;1;3,10;LIVREE;domicile;
CMD003971;C0287;2025-12-19;8;0.5;2,60;livrée;Domicile;
CMD003971;C0287;2025-12-19;28;1;1,90;LIVREE;domicile;
CMD003971;C0287;2025-12-19;29;0.5;28.00;Livree;domicile;
CMD003971;C0287;2025-12-19;38;2;5.60;Livrée;domicile;
CMD003972;C0216;19/12/2025;28;1;1,90;Annulée;retrait_ferme;annulation client
CMD003972;C0216;2025-12-19;27;2;3,40;annulée;retrait_ferme;annulation client
CMD003972;C0216;2025-12-19;35;1;4.13;ANNULEE;retrait_ferme;annulation client
CMD003972;C0216;2025-12-19;20;4;8.69;annulée;retrait_ferme;annulation client
CMD003972;C0216;2025-12-19;34;1;5,09;annulée;retrait_ferme;annulation client
CMD003973;C0200;2025-12-19;40;1;3.71;LIVREE;domicile;
CMD003973;C0200;2025-12-19;24;1;5.94;livrée;domicile;
CMD003973;C0200;2025-12-19;37;1;3.10;livrée;domicile;
CMD003973;C0200;19-12-25;34;2;5.09;LIVREE;domicile;
CMD003974;C0058;20/12/2025;31;3;1,20;Livree;domicile;
CMD003974;C0058;2025-12-20;32;2;2.20;livrée;domicile;
CMD003975;C0059;2025-12-20;29;0,2;28.00;Livrée;point_relais;
CMD003976;C0055;2025-12-20;24;2;5.94;livrée;Point_relais;
CMD003976;C0055;2025-12-20;25;2;5.19;Livrée;point_relais;
CMD003977;C0070;2025-12-20;22;1;5.09;Livrée;domicile;
CMD003977;C0070;2025-12-20;39;1;5.19;Livrée;domicile;
CMD003978;C0042;2025-12-20;19;1;7.95;livrée;Domicile;
CMD003978;C0042;2025-12-20;38;1;5.60;Livrée;domicile;
CMD003979;C0080;2025-12-20;3;3;3.60;Livree;domicile;
CMD003979;C0080;2025-12-20;16;1,5;8.50;LIVREE;domicile;
CMD003979;C0080;20/12/2025;19;2;7.95;livrée;domicile;
CMD003980;C0263;2025-12-20;5;0,5;1.90;Livree;domicile;
CMD003980;C0263;2025-12-20;31;3;1,20;Livree;domicile;
CMD003980;C0263;2025-12-20;14;1;4,90;LIVREE;domicile;
CMD003980;C0263;2025-12-20;39;1;5,19;LIVREE;domicile;
CMD003981;C0162;2025-12-20;26;2;8,90;LIVREE;point_relais;
CMD003981;C0162;2025-12-20;35;4;4,13;Livrée;point_relais;
CMD003981;C0162;2025-12-20;20;3;8.69;LIVREE;point_relais;
CMD003982;C0116;2025-12-20;16;0.5;8.50;livrée;point_relais;
CMD003982;C0116;2025-12-20;14;0.5;4.90;Livree;point_relais;
CMD003983;C0176;2025-12-20;33;1;4.45;Livree;point_relais;
CMD003983;C0176;2025-12-20;36;4;5.51;Livree;Point_relais;
CMD003984;C0260;2025-12-20;23;1;13.25;Livrée;point_relais;
CMD003984;C0260;2025-12-20;24;3;5.94;LIVREE;point_relais;
CMD003984;C0260;2025-12-20;31;1;1,20;Livrée;Point_relais;
CMD003985;C0131;20-12-25;8;0.5;2.60;Livree;domicile;
CMD003985;C0131;20-12-25;8;0.5;2.60;Livree;domicile;
CMD003985;C0131;2025-12-20;14;2;4,90;Livrée;domicile;
CMD003985;C0131;2025-12-20;9;2;9.00;Livrée;domicile;
CMD003986;C0151;2025-12-20;27;2;3.40;LIVREE;domicile;
CMD003987;C0063;2025-12-20;10;2;2,90;Livree;domicile;
CMD003987;C0063;2025-12-20;40;3;3.71;Livrée;domicile;
CMD003988;C0006;2025-12-20;1;1.5;4.20;Livree;point_relais;
CMD003988;C0006;2025-12-20;3;3;3,60;livrée;point_relais;
CMD003989;C0064;2025-12-20;27;4;3.40;LIVREE;retrait_ferme;
CMD003989;C0064;2025-12-20;23;3;13.25;Livrée;Retrait_ferme;
CMD003989;C0064;20/12/2025;35;4;4,13;Livrée;retrait_ferme;
CMD003990;C0151;2025-12-21;29;0.5;28.00;Livrée;domicile;
CMD003991;C0076;2025-12-21;22;3;5.09;livrée;domicile;
CMD003991;C0076;2025-12-21;37;2;3.10;LIVREE;domicile;
CMD003992;C0005;2025-12-21;37;2;3.10;annulee;retrait_ferme;rupture de stock
CMD003992;C0005;2025-12-21;23;4;13,25;ANNULEE;retrait_ferme;rupture de stock
CMD003993;C0201;2025-12-21;37;2;3,10;Livree;domicile;
CMD003994;C0210;21/12/2025;40;2;3,71;Livrée;domicile;
CMD003995;C0158;21-12-25;17;2;3.00;Livrée;point_relais;
CMD003995;C0158;2025-12-21;14;3;4.90;Livree;Point_relais;
CMD003995;C0158;2025-12-21;29;0,2;28.00;Livrée;point_relais;
CMD003996;C0185;21/12/2025;32;2;2.20;LIVREE;point_relais;
CMD003996;C0185;2025-12-21;31;3;1.20;livrée;point_relais;
CMD003997;C0070;2025-12-21;18;N/A;4,20;Livrée;domicile;
CMD003997;C0070;2025-12-21;33;1;4.45;livrée;domicile;
CMD003997;C0070;2025-12-21;29;0.5;28,00;Livrée;domicile;
CMD003998;C0105;21/12/2025;10;1;2,90;livrée;point_relais;
CMD003998;C0105;2025-12-21;30;0,5;24.00;livrée;point_relais;
CMD003998;C0105;21/12/2025;31;2;1,20;LIVREE;point_relais;
CMD003998;C0105;21/12/2025;14;1.5;4.90;LIVREE;point_relais;
CMD003999;C0098;21/12/2025;13;0,5;5,40;Livree;retrait_ferme;
CMD003999;C0098;2025-12-21;38;2;5,60;LIVREE;retrait_ferme;
CMD003999;C0098;2025-12-21;37;1;3.10;LIVREE;retrait_ferme;
CMD003999;C0098;2025-12-21;26;1;8.90;livrée;retrait_ferme;
CMD003999;C0098;2025-12-21;35;3;4.13;Livree;retrait_ferme;
CMD004000;C0291;2025-12-21;22;1;5.09;Livrée;retrait_ferme;
CMD004000;C0291;21/12/2025;39;2;5.19;Livrée;retrait_ferme;
CMD004000;C0291;2025-12-21;20;4;8.69;Livree;retrait_ferme;
CMD004000;C0291;2025-12-21;33;3;4.45;livrée;retrait_ferme;
CMD004001;C0300;2025-12-21;28;2;1.90;Livree;domicile;
CMD004001;C0300;2025-12-21;4;1.5;2.10;livrée;domicile;
CMD004001;C0300;2025-12-21;8;3;2,60;Livrée;domicile;
CMD004002;C0295;21/12/2025;27;2;3.40;Livrée;Retrait_ferme;
CMD004003;C0103;21/12/2025;15;0,5;5.80;livrée;domicile;
CMD004003;C0103;2025-12-21;32;2;2.20;LIVREE;domicile;
CMD004003;C0103;2025-12-21;24;3;5,94;Livree;domicile;
CMD004004;C0284;2025-12-21;1;3;4.20;Livrée;domicile;
CMD004004;C0284;2025-12-21;38;2;5.60;Livree;domicile;
CMD004005;C0017;2025-12-21;8;0.5;2.60;LIVREE;domicile;
CMD004005;C0017;2025-12-21;29;0.2;28.00;Livree;domicile;
CMD004005;C0017;2025-12-21;38;3;5,60;Livrée;domicile;
CMD004005;C0017;2025-12-21;27;3;3.40;LIVREE;domicile;
CMD004006;C0062;2025-12-22;27;3;3.40;Livree;retrait_ferme;
CMD004006;C0062;2025-12-22;4;1.5;2.10;livrée;retrait_ferme;
CMD004006;C0062;2025-12-22;31;1;1.20;Livrée;retrait_ferme;
CMD004006;C0062;2025-12-22;37;1;3.10;LIVREE;Retrait_ferme;
CMD004007;C0252;2025-12-22;20;1;8.69;livrée;point_relais;
CMD004008;C0017;2025-12-22;26;2;8.90;livrée;retrait_ferme;
CMD004009;C0073;2025-12-22;14;0.5;4,90;annulée;domicile;client absent
CMD004009;C0073;2025-12-22;40;3;3.71;annulee;domicile;client absent
CMD004009;C0073;2025-12-22;22;3;5.09;annulee;domicile;client absent
CMD004010;C0199;2025-12-22;10;1.5;2.90;Livrée;domicile;
CMD004010;C0199;2025-12-22;31;3;1.20;LIVREE;domicile;
CMD004011;C0010;2025-12-22;29;0,5;28.00;annulée;domicile;rupture de stock
CMD004011;C0010;2025-12-22;18;1;4.20;ANNULEE;domicile;rupture de stock
CMD004012;C0209;2025-12-22;36;2;5.51;Livrée;point_relais;
CMD004012;C0209;22/12/2025;8;1;2,60;Livrée;point_relais;
CMD004012;C0209;2025-12-22;30;0.2;24.00;livrée;point_relais;
CMD004013;C0133;2025-12-22;23;1;13.25;Livrée;point_relais;
CMD004013;C0133;22/12/2025;19;2;7.95;Livree;point_relais;
CMD004013;C0133;2025-12-22;35;2;4.13;Livree;point_relais;
CMD004014;C0256;22/12/2025;23;1;13.25;livrée;domicile;
CMD004014;C0256;22/12/2025;38;1;5.60;Livree;domicile;
CMD004014;C0256;22/12/2025;26;2;8.90;Livrée;domicile;
CMD004015;C0298;2025-12-22;19;4;7.95;livrée;point_relais;
CMD004015;C0298;2025-12-22;25;1;5.19;Livree;point_relais;
CMD004015;C0298;2025-12-22;37;1;3.10;LIVREE;point_relais;
CMD004016;C0008;2025-12-22;20;3;8.69;Livree;domicile;
CMD004016;C0008;2025-12-22;34;4;5.09;livrée;Domicile;
CMD004016;C0008;2025-12-22;19;3;7.95;livrée;domicile;
CMD004016;C0008;22-12-25;33;2;4.45;Livrée;domicile;
CMD004016;C0008;2025-12-22;31;2;1.20;livrée;domicile;
CMD004017;C0141;2025-12-22;30;0,5;24.00;Livree;point_relais;
CMD004017;C0141;2025-12-22;27;1;3.40;LIVREE;point_relais;
CMD004017;C0141;22/12/2025;39;0,5;5.19;Livree;point_relais;
CMD004017;C0141;2025-12-22;31;1;1.20;livrée;point_relais;
CMD004018;C0209;2025-12-23;20;1;8,69;livrée;domicile;
CMD004019;C0120;23-12-25;16;0.5;8.50;LIVREE;point_relais;
CMD004019;C0120;2025-12-23;19;3;7.95;Livrée;point_relais;
CMD004020;C0222;2025-12-23;31;2;1.20;annulée;point_relais;annulation client
CMD004020;C0222;2025-12-23;39;3;5.19;annulee;point_relais;annulation client
CMD004020;C0222;2025-12-23;39;3;5.19;annulee;point_relais;annulation client
CMD004021;C0282;2025-12-23;30;0.2;24,00;livrée;domicile;
CMD004022;C0076;2025-12-23;31;1;1,20;livrée;point_relais;
CMD004022;C0076;2025-12-23;23;1;13.25;Livrée;point_relais;
CMD004023;C0230;2025-12-23;29;0.2;28.00;livrée;retrait_ferme;
CMD004023;C0230;2025-12-23;39;2;5.19;Livree;retrait_ferme;
CMD004024;C0015;2025-12-23;8;2;2.60;Livrée;domicile;
CMD004025;C0097;2025-12-23;8;0,5;2,60;LIVREE;retrait_ferme;
CMD004025;C0097;2025-12-23;37;1;3.10;Livrée;retrait_ferme;
CMD004026;C0015;23/12/2025;15;0,5;5.80;LIVREE;point_relais;
CMD004027;C0282;2025-12-23;33;1;4.45;Livree;Point_relais;
CMD004028;C0099;2025-12-23;19;4;7.95;livrée;point_relais;
CMD004028;C0099;2025-12-23;26;4;8.90;LIVREE;point_relais;
CMD004029;C0273;2025-12-23;29;N/A;28,00;Livree;domicile;
CMD004029;C0273;23/12/2025;38;3;5.60;Livrée;domicile;
CMD004029;C0273;23-12-25;37;2;3.10;livrée;Domicile;
CMD004029;C0273;23/12/2025;20;2;8,69;LIVREE;domicile;
CMD004029;C0273;2025-12-23;40;1;3.71;livrée;Domicile;
CMD004030;C0145;2025-12-23;3;3;3.60;livrée;point_relais;
CMD004030;C0145;2025-12-23;26;3;8,90;Livrée;point_relais;
CMD004031;C0141;2025-12-24;1;1;4.20;Livree;retrait_ferme;
CMD004031;C0141;2025-12-24;23;1;13.25;livrée;retrait_ferme;
CMD004032;C0176;2025-12-24;16;0.5;8.50;LIVREE;point_relais;
CMD004032;C0176;2025-12-24;26;1;8,90;livrée;point_relais;
CMD004033;C0133;2025-12-24;30;0,2;24,00;LIVREE;point_relais;
CMD004033;C0133;2025-12-24;24;2;5.94;Livree;point_relais;
CMD004033;C0133;2025-12-24;27;2;3.40;livrée;point_relais;
CMD004033;C0133;24/12/2025;1;2;4.20;LIVREE;point_relais;
CMD004033;C0133;2025-12-24;26;3;8,90;Livree;point_relais;
CMD004034;C0012;2025-12-24;8;1;2.60;Livree;domicile;
CMD004034;C0012;2025-12-24;22;4;5.09;Livrée;domicile;
CMD004034;C0012;2025-12-24;14;3;4.90;Livrée;domicile;
CMD004035;C0012;24/12/2025;11;1,5;3,20;Livree;domicile;
CMD004035;C0012;2025-12-24;9;2;9.00;Livrée;domicile;
CMD004036;C0027;2025-12-24;34;2;5,09;livrée;domicile;
CMD004036;C0027;24/12/2025;16;1.5;8.50;Livree;domicile;
CMD004037;C0089;2025-12-24;33;2;4.45;livrée;domicile;
CMD004037;C0089;2025-12-24;16;1;8.50;LIVREE;domicile;
CMD004037;C0089;2025-12-24;36;2;5.51;livrée;domicile;
CMD004037;C0089;2025-12-24;23;2;13.25;Livrée;Domicile;
CMD004038;C0099;2025-12-24;35;1;4,13;Livree;domicile;
CMD004038;C0099;24/12/2025;28;3;1.90;livrée;domicile;
CMD004038;C0099;2025-12-24;14;1.5;4.90;Livrée;domicile;
CMD004039;C0183;2025-12-24;25;1;5.19;Livree;domicile;
CMD004039;C0183;2025-12-24;6;2;1.40;LIVREE;domicile;
CMD004039;C0183;2025-12-24;2;1;2.80;Livree;domicile;
CMD004039;C0183;24/12/2025;27;1;3.40;livrée;domicile;
CMD004040;C0282;2025-12-24;39;1.5;5.19;livrée;domicile;
CMD004040;C0282;2025-12-24;26;4;8.90;Livrée;domicile;
CMD004041;C0211;2025-12-25;11;1.5;3.20;Livrée;point_relais;
CMD004042;C0062;2025-12-25;10;3;2,90;Livree;domicile;
CMD004042;C0062;2025-12-25;34;1;5.09;Livree;domicile;
CMD004042;C0062;2025-12-25;19;2;7.95;livrée;domicile;
CMD004043;C0300;2025-12-25;30;0,2;24.00;livrée;domicile;
CMD004043;C0300;2025-12-25;24;1;5.94;LIVREE;domicile;
CMD004043;C0300;2025-12-25;15;2;5,80;livrée;domicile;
CMD004044;C0092;25-12-25;10;3;2,90;Livree;Domicile;
CMD004044;C0092;25-12-25;21;2;10.49;Livree;domicile;
CMD004044;C0092;25/12/2025;29;0,5;28,00;LIVREE;domicile;
CMD004044;C0092;2025-12-25;28;4;1.90;LIVREE;domicile;
CMD004045;C0073;2025-12-25;14;3;4.90;livrée;point_relais;
CMD004045;C0073;25-12-25;22;2;5,09;Livrée;point_relais;
CMD004046;C0151;2025-12-25;28;1;1.90;ANNULEE;domicile;rupture de stock
CMD004047;C0070;2025-12-25;40;2;3,71;Annulée;domicile;client absent
CMD004048;C0082;2025-12-25;5;1.5;1.90;annulee;Domicile;annulation client
CMD004048;C0082;2025-12-25;23;3;13.25;annulee;domicile;annulation client
CMD004048;C0082;2025-12-25;39;0.5;5.19;annulée;domicile;annulation client
CMD004049;C0205;25/12/2025;24;3;5.94;Livree;domicile;
CMD004050;C0078;2025-12-25;8;1.5;2,60;LIVREE;point_relais;
CMD004050;C0078;2025-12-25;35;2;4.13;Livrée;Point_relais;
CMD004050;C0078;2025-12-25;14;0.5;4,90;Livrée;point_relais;
CMD004051;C0188;2025-12-25;33;4;4.45;Livrée;domicile;
CMD004051;C0188;2025-12-25;1;0.5;4.20;livrée;domicile;
CMD004051;C0188;2025-12-25;13;1,5;5.40;livrée;domicile;
CMD004051;C0188;2025-12-25;26;3;8.90;Livrée;domicile;
CMD004052;C0189;2025-12-25;30;0.2;24.00;Livrée;domicile;
CMD004052;C0189;2025-12-25;23;2;13.25;Livrée;domicile;
CMD004053;C0282;2025-12-25;26;2;8.90;Livrée;point_relais;
CMD004053;C0282;25-12-25;32;1;2.20;LIVREE;point_relais;
CMD004054;C0241;2025-12-25;24;4;5,94;livrée;domicile;
CMD004054;C0241;2025-12-25;11;2;3.20;livrée;domicile;
CMD004055;C0032;26/12/2025;22;2;5.09;livrée;point_relais;
CMD004056;C0104;2025-12-26;20;4;8.69;Livree;domicile;
CMD004056;C0104;2025-12-26;36;3;5.51;livrée;domicile;
CMD004056;C0104;2025-12-26;2;3;2.80;LIVREE;domicile;
CMD004056;C0104;26-12-25;21;2;10,49;Livrée;domicile;
CMD004056;C0104;2025-12-26;19;4;7.95;Livree;domicile;
CMD004057;C0147;2025-12-26;16;0.5;8,50;Livree;domicile;
CMD004057;C0147;26/12/2025;24;4;5,94;Livrée;domicile;
CMD004057;C0147;2025-12-26;34;2;5.09;livrée;domicile;
CMD004057;C0147;2025-12-26;31;2;1.20;Livree;domicile;
CMD004057;C0147;26/12/2025;23;1;13.25;LIVREE;domicile;
CMD004058;C0042;2025-12-26;4;0,5;2.10;LIVREE;point_relais;
CMD004059;C0002;2025-12-26;38;2;5.60;livrée;point_relais;
CMD004059;C0904;26/12/2025;35;1;4.13;Livree;point_relais;
CMD004059;C0986;2025-12-26;10;1;2.90;livrée;point_relais;
CMD004060;C0273;2025-12-26;35;3;4.13;Livrée;domicile;
CMD004060;C0273;2025-12-26;18;2;4,20;LIVREE;domicile;
CMD004060;C0273;26-12-25;14;1.5;4.90;Livree;domicile;
CMD004061;C0139;2025-12-26;8;1.5;2.60;Livree;Domicile;
CMD004061;C0139;2025-12-26;19;4;7.95;livrée;domicile;
CMD004061;C0139;2025-12-26;12;1;3.50;Livrée;domicile;
CMD004061;C0139;2025-12-26;26;4;8.90;livrée;domicile;
CMD004062;C0099;2025-12-27;25;1;5.19;LIVREE;Retrait_ferme;
CMD004062;C0099;27/12/2025;21;1;10.49;livrée;retrait_ferme;
CMD004063;C0253;2025-12-27;3;3;3,60;LIVREE;Domicile;
CMD004063;C0253;27/12/2025;2;0.5;2.80;Livree;domicile;
CMD004063;C0253;27/12/2025;29;0.2;28.00;Livrée;domicile;
CMD004064;C0955;27/12/2025;35;2;4.13;LIVREE;Retrait_ferme;
CMD004064;C0145;27/12/2025;33;2;4.45;Livree;retrait_ferme;
CMD004065;C0113;2025-12-27;22;2;5.09;Livree;domicile;
CMD004065;C0113;2025-12-27;34;1;5.09;Livrée;domicile;
CMD004065;C0113;27/12/2025;20;1;8,69;livrée;domicile;
CMD004066;C0185;2025-12-27;25;2;5.19;livrée;retrait_ferme;
CMD004067;C0263;2025-12-27;31;1;1.20;Livrée;domicile;
CMD004067;C0263;2025-12-27;32;3;2.20;LIVREE;domicile;
CMD004068;C0213;2025-12-27;22;3;5.09;Livrée;point_relais;
CMD004069;C0010;2025-12-27;1;1.5;4.20;Livree;domicile;
CMD004069;C0010;27/12/2025;28;3;1,90;Livrée;domicile;
CMD004069;C0010;27/12/2025;21;3;10.49;Livree;domicile;
CMD004069;C0010;2025-12-27;19;4;7.95;LIVREE;domicile;
CMD004069;C0010;27/12/2025;13;3;5.40;Livrée;domicile;
CMD004070;C0185;2025-12-27;1;2;4.20;Livree;point_relais;
CMD004070;C0185;2025-12-27;37;1;3,10;Livrée;Point_relais;
CMD004070;C0185;2025-12-27;18;1;4.20;LIVREE;point_relais;
CMD004071;C0185;2025-12-27;19;4;7,95;livrée;domicile;
CMD004072;C0236;2025-12-27;33;2;4.45;LIVREE;point_relais;
CMD004072;C0236;2025-12-27;20;3;8.69;LIVREE;point_relais;
CMD004072;C0236;2025-12-27;17;1;3,00;livrée;point_relais;
CMD004073;C0046;2025-12-27;25;1;5.19;Livrée;domicile;
CMD004073;C0046;27/12/2025;8;0,5;2.60;livrée;domicile;
CMD004073;C0046;27/12/2025;17;1;3.00;Livree;domicile;
CMD004074;C0108;27-12-25;28;1;1.90;Livrée;point_relais;
CMD004074;C0108;2025-12-27;4;1,5;2,10;LIVREE;point_relais;
CMD004074;C0108;2025-12-27;31;2;1,20;Livrée;point_relais;
CMD004074;C0108;2025-12-27;15;3;5,80;livrée;point_relais;
CMD004075;C0075;2025-12-28;34;3;5.09;Livrée;retrait_ferme;
CMD004075;C0075;2025-12-28;9;0.5;9.00;Livrée;retrait_ferme;
CMD004076;C0212;28-12-25;24;1;5.94;livrée;Domicile;
CMD004076;C0212;2025-12-28;35;4;4.13;LIVREE;domicile;
CMD004076;C0212;28/12/2025;22;4;5.09;livrée;domicile;
CMD004076;C0212;2025-12-28;19;1;7,95;LIVREE;domicile;
CMD004077;C0073;2025-12-28;30;0.2;24.00;livrée;point_relais;
CMD004077;C0073;28-12-25;25;2;5,19;LIVREE;Point_relais;
CMD004077;C0073;28-12-25;26;1;8.90;Livree;point_relais;
CMD004078;C0029;2025-12-28;4;3;2.10;LIVREE;domicile;
CMD004078;C0029;2025-12-28;22;2;5,09;LIVREE;domicile;
CMD004079;C0182;2025-12-28;23;1;13,25;Livree;point_relais;
CMD004079;C0182;2025-12-28;35;1;4.13;livrée;point_relais;
CMD004080;C0002;2025-12-28;21;1;10.49;Livree;domicile;
CMD004081;C0072;2025-12-28;15;2;5,80;Livree;retrait_ferme;
CMD004082;C0045;2025-12-28;23;2;13.25;Livree;domicile;
CMD004082;C0045;28/12/2025;20;4;8.69;Livree;domicile;
CMD004082;C0045;2025-12-28;37;2;3.10;Livree;domicile;
CMD004083;C0292;2025-12-28;19;1;7.95;LIVREE;domicile;
CMD004084;C0133;2025-12-28;11;1,5;3,20;LIVREE;domicile;
CMD004084;C0133;2025-12-28;28;1;1,90;Livrée;domicile;
CMD004085;C0965;28/12/2025;33;2;4,45;Livrée;domicile;
CMD004085;C0070;2025-12-28;31;2;1.20;Livree;domicile;
CMD004086;C0144;2025-12-28;20;2;8.69;Livrée;point_relais;
CMD004086;C0144;2025-12-28;28;4;1.90;Livree;point_relais;
CMD004086;C0945;2025-12-28;6;1;1,40;LIVREE;Point_relais;
CMD004087;C0005;2025-12-28;9;3;9,00;Livrée;retrait_ferme;
CMD004087;C0005;28/12/2025;34;1;5.09;Livree;retrait_ferme;
CMD004088;C0156;2025-12-28;35;1;4.13;Livrée;point_relais;
CMD004089;C0224;28/12/2025;3;1.5;3,60;ANNULEE;point_relais;rupture de stock
CMD004089;C0224;28/12/2025;34;1;5.09;annulee;point_relais;rupture de stock
CMD004090;C0205;2025-12-29;36;2;5.51;LIVREE;point_relais;
CMD004090;C0205;2025-12-29;29;0,2;28,00;livrée;point_relais;
CMD004090;C0205;2025-12-29;3;2;3,60;livrée;Point_relais;
CMD004090;C0205;2025-12-29;35;1;4,13;LIVREE;point_relais;
CMD004091;C0120;2025-12-29;32;4;2,20;Livrée;Domicile;
CMD004091;C0120;2025-12-29;1;1;4.20;Livrée;domicile;
CMD004091;C0120;2025-12-29;29;0.2;28.00;livrée;domicile;
CMD004091;C0120;2025-12-29;8;3;2,60;Livrée;domicile;
CMD004092;C0023;2025-12-29;34;2;5,09;LIVREE;domicile;
CMD004092;C0023;2025-12-29;35;4;4,13;livrée;domicile;
CMD004092;C0023;2025-12-29;33;1;4.45;Livree;domicile;
CMD004093;C0176;2025-12-29;20;2;8,69;LIVREE;domicile;
CMD004094;C0046;2025-12-29;18;1;4.20;LIVREE;domicile;
CMD004094;C0046;2025-12-29;3;2;3.60;LIVREE;domicile;
CMD004095;C0261;2025-12-29;36;3;5.51;Livree;domicile;
CMD004095;C0261;2025-12-29;7;2;4,50;Livrée;domicile;
CMD004096;C0962;2025-12-29;19;1;7.95;annulee;point_relais;rupture de stock
CMD004096;C0143;2025-12-29;26;3;8.90;ANNULEE;Point_relais;rupture de stock
CMD004096;C0143;2025-12-29;25;1;5.19;Annulée;point_relais;rupture de stock
CMD004097;C0270;2025-12-29;39;2;5.19;livrée;point_relais;
CMD004097;C0270;29/12/2025;20;2;8,69;Livree;point_relais;
CMD004097;C0270;2025-12-29;25;1;5.19;livrée;point_relais;
CMD004097;C0270;2025-12-29;35;4;4.13;LIVREE;point_relais;
CMD004097;C0270;2025-12-29;38;4;5.60;livrée;point_relais;
CMD004098;C0060;2025-12-29;39;3;5.19;livrée;domicile;
CMD004099;C0311;2025-12-29;34;3;5.09;Livrée;point_relais;
CMD004100;C0150;2025-12-29;20;4;8.69;annulee;point_relais;rupture de stock
CMD004100;C0150;2025-12-29;6;4;1.40;annulee;point_relais;rupture de stock
CMD004101;C0261;2025-12-29;11;1;3.20;livrée;domicile;
CMD004101;C0261;2025-12-29;17;2;3.00;Livree;domicile;
CMD004101;C0261;29-12-25;32;3;2,20;LIVREE;domicile;
CMD004102;C0027;2025-12-30;28;1;1.90;Livree;domicile;
CMD004102;C0027;2025-12-30;4;2;2.10;LIVREE;domicile;
CMD004102;C0027;2025-12-30;4;2;2.10;LIVREE;domicile;
CMD004102;C0027;2025-12-30;17;4;3.00;LIVREE;domicile;
CMD004103;C0011;2025-12-30;28;1;1,90;Livrée;point_relais;
CMD004103;C0011;2025-12-30;13;1;5.40;Livree;point_relais;
CMD004104;C0271;2025-12-30;30;0.2;24.00;livrée;domicile;
CMD004104;C0271;2025-12-30;25;4;5,19;livrée;domicile;
CMD004105;C0211;30/12/2025;6;2;1.40;Livree;domicile;
CMD004105;C0211;2025-12-30;39;1,5;5.19;Livrée;domicile;
CMD004106;C0270;2025-12-30;21;1;10.49;Livree;point_relais;
CMD004107;C0112;2025-12-30;38;1;5.60;LIVREE;retrait_ferme;
CMD004108;C0121;2025-12-30;22;1;5.09;Annulée;domicile;annulation client
CMD004109;C0162;2025-12-31;33;2;4.45;livrée;point_relais;
CMD004109;C0980;2025-12-31;39;1.5;5,19;Livree;point_relais;
CMD004109;C0162;2025-12-31;23;2;13,25;Livrée;point_relais;
CMD004109;C0162;2025-12-31;37;4;3.10;Livree;point_relais;
CMD004109;C0162;2025-12-31;29;0.2;28.00;Livree;point_relais;
CMD004110;C0287;2025-12-31;28;4;1.90;LIVREE;point_relais;
CMD004110;C0287;2025-12-31;36;3;5.51;LIVREE;point_relais;
CMD004110;C0287;2025-12-31;37;3;3.10;livrée;point_relais;
CMD004110;C0287;2025-12-31;18;1;4.20;livrée;point_relais;
CMD004111;C0098;31/12/2025;28;3;1,90;LIVREE;domicile;
CMD004111;C0098;2025-12-31;38;4;5.60;Livree;domicile;
CMD004112;C0166;2025-12-31;21;4;10.49;annulée;Domicile;annulation client
CMD004112;C0166;31-12-25;8;1.5;2.60;annulee;domicile;annulation client
CMD004112;C0166;2025-12-31;35;2;4.13;Annulée;domicile;annulation client
CMD004113;C0116;31/12/2025;32;1;2,20;Livree;domicile;
CMD004113;C0116;2025-12-31;20;1;8.69;Livrée;domicile;
CMD004114;C0062;2025-12-31;30;0,2;24.00;LIVREE;domicile;
CMD004114;C0062;31/12/2025;28;3;1.90;Livree;domicile;
CMD004114;C0062;31-12-25;38;1;5.60;Livree;domicile;
CMD004114;C0062;2025-12-31;35;1;4.13;livrée;domicile;
CMD004114;C0062;2025-12-31;29;0.2;28.00;livrée;domicile;
CMD004115;C0118;2025-12-31;40;4;3.71;annulée;point_relais;client absent
CMD004115;C0118;2025-12-31;39;0.5;5.19;Annulée;point_relais;client absent
CMD004115;C0118;2025-12-31;26;2;8.90;annulee;point_relais;client absent
CMD004115;C0118;2025-12-31;13;0.5;5.40;annulee;Point_relais;client absent
CMD004115;C0118;2025-12-31;32;4;2.20;annulée;point_relais;client absent
CMD004116;C0176;2025-12-31;10;2;2,90;Livrée;domicile;
CMD004117;C0060;2025-12-31;37;2;3.10;livrée;domicile;
CMD004118;C0094;31/12/2025;26;2;8.90;Livrée;point_relais;
CMD004118;C0094;2025-12-31;17;1;3.00;LIVREE;point_relais;
CMD004118;C0094;2025-12-31;27;2;3.40;LIVREE;point_relais;
CMD004119;C0065;2025-12-31;40;3;3,71;livrée;domicile;
CMD004119;C0065;2025-12-31;29;0,2;28.00;livrée;domicile;
CMD004119;C0065;2025-12-31;2;2;2.80;Livrée;domicile;
CMD004120;C0031;2025-12-31;28;3;1.90;livrée;domicile;
CMD004120;C0031;2025-12-31;36;1;5,51;livrée;domicile;
CMD004120;C0031;31/12/2025;24;1;5,94;Livrée;domicile;
Export généré le 2026-01-02;;;;;;;;
