date;ville;temp_max;pluie_mm
2025-01-01;Montpellier;3,4;0,0
2025-01-02;Montpellier;5,9;0,0
2025-01-03;Montpellier;11,2;4,1
2025-01-04;Montpellier;6,7;11,7
2025-01-05;Montpellier;8,6;0,2
2025-01-06;Montpellier;7,1;0,0
2025-01-07;Montpellier;7,6;9,9
2025-01-08;Montpellier;5,2;0,0
2025-01-09;Montpellier;11,1;0,0
2025-01-10;Montpellier;5,5;0,0
2025-01-11;Montpellier;10,5;0,0
2025-01-12;Montpellier;5,0;2,2
2025-01-13;Montpellier;;0,0
2025-01-14;Montpellier;8,1;0,0
2025-01-15;Montpellier;10,3;0,0
2025-01-16;Montpellier;6,8;0,0
2025-01-17;Montpellier;2,1;0,0
2025-01-18;Montpellier;4,4;0,0
2025-01-19;Montpellier;8,0;0,0
2025-01-20;Montpellier;3,8;0,0
2025-01-21;Montpellier;3,0;0,0
2025-01-22;Montpellier;5,3;0,0
2025-01-23;Montpellier;10,6;0,0
2025-01-24;Montpellier;2,5;0,0
2025-01-25;Montpellier;5,6;0,0
2025-01-26;Montpellier;6,0;0,0
2025-01-27;Montpellier;4,6;0,0
2025-01-28;Montpellier;10,1;0,0
2025-01-29;Montpellier;6,5;3,5
2025-01-30;Montpellier;11,4;0,0
2025-01-31;Montpellier;3,3;0,0
2025-02-01;Montpellier;3,4;0,0
2025-02-02;Montpellier;4,3;0,0
2025-02-03;Montpellier;7,3;0,0
2025-02-04;Montpellier;4,4;0,0
2025-02-05;Montpellier;5,6;0,0
2025-02-06;Montpellier;8,0;4,7
2025-02-07;Montpellier;9,5;0,0
2025-02-08;Montpellier;7,8;7,0
2025-02-09;Montpellier;5,4;1,2
2025-02-10;Montpellier;9,8;0,0
2025-02-11;Montpellier;11,8;0,0
2025-02-12;Montpellier;9,2;0,0
2025-02-13;Montpellier;;0,0
2025-02-14;Montpellier;12,3;0,0
2025-02-15;Montpellier;14,0;0,0
2025-02-16;Montpellier;8,5;0,0
2025-02-17;Montpellier;7,1;0,0
2025-02-18;Montpellier;3,6;0,0
2025-02-19;Montpellier;11,0;0,0
2025-02-20;Montpellier;6,7;0,0
2025-02-21;Montpellier;7,5;0,0
2025-02-22;Montpellier;7,9;0,0
2025-02-23;Montpellier;5,3;0,0
2025-02-24;Montpellier;8,8;0,0
2025-02-25;Montpellier;10,1;0,0
2025-02-26;Montpellier;4,9;0,0
2025-02-27;Montpellier;9,0;0,0
2025-02-28;Montpellier;6,8;0,0
2025-03-01;Montpellier;14,0;0,0
2025-03-02;Montpellier;;0,0
2025-03-03;Montpellier;8,7;0,0
2025-03-04;Montpellier;9,5;5,8
2025-03-05;Montpellier;6,4;1,6
2025-03-06;Montpellier;6,9;14,0
2025-03-07;Montpellier;14,4;0,0
2025-03-08;Montpellier;13,6;0,0
2025-03-09;Montpellier;13,5;0,0
2025-03-10;Montpellier;9,2;0,0
2025-03-11;Montpellier;15,0;0,4
2025-03-12;Montpellier;7,6;0,0
2025-03-13;Montpellier;13,3;0,0
2025-03-14;Montpellier;10,8;0,0
2025-03-15;Montpellier;13,8;0,0
2025-03-16;Montpellier;19,4;0,2
2025-03-17;Montpellier;5,8;0,0
2025-03-18;Montpellier;13,7;0,0
2025-03-19;Montpellier;7,5;17,3
2025-03-20;Montpellier;8,0;0,0
2025-03-21;Montpellier;8,0;0,0
2025-03-22;Montpellier;11,7;14,9
2025-03-23;Montpellier;13,1;0,0
2025-03-24;Montpellier;15,0;0,0
2025-03-25;Montpellier;-999;0,0
2025-03-26;Montpellier;6,7;0,0
2025-03-27;Montpellier;11,3;0,0
2025-03-28;Montpellier;9,8;14,8
2025-03-29;Montpellier;17,1;0,0
2025-03-30;Montpellier;11,0;0,0
2025-03-31;Montpellier;14,3;0,0
2025-04-01;Montpellier;;0,0
2025-04-02;Montpellier;13,8;0,0
2025-04-03;Montpellier;-999;0,0
2025-04-04;Montpellier;13,5;0,0
2025-04-05;Montpellier;13,0;15,4
2025-04-06;Montpellier;18,7;0,0
2025-04-07;Montpellier;17,5;0,0
2025-04-08;Montpellier;14,8;1,2
2025-04-09;Montpellier;13,4;5,5
2025-04-10;Montpellier;13,9;0,0
2025-04-11;Montpellier;17,4;0,0
2025-04-12;Montpellier;15,3;0,0
2025-04-13;Montpellier;10,1;9,3
2025-04-14;Montpellier;19,3;0,0
2025-04-15;Montpellier;16,4;0,0
2025-04-16;Montpellier;19,4;8,4
2025-04-17;Montpellier;15,9;0,0
2025-04-18;Montpellier;14,7;0,0
2025-04-19;Montpellier;15,3;0,0
2025-04-20;Montpellier;20,1;2,8
2025-04-21;Montpellier;19,9;
2025-04-22;Montpellier;17,8;0,0
2025-04-23;Montpellier;25,5;0,0
2025-04-24;Montpellier;18,5;0,0
2025-04-25;Montpellier;19,0;0,0
2025-04-26;Montpellier;19,4;0,0
2025-04-27;Montpellier;19,5;11,2
2025-04-28;Montpellier;17,9;0,0
2025-04-29;Montpellier;19,4;0,0
2025-04-30;Montpellier;19,9;3,6
2025-05-01;Montpellier;17,0;0,0
2025-05-02;Montpellier;23,4;16,6
2025-05-03;Montpellier;19,9;0,0
2025-05-04;Montpellier;21,4;0,0
2025-05-05;Montpellier;23,8;0,0
2025-05-06;Montpellier;19,3;0,0
2025-05-07;Montpellier;16,0;0,0
2025-05-08;Montpellier;21,7;0,0
2025-05-09;Montpellier;15,5;3,3
2025-05-10;Montpellier;15,0;0,0
2025-05-11;Montpellier;23,6;5,6
2025-05-12;Montpellier;24,3;0,0
2025-05-13;Montpellier;19,7;0,0
2025-05-14;Montpellier;20,1;0,0
2025-05-15;Montpellier;22,2;12,6
2025-05-16;Montpellier;22,4;8,3
2025-05-17;Montpellier;19,4;0,0
2025-05-18;Montpellier;25,0;0,0
2025-05-19;Montpellier;24,3;0,0
2025-05-20;Montpellier;17,8;0,0
2025-05-21;Montpellier;20,8;0,0
2025-05-22;Montpellier;20,1;0,0
2025-05-23;Montpellier;23,4;0,0
2025-05-24;Montpellier;22,0;0,0
2025-05-25;Montpellier;21,8;0,0
2025-05-26;Montpellier;24,2;0,0
2025-05-27;Montpellier;20,6;0,0
2025-05-28;Montpellier;19,4;0,0
2025-05-29;Montpellier;24,9;5,0
2025-05-30;Montpellier;28,0;27,8
2025-05-31;Montpellier;23,3;0,0
2025-06-01;Montpellier;21,0;0,0
2025-06-02;Montpellier;27,9;0,0
2025-06-03;Montpellier;29,2;0,0
2025-06-04;Montpellier;22,3;0,0
2025-06-05;Montpellier;24,9;0,0
2025-06-06;Montpellier;24,3;7,1
2025-06-07;Montpellier;22,4;0,0
2025-06-08;Montpellier;25,2;0,0
2025-06-09;Montpellier;24,9;0,0
2025-06-10;Montpellier;25,6;0,0
2025-06-11;Montpellier;25,9;0,0
2025-06-12;Montpellier;23,4;0,0
2025-06-13;Montpellier;25,3;3,7
2025-06-14;Montpellier;28,9;0,0
2025-06-15;Montpellier;26,6;0,0
2025-06-16;Montpellier;24,2;0,0
2025-06-17;Montpellier;28,4;0,0
2025-06-18;Montpellier;29,8;0,0
2025-06-19;Montpellier;21,8;0,0
2025-06-20;Montpellier;-999;0,0
2025-06-21;Montpellier;27,4;0,0
2025-06-22;Montpellier;26,6;0,0
2025-06-23;Montpellier;25,5;0,0
2025-06-24;Montpellier;26,7;13,5
2025-06-25;Montpellier;25,9;0,0
2025-06-26;Montpellier;26,8;8,4
2025-06-27;Montpellier;23,5;0,0
2025-06-28;Montpellier;22,9;0,0
2025-06-29;Montpellier;25,7;9,0
2025-06-30;Montpellier;22,5;2,8
2025-07-01;Montpellier;26,0;0,0
2025-07-02;Montpellier;24,8;0,0
2025-07-03;Montpellier;25,7;0,0
2025-07-04;Montpellier;22,6;0,0
2025-07-05;Montpellier;32,3;4,3
2025-07-06;Montpellier;27,3;0,0
2025-07-07;Montpellier;27,5;0,0
2025-07-08;Montpellier;28,0;0,0
2025-07-09;Montpellier;20,0;0,0
2025-07-10;Montpellier;25,2;0,0
2025-07-11;Montpellier;23,8;0,0
2025-07-12;Montpellier;24,8;0,4
2025-07-13;Montpellier;26,3;0,0
2025-07-14;Montpellier;26,5;0,0
2025-07-15;Montpellier;26,3;0,0
2025-07-16;Montpellier;29,1;0,0
2025-07-17;Montpellier;28,0;0,0
2025-07-18;Montpellier;29,7;0,0
2025-07-19;Montpellier;27,8;0,0
2025-07-20;Montpellier;28,5;0,0
2025-07-21;Montpellier;28,7;0,0
2025-07-22;Montpellier;23,8;0,0
2025-07-23;Montpellier;29,0;0,0
2025-07-24;Montpellier;25,1;0,0
2025-07-25;Montpellier;26,6;0,0
2025-07-26;Montpellier;23,7;0,0
2025-07-27;Montpellier;25,2;0,0
2025-07-28;Montpellier;;5,1
2025-07-29;Montpellier;29,2;0,0
2025-07-30;Montpellier;25,2;9,6
2025-07-31;Montpellier;24,3;0,0
2025-08-01;Montpellier;24,6;0,3
2025-08-02;Montpellier;24,6;0,0
2025-08-03;Montpellier;29,1;7,0
2025-08-04;Montpellier;;0,0
2025-08-05;Montpellier;29,6;0,0
2025-08-06;Montpellier;24,3;0,0
2025-08-07;Montpellier;26,0;0,0
2025-08-08;Montpellier;28,8;2,7
2025-08-09;Montpellier;23,1;0,0
2025-08-10;Montpellier;23,7;0,0
2025-08-11;Montpellier;28,0;0,0
2025-08-12;Montpellier;25,5;0,0
2025-08-13;Montpellier;25,1;0,0
2025-08-14;Montpellier;23,6;0,0
2025-08-15;Montpellier;30,9;13,6
2025-08-16;Montpellier;28,3;11,4
2025-08-17;Montpellier;32,1;0,0
2025-08-18;Montpellier;21,9;0,0
2025-08-19;Montpellier;27,3;0,0
2025-08-20;Montpellier;31,5;1,0
2025-08-21;Montpellier;27,5;6,5
2025-08-22;Montpellier;27,2;1,9
2025-08-23;Montpellier;-999;0,0
2025-08-24;Montpellier;24,2;2,2
2025-08-25;Montpellier;22,4;3,6
2025-08-26;Montpellier;25,3;0,0
2025-08-27;Montpellier;25,7;
2025-08-28;Montpellier;28,0;12,9
2025-08-29;Montpellier;24,5;0,0
2025-08-30;Montpellier;21,8;0,0
2025-08-31;Montpellier;24,3;0,0
2025-09-01;Montpellier;;0,0
2025-09-02;Montpellier;22,4;0,0
2025-09-03;Montpellier;25,6;1,5
2025-09-04;Montpellier;23,2;0,0
2025-09-05;Montpellier;21,0;0,0
2025-09-06;Montpellier;21,3;0,0
2025-09-07;Montpellier;21,7;0,0
2025-09-08;Montpellier;27,0;6,4
2025-09-09;Montpellier;23,8;0,0
2025-09-10;Montpellier;24,7;11,7
2025-09-11;Montpellier;23,8;0,0
2025-09-12;Montpellier;28,8;0,0
2025-09-13;Montpellier;20,2;0,0
2025-09-14;Montpellier;24,2;0,0
2025-09-15;Montpellier;22,2;0,0
2025-09-16;Montpellier;-999;0,0
2025-09-17;Montpellier;25,2;0,0
2025-09-18;Montpellier;22,5;0,0
2025-09-19;Montpellier;16,8;0,7
2025-09-20;Montpellier;20,5;0,0
2025-09-21;Montpellier;21,0;0,0
2025-09-22;Montpellier;;0,0
2025-09-23;Montpellier;23,8;0,0
2025-09-24;Montpellier;29,6;0,0
2025-09-25;Montpellier;21,1;17,8
2025-09-26;Montpellier;22,2;0,0
2025-09-27;Montpellier;20,6;0,0
2025-09-28;Montpellier;21,7;0,0
2025-09-29;Montpellier;23,7;0,0
2025-09-30;Montpellier;21,2;0,0
2025-10-01;Montpellier;21,3;13,0
2025-10-02;Montpellier;13,1;0,0
2025-10-03;Montpellier;22,9;0,5
2025-10-04;Montpellier;23,5;0,0
2025-10-05;Montpellier;20,9;12,4
2025-10-06;Montpellier;14,6;0,0
2025-10-07;Montpellier;23,0;0,0
2025-10-08;Montpellier;20,8;0,0
2025-10-09;Montpellier;17,8;7,4
2025-10-10;Montpellier;20,8;0,0
2025-10-11;Montpellier;22,3;0,0
2025-10-12;Montpellier;16,2;0,0
2025-10-13;Montpellier;16,7;0,0
2025-10-14;Montpellier;17,9;0,0
2025-10-15;Montpellier;19,6;0,0
2025-10-16;Montpellier;16,0;0,0
2025-10-17;Montpellier;18,0;0,0
2025-10-18;Montpellier;16,7;0,0
2025-10-19;Montpellier;12,8;0,0
2025-10-20;Montpellier;18,6;18,9
2025-10-21;Montpellier;15,0;0,0
2025-10-22;Montpellier;24,6;
2025-10-23;Montpellier;15,8;0,0
2025-10-24;Montpellier;14,1;0,0
2025-10-25;Montpellier;19,6;0,0
2025-10-26;Montpellier;14,5;0,0
2025-10-27;Montpellier;;10,4
2025-10-28;Montpellier;16,5;0,0
2025-10-29;Montpellier;18,7;24,6
2025-10-30;Montpellier;15,2;0,0
2025-10-31;Montpellier;15,1;0,0
2025-11-01;Montpellier;17,2;7,9
2025-11-02;Montpellier;19,1;0,0
2025-11-03;Montpellier;14,1;8,1
2025-11-04;Montpellier;10,5;0,0
2025-11-05;Montpellier;14,4;0,0
2025-11-06;Montpellier;14,2;5,2
2025-11-07;Montpellier;15,0;4,4
2025-11-08;Montpellier;14,8;0,0
2025-11-09;Montpellier;12,2;2,4
2025-11-10;Montpellier;14,9;0,0
2025-11-11;Montpellier;15,1;2,6
2025-11-12;Montpellier;12,3;15,4
2025-11-13;Montpellier;12,3;0,0
2025-11-14;Montpellier;13,1;0,0
2025-11-15;Montpellier;16,6;0,0
2025-11-16;Montpellier;11,6;3,8
2025-11-17;Montpellier;10,8;0,7
2025-11-18;Montpellier;11,5;0,0
2025-11-19;Montpellier;9,4;
2025-11-20;Montpellier;12,7;15,3
2025-11-21;Montpellier;12,4;0,0
2025-11-22;Montpellier;12,8;0,0
2025-11-23;Montpellier;14,8;1,7
2025-11-24;Montpellier;14,1;0,0
2025-11-25;Montpellier;12,2;0,0
2025-11-26;Montpellier;9,1;0,0
2025-11-27;Montpellier;10,7;11,6
2025-11-28;Montpellier;11,2;0,0
2025-11-29;Montpellier;15,5;0,0
2025-11-30;Montpellier;9,6;1,7
2025-12-01;Montpellier;11,6;0,0
2025-12-02;Montpellier;9,7;5,4
2025-12-03;Montpellier;11,8;0,0
2025-12-04;Montpellier;8,8;8,1
2025-12-05;Montpellier;7,7;0,0
2025-12-06;Montpellier;8,4;0,0
2025-12-07;Montpellier;10,1;0,0
2025-12-08;Montpellier;4,7;0,0
2025-12-09;Montpellier;6,8;0,0
2025-12-10;Montpellier;10,0;0,0
2025-12-11;Montpellier;10,3;0,0
2025-12-12;Montpellier;;0,0
2025-12-13;Montpellier;6,9;0,0
2025-12-14;Montpellier;3,4;9,9
2025-12-15;Montpellier;10,1;0,0
2025-12-16;Montpellier;6,1;19,0
2025-12-17;Montpellier;12,1;0,0
2025-12-18;Montpellier;8,6;0,0
2025-12-19;Montpellier;2,1;0,0
2025-12-20;Montpellier;10,1;0,0
2025-12-21;Montpellier;7,3;22,8
2025-12-22;Montpellier;11,3;20,1
2025-12-23;Montpellier;8,0;0,0
2025-12-24;Montpellier;2,8;0,0
2025-12-25;Montpellier;1,0;0,5
2025-12-26;Montpellier;16,5;0,0
2025-12-27;Montpellier;7,6;0,0
2025-12-28;Montpellier;8,3;0,0
2025-12-29;Montpellier;3,9;0,0
2025-12-30;Montpellier;5,0;0,0
2025-12-31;Montpellier;7,3;0,0
2025-01-01;Sète;11,7;0,0
2025-01-02;Sète;6,8;0,0
2025-01-03;Sète;8,0;4,2
2025-01-04;Sète;5,2;0,0
2025-01-05;Sète;10,4;0,0
2025-01-06;Sète;2,6;0,0
2025-01-07;Sète;9,2;0,0
2025-01-08;Sète;3,7;0,0
2025-01-09;Sète;4,1;0,0
2025-01-10;Sète;10,6;0,0
2025-01-11;Sète;6,8;0,0
2025-01-12;Sète;7,2;0,0
2025-01-13;Sète;6,0;0,0
2025-01-14;Sète;8,7;0,0
2025-01-15;Sète;-999;0,0
2025-01-16;Sète;11,4;0,0
2025-01-17;Sète;4,4;13,9
2025-01-18;Sète;6,4;0,0
2025-01-19;Sète;5,5;0,0
2025-01-20;Sète;2,8;0,0
2025-01-21;Sète;6,5;0,0
2025-01-22;Sète;7,7;0,0
2025-01-23;Sète;3,7;0,0
2025-01-24;Sète;7,3;0,0
2025-01-25;Sète;11,3;0,0
2025-01-26;Sète;4,0;0,0
2025-01-27;Sète;5,5;0,0
2025-01-28;Sète;10,9;0,0
2025-01-29;Sète;7,4;0,0
2025-01-30;Sète;9,3;12,2
2025-01-31;Sète;9,1;5,8
2025-02-01;Sète;11,4;
2025-02-02;Sète;7,8;0,0
2025-02-03;Sète;6,4;0,0
2025-02-04;Sète;5,6;0,0
2025-02-05;Sète;11,1;0,0
2025-02-06;Sète;8,6;0,0
2025-02-07;Sète;7,0;0,0
2025-02-08;Sète;5,2;11,6
2025-02-09;Sète;7,1;0,0
2025-02-10;Sète;13,7;0,0
2025-02-11;Sète;6,6;0,0
2025-02-12;Sète;3,2;0,0
2025-02-13;Sète;4,5;13,4
2025-02-14;Sète;5,8;0,0
2025-02-15;Sète;5,0;0,0
2025-02-16;Sète;5,4;0,0
2025-02-17;Sète;6,2;0,0
2025-02-18;Sète;10,5;0,0
2025-02-19;Sète;6,3;6,0
2025-02-20;Sète;4,3;0,0
2025-02-21;Sète;9,5;10,0
2025-02-22;Sète;9,2;0,0
2025-02-23;Sète;9,5;0,0
2025-02-24;Sète;8,8;0,7
2025-02-25;Sète;12,0;2,6
2025-02-26;Sète;11,9;0,0
2025-02-27;Sète;7,8;3,6
2025-02-28;Sète;12,3;0,0
2025-03-01;Sète;8,2;0,0
2025-03-02;Sète;3,9;4,4
2025-03-03;Sète;10,6;0,0
2025-03-04;Sète;8,9;0,0
2025-03-05;Sète;9,9;7,5
2025-03-06;Sète;12,5;0,0
2025-03-07;Sète;7,7;0,0
2025-03-08;Sète;12,8;0,0
2025-03-09;Sète;9,0;0,0
2025-03-10;Sète;6,2;0,0
2025-03-11;Sète;8,6;0,0
2025-03-12;Sète;9,4;0,0
2025-03-13;Sète;8,7;0,0
2025-03-14;Sète;11,9;0,0
2025-03-15;Sète;10,0;0,0
2025-03-16;Sète;10,8;2,6
2025-03-17;Sète;12,0;0,0
2025-03-18;Sète;10,5;0,0
2025-03-19;Sète;14,1;3,0
2025-03-20;Sète;8,5;0,0
2025-03-21;Sète;8,8;0,0
2025-03-22;Sète;13,5;0,0
2025-03-23;Sète;8,2;0,0
2025-03-24;Sète;14,8;0,0
2025-03-25;Sète;14,0;2,3
2025-03-26;Sète;12,1;0,0
2025-03-27;Sète;17,2;7,3
2025-03-28;Sète;12,5;0,0
2025-03-29;Sète;16,2;14,2
2025-03-30;Sète;16,0;4,6
2025-03-31;Sète;17,3;0,0
2025-04-01;Sète;7,4;0,0
2025-04-02;Sète;9,0;0,0
2025-04-03;Sète;12,1;0,0
2025-04-04;Sète;14,2;0,0
2025-04-05;Sète;18,8;13,8
2025-04-06;Sète;15,5;0,0
2025-04-07;Sète;21,0;0,0
2025-04-08;Sète;14,9;0,0
2025-04-09;Sète;13,8;12,7
2025-04-10;Sète;17,8;0,0
2025-04-11;Sète;17,4;0,0
2025-04-12;Sète;13,3;0,0
2025-04-13;Sète;16,6;0,0
2025-04-14;Sète;14,9;0,0
2025-04-15;Sète;19,2;0,0
2025-04-16;Sète;17,1;0,0
2025-04-17;Sète;18,0;6,3
2025-04-18;Sète;18,0;0,0
2025-04-19;Sète;20,6;0,0
2025-04-20;Sète;21,9;0,0
2025-04-21;Sète;21,2;0,0
2025-04-22;Sète;10,9;0,0
2025-04-23;Sète;;0,0
2025-04-24;Sète;19,6;10,0
2025-04-25;Sète;17,5;0,0
2025-04-26;Sète;17,2;0,0
2025-04-27;Sète;10,4;0,0
2025-04-28;Sète;17,7;0,0
2025-04-29;Sète;;0,0
2025-04-30;Sète;16,8;0,0
2025-05-01;Sète;21,4;0,0
2025-05-02;Sète;19,4;0,0
2025-05-03;Sète;23,4;0,0
2025-05-04;Sète;16,5;2,8
2025-05-05;Sète;17,1;0,0
2025-05-06;Sète;19,5;0,0
2025-05-07;Sète;16,9;0,0
2025-05-08;Sète;11,4;0,0
2025-05-09;Sète;22,6;0,0
2025-05-10;Sète;14,0;4,9
2025-05-11;Sète;24,2;0,0
2025-05-12;Sète;23,9;0,0
2025-05-13;Sète;15,3;0,0
2025-05-14;Sète;22,9;0,0
2025-05-15;Sète;24,5;0,0
2025-05-16;Sète;;0,0
2025-05-17;Sète;19,3;0,0
2025-05-18;Sète;22,7;0,0
2025-05-19;Sète;25,5;0,0
2025-05-20;Sète;-999;3,5
2025-05-21;Sète;22,8;0,0
2025-05-22;Sète;23,7;0,0
2025-05-23;Sète;25,0;0,0
2025-05-24;Sète;21,0;0,0
2025-05-25;Sète;22,5;0,0
2025-05-26;Sète;20,0;0,0
2025-05-27;Sète;21,9;0,0
2025-05-28;Sète;24,1;0,0
2025-05-29;Sète;23,8;0,0
2025-05-30;Sète;24,3;0,0
2025-05-31;Sète;21,8;0,0
2025-06-01;Sète;20,7;0,0
2025-06-02;Sète;24,0;0,0
2025-06-03;Sète;23,8;0,0
2025-06-04;Sète;31,5;0,0
2025-06-05;Sète;28,8;0,0
2025-06-06;Sète;25,6;0,0
2025-06-07;Sète;26,1;0,0
2025-06-08;Sète;28,2;0,0
2025-06-09;Sète;29,3;21,1
2025-06-10;Sète;24,6;3,0
2025-06-11;Sète;23,4;0,0
2025-06-12;Sète;25,7;0,0
2025-06-13;Sète;20,4;0,0
2025-06-14;Sète;27,0;0,0
2025-06-15;Sète;24,9;0,0
2025-06-16;Sète;24,4;0,0
2025-06-17;Sète;;0,0
2025-06-18;Sète;28,4;0,0
2025-06-19;Sète;23,9;0,0
2025-06-20;Sète;25,7;0,0
2025-06-21;Sète;27,7;0,0
2025-06-22;Sète;25,3;0,0
2025-06-23;Sète;28,8;23,9
2025-06-24;Sète;28,6;0,0
2025-06-25;Sète;23,1;0,0
2025-06-26;Sète;26,8;0,0
2025-06-27;Sète;31,3;0,0
2025-06-28;Sète;28,4;0,0
2025-06-29;Sète;28,8;0,0
2025-06-30;Sète;29,4;0,0
2025-07-01;Sète;29,8;0,0
2025-07-02;Sète;29,0;0,0
2025-07-03;Sète;28,2;0,0
2025-07-04;Sète;25,6;13,9
2025-07-05;Sète;30,5;0,0
2025-07-06;Sète;30,8;0,0
2025-07-07;Sète;28,7;0,0
2025-07-08;Sète;22,7;
2025-07-09;Sète;25,7;0,0
2025-07-10;Sète;17,4;0,0
2025-07-11;Sète;31,6;7,2
2025-07-12;Sète;25,7;0,0
2025-07-13;Sète;25,0;5,2
2025-07-14;Sète;19,7;25,3
2025-07-15;Sète;24,6;0,0
2025-07-16;Sète;31,2;0,0
2025-07-17;Sète;30,0;0,0
2025-07-18;Sète;27,4;0,3
2025-07-19;Sète;27,1;0,0
2025-07-20;Sète;29,0;0,0
2025-07-21;Sète;26,0;0,0
2025-07-22;Sète;28,4;
2025-07-23;Sète;19,9;6,3
2025-07-24;Sète;26,9;0,0
2025-07-25;Sète;27,5;0,0
2025-07-26;Sète;27,1;0,0
2025-07-27;Sète;28,7;4,0
2025-07-28;Sète;26,1;0,0
2025-07-29;Sète;28,6;0,0
2025-07-30;Sète;31,1;5,1
2025-07-31;Sète;25,3;0,0
2025-08-01;Sète;24,7;0,0
2025-08-02;Sète;27,0;3,7
2025-08-03;Sète;26,2;2,7
2025-08-04;Sète;26,1;8,3
2025-08-05;Sète;29,8;0,0
2025-08-06;Sète;27,3;0,6
2025-08-07;Sète;30,4;0,0
2025-08-08;Sète;29,7;0,0
2025-08-09;Sète;32,2;0,0
2025-08-10;Sète;28,9;0,0
2025-08-11;Sète;24,2;0,0
2025-08-12;Sète;30,9;0,0
2025-08-13;Sète;25,3;0,0
2025-08-14;Sète;26,3;0,0
2025-08-15;Sète;24,7;0,0
2025-08-16;Sète;27,0;22,3
2025-08-17;Sète;27,1;0,0
2025-08-18;Sète;29,2;0,0
2025-08-19;Sète;26,3;0,0
2025-08-20;Sète;28,3;0,0
2025-08-21;Sète;25,5;0,0
2025-08-22;Sète;24,1;0,0
2025-08-23;Sète;26,8;0,0
2025-08-24;Sète;28,0;0,0
2025-08-25;Sète;23,3;0,0
2025-08-26;Sète;26,7;0,0
2025-08-27;Sète;25,2;0,0
2025-08-28;Sète;26,9;0,0
2025-08-29;Sète;22,6;0,0
2025-08-30;Sète;25,7;0,0
2025-08-31;Sète;24,8;3,8
2025-09-01;Sète;21,5;4,9
2025-09-02;Sète;20,8;0,0
2025-09-03;Sète;25,1;0,0
2025-09-04;Sète;20,3;0,0
2025-09-05;Sète;23,1;8,4
2025-09-06;Sète;;0,0
2025-09-07;Sète;19,2;0,0
2025-09-08;Sète;26,5;0,0
2025-09-09;Sète;21,6;0,0
2025-09-10;Sète;26,6;10,9
2025-09-11;Sète;23,9;0,0
2025-09-12;Sète;24,8;27,2
2025-09-13;Sète;20,6;0,0
2025-09-14;Sète;23,7;0,0
2025-09-15;Sète;27,9;0,0
2025-09-16;Sète;21,9;2,8
2025-09-17;Sète;19,9;0,0
2025-09-18;Sète;21,7;6,3
2025-09-19;Sète;19,0;0,0
2025-09-20;Sète;23,6;4,9
2025-09-21;Sète;16,6;0,0
2025-09-22;Sète;23,6;0,0
2025-09-23;Sète;18,5;10,3
2025-09-24;Sète;22,5;0,0
2025-09-25;Sète;20,9;0,0
2025-09-26;Sète;19,7;0,0
2025-09-27;Sète;25,9;0,0
2025-09-28;Sète;22,8;0,0
2025-09-29;Sète;21,6;0,0
2025-09-30;Sète;23,2;0,0
2025-10-01;Sète;16,8;0,0
2025-10-02;Sète;18,5;0,0
2025-10-03;Sète;18,6;0,0
2025-10-04;Sète;21,0;0,0
2025-10-05;Sète;17,5;0,0
2025-10-06;Sète;18,7;9,7
2025-10-07;Sète;22,8;0,0
2025-10-08;Sète;27,2;0,0
2025-10-09;Sète;18,6;0,0
2025-10-10;Sète;17,1;0,0
2025-10-11;Sète;19,1;0,0
2025-10-12;Sète;;0,0
2025-10-13;Sète;15,6;0,0
2025-10-14;Sète;16,0;0,0
2025-10-15;Sète;22,8;0,0
2025-10-16;Sète;20,5;0,0
2025-10-17;Sète;24,0;0,0
2025-10-18;Sète;11,8;0,0
2025-10-19;Sète;19,9;0,0
2025-10-20;Sète;17,7;5,0
2025-10-21;Sète;18,1;17,4
2025-10-22;Sète;18,3;17,2
2025-10-23;Sète;18,7;0,0
2025-10-24;Sète;11,6;0,0
2025-10-25;Sète;13,3;0,9
2025-10-26;Sète;14,4;0,0
2025-10-27;Sète;20,7;0,0
2025-10-28;Sète;16,6;0,0
2025-10-29;Sète;14,5;0,0
2025-10-30;Sète;12,3;0,0
2025-10-31;Sète;17,9;0,0
2025-11-01;Sète;12,0;2,7
2025-11-02;Sète;12,4;0,0
2025-11-03;Sète;16,7;0,0
2025-11-04;Sète;14,6;2,1
2025-11-05;Sète;17,2;0,0
2025-11-06;Sète;15,6;0,0
2025-11-07;Sète;19,2;1,7
2025-11-08;Sète;15,1;3,3
2025-11-09;Sète;14,1;0,0
2025-11-10;Sète;15,1;0,0
2025-11-11;Sète;8,5;0,0
2025-11-12;Sète;12,3;0,0
2025-11-13;Sète;13,7;0,0
2025-11-14;Sète;-999;0,0
2025-11-15;Sète;15,8;0,7
2025-11-16;Sète;9,1;0,0
2025-11-17;Sète;13,2;0,0
2025-11-18;Sète;7,7;10,3
2025-11-19;Sète;14,0;6,6
2025-11-20;Sète;14,3;0,0
2025-11-21;Sète;14,8;0,0
2025-11-22;Sète;9,2;24,8
2025-11-23;Sète;17,1;0,0
2025-11-24;Sète;8,2;0,0
2025-11-25;Sète;8,0;0,0
2025-11-26;Sète;12,0;0,0
2025-11-27;Sète;8,6;0,0
2025-11-28;Sète;9,5;0,0
2025-11-29;Sète;11,6;10,5
2025-11-30;Sète;5,4;0,0
2025-12-01;Sète;9,4;0,0
2025-12-02;Sète;6,4;13,5
2025-12-03;Sète;5,5;0,0
2025-12-04;Sète;13,7;0,0
2025-12-05;Sète;11,7;0,0
2025-12-06;Sète;9,9;0,0
2025-12-07;Sète;10,9;0,0
2025-12-08;Sète;;0,0
2025-12-09;Sète;9,5;0,0
2025-12-10;Sète;11,5;0,0
2025-12-11;Sète;14,1;1,5
2025-12-12;Sète;8,6;0,0
2025-12-13;Sète;8,7;0,0
2025-12-14;Sète;7,3;0,0
2025-12-15;Sète;1,8;0,0
2025-12-16;Sète;12,5;0,0
2025-12-17;Sète;3,2;15,7
2025-12-18;Sète;6,8;0,0
2025-12-19;Sète;10,6;0,0
2025-12-20;Sète;4,2;0,0
2025-12-21;Sète;9,8;0,0
2025-12-22;Sète;;0,0
2025-12-23;Sète;8,9;0,0
2025-12-24;Sète;6,0;0,0
2025-12-25;Sète;7,4;0,0
2025-12-26;Sète;15,2;8,5
2025-12-27;Sète;0,4;0,0
2025-12-28;Sète;2,7;0,0
2025-12-29;Sète;1,4;0,0
2025-12-30;Sète;7,0;0,0
2025-12-31;Sète;;5,0
2025-01-01;Béziers;5,6;8,1
2025-01-02;Béziers;8,6;0,0
2025-01-03;Béziers;11,1;0,0
2025-01-04;Béziers;12,4;0,0
2025-01-05;Béziers;6,2;0,0
2025-01-06;Béziers;4,4;0,0
2025-01-07;Béziers;5,5;6,4
2025-01-08;Béziers;9,9;0,0
2025-01-09;Béziers;3,6;0,0
2025-01-10;Béziers;8,9;0,0
2025-01-11;Béziers;2,2;8,9
2025-01-12;Béziers;8,4;0,0
2025-01-13;Béziers;7,9;0,0
2025-01-14;Béziers;5,6;2,9
2025-01-15;Béziers;4,9;0,0
2025-01-16;Béziers;13,0;0,0
2025-01-17;Béziers;7,4;0,0
2025-01-18;Béziers;4,7;12,2
2025-01-19;Béziers;1,7;13,0
2025-01-20;Béziers;3,6;0,0
2025-01-21;Béziers;7,2;0,0
2025-01-22;Béziers;9,8;0,0
2025-01-23;Béziers;7,4;0,0
2025-01-24;Béziers;8,5;0,0
2025-01-25;Béziers;2,0;0,0
2025-01-26;Béziers;2,5;0,0
2025-01-27;Béziers;8,6;0,0
2025-01-28;Béziers;1,6;7,1
2025-01-29;Béziers;14,2;0,0
2025-01-30;Béziers;4,9;0,0
2025-01-31;Béziers;7,1;20,5
2025-02-01;Béziers;9,0;0,0
2025-02-02;Béziers;13,1;0,0
2025-02-03;Béziers;5,2;0,0
2025-02-04;Béziers;11,2;0,0
2025-02-05;Béziers;-999;0,0
2025-02-06;Béziers;8,2;0,0
2025-02-07;Béziers;15,6;0,0
2025-02-08;Béziers;10,2;0,0
2025-02-09;Béziers;5,2;0,0
2025-02-10;Béziers;6,4;19,7
2025-02-11;Béziers;4,7;0,0
2025-02-12;Béziers;11,1;0,0
2025-02-13;Béziers;10,6;0,0
2025-02-14;Béziers;3,8;0,0
2025-02-15;Béziers;;0,0
2025-02-16;Béziers;5,8;0,0
2025-02-17;Béziers;6,4;0,0
2025-02-18;Béziers;5,3;0,0
2025-02-19;Béziers;7,6;0,0
2025-02-20;Béziers;15,9;0,0
2025-02-21;Béziers;10,8;0,0
2025-02-22;Béziers;7,7;0,0
2025-02-23;Béziers;12,9;0,0
2025-02-24;Béziers;2,6;6,3
2025-02-25;Béziers;9,7;0,0
2025-02-26;Béziers;10,1;0,0
2025-02-27;Béziers;8,4;2,5
2025-02-28;Béziers;10,9;0,0
2025-03-01;Béziers;11,1;0,0
2025-03-02;Béziers;12,3;0,0
2025-03-03;Béziers;9,6;0,0
2025-03-04;Béziers;7,1;0,0
2025-03-05;Béziers;11,6;22,5
2025-03-06;Béziers;6,7;0,0
2025-03-07;Béziers;8,5;0,0
2025-03-08;Béziers;5,0;1,4
2025-03-09;Béziers;7,3;0,0
2025-03-10;Béziers;8,0;0,0
2025-03-11;Béziers;13,2;0,0
2025-03-12;Béziers;15,6;0,0
2025-03-13;Béziers;8,8;4,6
2025-03-14;Béziers;11,2;0,0
2025-03-15;Béziers;5,7;4,4
2025-03-16;Béziers;2,8;0,0
2025-03-17;Béziers;10,1;0,0
2025-03-18;Béziers;16,0;16,2
2025-03-19;Béziers;16,6;0,0
2025-03-20;Béziers;13,5;0,0
2025-03-21;Béziers;10,6;0,0
2025-03-22;Béziers;8,1;0,0
2025-03-23;Béziers;11,5;0,0
2025-03-24;Béziers;12,1;0,0
2025-03-25;Béziers;13,7;0,0
2025-03-26;Béziers;11,6;11,7
2025-03-27;Béziers;13,9;0,0
2025-03-28;Béziers;18,3;0,0
2025-03-29;Béziers;11,5;0,0
2025-03-30;Béziers;17,6;26,5
2025-03-31;Béziers;14,0;0,0
2025-04-01;Béziers;16,0;
2025-04-02;Béziers;15,7;0,0
2025-04-03;Béziers;2,1;0,0
2025-04-04;Béziers;15,8;0,0
2025-04-05;Béziers;19,0;0,0
2025-04-06;Béziers;20,3;0,0
2025-04-07;Béziers;17,4;15,7
2025-04-08;Béziers;9,3;0,0
2025-04-09;Béziers;12,3;5,7
2025-04-10;Béziers;19,8;9,3
2025-04-11;Béziers;16,6;0,0
2025-04-12;Béziers;16,4;0,0
2025-04-13;Béziers;13,5;2,4
2025-04-14;Béziers;19,4;0,0
2025-04-15;Béziers;16,7;0,0
2025-04-16;Béziers;17,3;0,0
2025-04-17;Béziers;15,1;0,0
2025-04-18;Béziers;;0,0
2025-04-19;Béziers;16,7;0,0
2025-04-20;Béziers;22,9;0,0
2025-04-21;Béziers;10,4;0,0
2025-04-22;Béziers;25,4;5,5
2025-04-23;Béziers;17,4;22,3
2025-04-24;Béziers;16,1;0,0
2025-04-25;Béziers;20,1;0,0
2025-04-26;Béziers;14,0;0,0
2025-04-27;Béziers;18,9;0,0
2025-04-28;Béziers;15,6;1,0
2025-04-29;Béziers;17,1;0,0
2025-04-30;Béziers;18,8;0,0
2025-05-01;Béziers;19,6;0,0
2025-05-02;Béziers;20,1;
2025-05-03;Béziers;16,0;0,0
2025-05-04;Béziers;20,2;0,0
2025-05-05;Béziers;16,1;9,9
2025-05-06;Béziers;18,9;0,0
2025-05-07;Béziers;19,3;0,0
2025-05-08;Béziers;20,6;0,0
2025-05-09;Béziers;22,4;0,0
2025-05-10;Béziers;16,1;0,5
2025-05-11;Béziers;21,9;0,0
2025-05-12;Béziers;19,8;2,0
2025-05-13;Béziers;22,2;0,0
2025-05-14;Béziers;20,2;0,0
2025-05-15;Béziers;24,5;0,2
2025-05-16;Béziers;20,8;0,8
2025-05-17;Béziers;20,6;0,0
2025-05-18;Béziers;21,3;1,2
2025-05-19;Béziers;22,4;9,7
2025-05-20;Béziers;21,1;0,0
2025-05-21;Béziers;22,4;0,0
2025-05-22;Béziers;21,8;0,0
2025-05-23;Béziers;22,3;0,0
2025-05-24;Béziers;18,3;0,0
2025-05-25;Béziers;20,5;0,0
2025-05-26;Béziers;18,3;0,0
2025-05-27;Béziers;22,4;0,0
2025-05-28;Béziers;19,8;1,4
2025-05-29;Béziers;24,8;0,0
2025-05-30;Béziers;18,4;0,0
2025-05-31;Béziers;23,9;0,0
2025-06-01;Béziers;20,9;0,0
2025-06-02;Béziers;28,7;0,0
2025-06-03;Béziers;19,9;0,0
2025-06-04;Béziers;24,8;0,0
2025-06-05;Béziers;23,5;
2025-06-06;Béziers;22,5;0,0
2025-06-07;Béziers;24,4;0,0
2025-06-08;Béziers;23,2;0,0
2025-06-09;Béziers;29,5;0,0
2025-06-10;Béziers;29,8;9,7
2025-06-11;Béziers;-999;1,4
2025-06-12;Béziers;22,5;0,0
2025-06-13;Béziers;-999;5,3
2025-06-14;Béziers;25,6;2,4
2025-06-15;Béziers;25,8;0,0
2025-06-16;Béziers;20,5;0,0
2025-06-17;Béziers;23,2;0,0
2025-06-18;Béziers;26,5;11,3
2025-06-19;Béziers;27,7;0,0
2025-06-20;Béziers;19,4;0,0
2025-06-21;Béziers;-999;0,0
2025-06-22;Béziers;26,2;0,0
2025-06-23;Béziers;23,4;0,0
2025-06-24;Béziers;26,0;0,0
2025-06-25;Béziers;24,0;0,9
2025-06-26;Béziers;25,2;0,0
2025-06-27;Béziers;23,2;27,2
2025-06-28;Béziers;24,3;0,0
2025-06-29;Béziers;32,3;0,0
2025-06-30;Béziers;26,8;0,0
2025-07-01;Béziers;24,9;0,0
2025-07-02;Béziers;25,6;0,0
2025-07-03;Béziers;-999;2,7
2025-07-04;Béziers;25,1;0,0
2025-07-05;Béziers;19,6;0,0
2025-07-06;Béziers;27,2;0,0
2025-07-07;Béziers;19,8;0,0
2025-07-08;Béziers;25,8;1,0
2025-07-09;Béziers;29,2;0,0
2025-07-10;Béziers;24,7;0,0
2025-07-11;Béziers;27,3;0,0
2025-07-12;Béziers;31,1;0,0
2025-07-13;Béziers;24,1;0,0
2025-07-14;Béziers;30,9;0,0
2025-07-15;Béziers;26,5;0,0
2025-07-16;Béziers;24,4;0,0
2025-07-17;Béziers;27,9;0,0
2025-07-18;Béziers;30,2;4,5
2025-07-19;Béziers;31,0;0,0
2025-07-20;Béziers;24,8;1,1
2025-07-21;Béziers;24,5;2,5
2025-07-22;Béziers;32,6;0,0
2025-07-23;Béziers;31,0;0,0
2025-07-24;Béziers;27,5;0,0
2025-07-25;Béziers;23,7;10,3
2025-07-26;Béziers;23,2;0,0
2025-07-27;Béziers;27,8;0,0
2025-07-28;Béziers;28,5;0,0
2025-07-29;Béziers;26,8;0,0
2025-07-30;Béziers;29,9;8,5
2025-07-31;Béziers;28,5;0,0
2025-08-01;Béziers;25,2;0,0
2025-08-02;Béziers;30,9;0,0
2025-08-03;Béziers;;0,0
2025-08-04;Béziers;25,1;0,0
2025-08-05;Béziers;22,2;0,0
2025-08-06;Béziers;31,3;0,0
2025-08-07;Béziers;25,9;27,4
2025-08-08;Béziers;33,5;0,0
2025-08-09;Béziers;22,3;4,0
2025-08-10;Béziers;26,2;0,0
2025-08-11;Béziers;28,6;0,0
2025-08-12;Béziers;28,8;0,0
2025-08-13;Béziers;27,1;0,0
2025-08-14;Béziers;-999;0,0
2025-08-15;Béziers;28,6;27,5
2025-08-16;Béziers;25,7;0,0
2025-08-17;Béziers;26,1;0,0
2025-08-18;Béziers;22,0;0,0
2025-08-19;Béziers;25,5;15,6
2025-08-20;Béziers;29,1;0,0
2025-08-21;Béziers;26,3;0,0
2025-08-22;Béziers;29,1;2,7
2025-08-23;Béziers;24,6;1,5
2025-08-24;Béziers;27,0;0,0
2025-08-25;Béziers;29,7;20,9
2025-08-26;Béziers;24,7;0,0
2025-08-27;Béziers;25,2;0,0
2025-08-28;Béziers;25,2;1,7
2025-08-29;Béziers;29,6;0,0
2025-08-30;Béziers;25,1;0,0
2025-08-31;Béziers;28,1;0,0
2025-09-01;Béziers;27,0;0,0
2025-09-02;Béziers;24,8;0,0
2025-09-03;Béziers;17,2;0,0
2025-09-04;Béziers;;0,0
2025-09-05;Béziers;22,7;0,0
2025-09-06;Béziers;17,8;0,0
2025-09-07;Béziers;27,3;0,0
2025-09-08;Béziers;22,1;0,0
2025-09-09;Béziers;20,9;3,5
2025-09-10;Béziers;22,5;0,0
2025-09-11;Béziers;23,5;0,8
2025-09-12;Béziers;20,4;0,0
2025-09-13;Béziers;22,4;11,5
2025-09-14;Béziers;21,9;0,0
2025-09-15;Béziers;19,3;0,0
2025-09-16;Béziers;24,4;0,0
2025-09-17;Béziers;27,5;0,0
2025-09-18;Béziers;14,8;0,0
2025-09-19;Béziers;24,1;0,0
2025-09-20;Béziers;17,7;0,0
2025-09-21;Béziers;22,1;0,0
2025-09-22;Béziers;21,1;0,0
2025-09-23;Béziers;15,5;0,0
2025-09-24;Béziers;24,7;0,0
2025-09-25;Béziers;22,3;0,0
2025-09-26;Béziers;18,5;0,0
2025-09-27;Béziers;21,8;1,9
2025-09-28;Béziers;24,9;0,0
2025-09-29;Béziers;;0,4
2025-09-30;Béziers;19,6;0,0
2025-10-01;Béziers;23,4;0,0
2025-10-02;Béziers;20,2;0,0
2025-10-03;Béziers;23,4;0,0
2025-10-04;Béziers;20,0;43,3
2025-10-05;Béziers;16,2;0,0
2025-10-06;Béziers;19,5;0,0
2025-10-07;Béziers;19,4;0,0
2025-10-08;Béziers;14,9;3,3
2025-10-09;Béziers;25,3;0,0
2025-10-10;Béziers;19,5;0,0
2025-10-11;Béziers;15,7;8,1
2025-10-12;Béziers;18,4;0,0
2025-10-13;Béziers;19,4;0,0
2025-10-14;Béziers;22,9;0,0
2025-10-15;Béziers;22,5;0,0
2025-10-16;Béziers;20,3;0,0
2025-10-17;Béziers;16,1;0,0
2025-10-18;Béziers;19,5;0,0
2025-10-19;Béziers;18,5;4,9
2025-10-20;Béziers;20,6;0,0
2025-10-21;Béziers;17,3;0,0
2025-10-22;Béziers;18,3;0,0
2025-10-23;Béziers;17,3;0,0
2025-10-24;Béziers;20,6;3,8
2025-10-25;Béziers;11,5;0,0
2025-10-26;Béziers;17,0;0,0
2025-10-27;Béziers;14,8;0,0
2025-10-28;Béziers;15,7;7,0
2025-10-29;Béziers;18,4;0,0
2025-10-30;Béziers;17,7;0,0
2025-10-31;Béziers;19,4;0,0
2025-11-01;Béziers;13,9;6,2
2025-11-02;Béziers;;0,0
2025-11-03;Béziers;13,0;0,0
2025-11-04;Béziers;12,1;8,0
2025-11-05;Béziers;14,5;0,0
2025-11-06;Béziers;16,4;0,0
2025-11-07;Béziers;16,5;8,0
2025-11-08;Béziers;15,3;0,0
2025-11-09;Béziers;11,3;0,0
2025-11-10;Béziers;9,8;0,0
2025-11-11;Béziers;15,6;8,0
2025-11-12;Béziers;14,0;0,0
2025-11-13;Béziers;18,6;0,0
2025-11-14;Béziers;12,7;8,7
2025-11-15;Béziers;12,7;0,0
2025-11-16;Béziers;14,2;6,2
2025-11-17;Béziers;6,9;0,8
2025-11-18;Béziers;12,8;0,0
2025-11-19;Béziers;11,3;10,3
2025-11-20;Béziers;10,4;0,0
2025-11-21;Béziers;8,6;0,0
2025-11-22;Béziers;9,2;0,0
2025-11-23;Béziers;12,0;0,0
2025-11-24;Béziers;14,8;0,0
2025-11-25;Béziers;10,5;0,0
2025-11-26;Béziers;11,2;0,0
2025-11-27;Béziers;14,7;0,0
2025-11-28;Béziers;11,0;0,0
2025-11-29;Béziers;12,6;0,0
2025-11-30;Béziers;8,1;0,4
2025-12-01;Béziers;7,5;24,4
2025-12-02;Béziers;7,5;0,0
2025-12-03;Béziers;12,1;0,0
2025-12-04;Béziers;10,6;4,0
2025-12-05;Béziers;;0,0
2025-12-06;Béziers;10,0;0,0
2025-12-07;Béziers;9,3;0,0
2025-12-08;Béziers;6,4;0,0
2025-12-09;Béziers;11,3;0,0
2025-12-10;Béziers;13,9;0,0
2025-12-11;Béziers;8,4;0,0
2025-12-12;Béziers;7,9;0,0
2025-12-13;Béziers;6,0;0,0
2025-12-14;Béziers;11,7;0,0
2025-12-15;Béziers;15,7;0,0
2025-12-16;Béziers;6,8;0,0
2025-12-17;Béziers;14,8;4,9
2025-12-18;Béziers;3,7;6,4
2025-12-19;Béziers;13,6;0,0
2025-12-20;Béziers;9,3;0,0
2025-12-21;Béziers;7,0;0,0
2025-12-22;Béziers;5,1;0,0
2025-12-23;Béziers;3,1;0,0
2025-12-24;Béziers;5,4;0,3
2025-12-25;Béziers;5,9;10,0
2025-12-26;Béziers;10,3;0,0
2025-12-27;Béziers;8,2;0,0
2025-12-28;Béziers;8,4;0,0
2025-12-29;Béziers;10,2;0,0
2025-12-30;Béziers;12,1;5,3
2025-12-31;Béziers;6,4;0,0
2025-01-01;Lodève;7,8;24,0
2025-01-02;Lodève;6,0;0,0
2025-01-03;Lodève;5,0;0,0
2025-01-04;Lodève;11,6;0,0
2025-01-05;Lodève;4,0;6,3
2025-01-06;Lodève;1,9;6,6
2025-01-07;Lodève;13,7;0,0
2025-01-08;Lodève;11,9;0,0
2025-01-09;Lodève;3,5;0,0
2025-01-10;Lodève;8,3;0,0
2025-01-11;Lodève;6,0;0,0
2025-01-12;Lodève;11,0;0,0
2025-01-13;Lodève;7,2;0,0
2025-01-14;Lodève;1,5;0,0
2025-01-15;Lodève;7,2;0,0
2025-01-16;Lodève;9,2;0,0
2025-01-17;Lodève;-999;19,7
2025-01-18;Lodève;8,2;0,0
2025-01-19;Lodève;6,9;1,8
2025-01-20;Lodève;;8,2
2025-01-21;Lodève;4,4;0,0
2025-01-22;Lodève;7,1;0,0
2025-01-23;Lodève;12,1;0,0
2025-01-24;Lodève;4,7;0,0
2025-01-25;Lodève;5,6;0,0
2025-01-26;Lodève;1,9;0,0
2025-01-27;Lodève;14,5;0,0
2025-01-28;Lodève;7,2;
2025-01-29;Lodève;10,2;0,8
2025-01-30;Lodève;4,2;0,0
2025-01-31;Lodève;0,3;0,0
2025-02-01;Lodève;9,3;0,0
2025-02-02;Lodève;4,9;8,6
2025-02-03;Lodève;6,9;0,0
2025-02-04;Lodève;9,5;0,0
2025-02-05;Lodève;4,4;0,0
2025-02-06;Lodève;9,2;0,0
2025-02-07;Lodève;12,1;0,0
2025-02-08;Lodève;;24,5
2025-02-09;Lodève;10,1;0,0
2025-02-10;Lodève;2,0;0,0
2025-02-11;Lodève;12,4;0,0
2025-02-12;Lodève;10,5;0,0
2025-02-13;Lodève;6,2;0,0
2025-02-14;Lodève;7,5;0,0
2025-02-15;Lodève;4,7;0,0
2025-02-16;Lodève;4,5;0,0
2025-02-17;Lodève;9,6;0,0
2025-02-18;Lodève;9,0;0,0
2025-02-19;Lodève;6,9;0,0
2025-02-20;Lodève;7,8;3,2
2025-02-21;Lodève;9,0;0,0
2025-02-22;Lodève;7,4;11,6
2025-02-23;Lodève;9,0;0,2
2025-02-24;Lodève;9,4;0,0
2025-02-25;Lodève;5,5;0,0
2025-02-26;Lodève;8,5;0,0
2025-02-27;Lodève;7,0;0,0
2025-02-28;Lodève;5,6;0,0
2025-03-01;Lodève;10,5;0,0
2025-03-02;Lodève;6,5;0,0
2025-03-03;Lodève;9,5;7,4
2025-03-04;Lodève;12,4;0,0
2025-03-05;Lodève;12,6;6,3
2025-03-06;Lodève;7,4;0,0
2025-03-07;Lodève;9,1;0,0
2025-03-08;Lodève;9,3;0,0
2025-03-09;Lodève;8,3;29,9
2025-03-10;Lodève;6,2;0,0
2025-03-11;Lodève;16,5;0,0
2025-03-12;Lodève;3,8;0,0
2025-03-13;Lodève;7,9;0,0
2025-03-14;Lodève;13,8;0,0
2025-03-15;Lodève;14,3;0,0
2025-03-16;Lodève;10,2;2,7
2025-03-17;Lodève;13,0;0,0
2025-03-18;Lodève;10,9;0,0
2025-03-19;Lodève;13,1;8,5
2025-03-20;Lodève;16,6;0,0
2025-03-21;Lodève;19,3;5,4
2025-03-22;Lodève;16,4;0,0
2025-03-23;Lodève;14,1;6,7
2025-03-24;Lodève;14,3;0,0
2025-03-25;Lodève;17,1;0,0
2025-03-26;Lodève;8,7;0,0
2025-03-27;Lodève;12,2;0,0
2025-03-28;Lodève;11,8;7,1
2025-03-29;Lodève;11,9;0,4
2025-03-30;Lodève;13,5;0,0
2025-03-31;Lodève;14,3;0,0
2025-04-01;Lodève;16,2;4,2
2025-04-02;Lodève;14,9;0,0
2025-04-03;Lodève;14,5;0,0
2025-04-04;Lodève;12,3;0,0
2025-04-05;Lodève;15,6;0,0
2025-04-06;Lodève;14,6;0,0
2025-04-07;Lodève;8,2;0,0
2025-04-08;Lodève;9,0;11,3
2025-04-09;Lodève;18,8;4,4
2025-04-10;Lodève;11,9;0,0
2025-04-11;Lodève;17,8;0,0
2025-04-12;Lodève;13,4;0,0
2025-04-13;Lodève;14,1;1,8
2025-04-14;Lodève;15,8;0,0
2025-04-15;Lodève;15,3;0,0
2025-04-16;Lodève;18,2;0,0
2025-04-17;Lodève;;0,0
2025-04-18;Lodève;17,6;0,0
2025-04-19;Lodève;14,5;0,0
2025-04-20;Lodève;18,2;0,0
2025-04-21;Lodève;16,9;0,0
2025-04-22;Lodève;20,1;0,0
2025-04-23;Lodève;18,5;0,0
2025-04-24;Lodève;20,1;0,0
2025-04-25;Lodève;20,0;0,0
2025-04-26;Lodève;11,1;0,0
2025-04-27;Lodève;15,5;0,0
2025-04-28;Lodève;24,6;0,0
2025-04-29;Lodève;19,1;0,0
2025-04-30;Lodève;19,5;4,8
2025-05-01;Lodève;20,7;0,0
2025-05-02;Lodève;19,9;0,0
2025-05-03;Lodève;20,3;0,0
2025-05-04;Lodève;20,1;0,0
2025-05-05;Lodève;21,4;4,2
2025-05-06;Lodève;-999;0,0
2025-05-07;Lodève;18,2;0,0
2025-05-08;Lodève;20,6;0,0
2025-05-09;Lodève;18,9;0,0
2025-05-10;Lodève;18,2;
2025-05-11;Lodève;;0,0
2025-05-12;Lodève;20,2;0,0
2025-05-13;Lodève;19,8;0,0
2025-05-14;Lodève;21,5;0,0
2025-05-15;Lodève;21,7;5,8
2025-05-16;Lodève;14,7;0,0
2025-05-17;Lodève;22,0;0,0
2025-05-18;Lodève;19,6;0,0
2025-05-19;Lodève;23,7;0,0
2025-05-20;Lodève;21,0;0,0
2025-05-21;Lodève;27,6;0,0
2025-05-22;Lodève;20,9;0,0
2025-05-23;Lodève;22,3;0,0
2025-05-24;Lodève;25,6;0,0
2025-05-25;Lodève;24,7;0,0
2025-05-26;Lodève;27,1;0,0
2025-05-27;Lodève;26,2;0,0
2025-05-28;Lodève;25,2;0,0
2025-05-29;Lodève;21,0;5,3
2025-05-30;Lodève;22,7;0,0
2025-05-31;Lodève;23,6;0,0
2025-06-01;Lodève;24,9;0,0
2025-06-02;Lodève;20,0;4,4
2025-06-03;Lodève;18,8;0,0
2025-06-04;Lodève;23,3;0,0
2025-06-05;Lodève;23,1;0,0
2025-06-06;Lodève;23,9;3,9
2025-06-07;Lodève;30,6;0,0
2025-06-08;Lodève;21,6;0,0
2025-06-09;Lodève;;0,0
2025-06-10;Lodève;22,7;0,0
2025-06-11;Lodève;24,7;0,0
2025-06-12;Lodève;26,9;0,0
2025-06-13;Lodève;23,4;0,0
2025-06-14;Lodève;19,9;0,0
2025-06-15;Lodève;;0,0
2025-06-16;Lodève;;0,0
2025-06-17;Lodève;28,8;0,0
2025-06-18;Lodève;25,7;0,0
2025-06-19;Lodève;23,4;0,0
2025-06-20;Lodève;25,8;0,0
2025-06-21;Lodève;26,8;0,0
2025-06-22;Lodève;23,7;0,0
2025-06-23;Lodève;27,5;0,0
2025-06-24;Lodève;27,9;0,0
2025-06-25;Lodève;26,3;0,0
2025-06-26;Lodève;27,1;0,0
2025-06-27;Lodève;20,6;0,0
2025-06-28;Lodève;23,9;4,1
2025-06-29;Lodève;24,8;0,0
2025-06-30;Lodève;29,4;0,0
2025-07-01;Lodève;27,4;0,0
2025-07-02;Lodève;24,7;2,5
2025-07-03;Lodève;24,0;0,0
2025-07-04;Lodève;23,4;0,0
2025-07-05;Lodève;27,4;0,3
2025-07-06;Lodève;24,6;0,0
2025-07-07;Lodève;24,6;7,2
2025-07-08;Lodève;29,2;0,0
2025-07-09;Lodève;26,1;0,0
2025-07-10;Lodève;30,5;0,0
2025-07-11;Lodève;24,6;0,0
2025-07-12;Lodève;27,4;0,0
2025-07-13;Lodève;31,6;0,0
2025-07-14;Lodève;26,5;0,0
2025-07-15;Lodève;28,2;0,0
2025-07-16;Lodève;28,5;4,5
2025-07-17;Lodève;24,5;12,8
2025-07-18;Lodève;19,3;0,0
2025-07-19;Lodève;29,2;0,0
2025-07-20;Lodève;30,0;0,0
2025-07-21;Lodève;23,5;0,0
2025-07-22;Lodève;30,1;0,0
2025-07-23;Lodève;24,4;15,2
2025-07-24;Lodève;30,3;0,0
2025-07-25;Lodève;;0,0
2025-07-26;Lodève;29,0;0,1
2025-07-27;Lodève;26,6;0,0
2025-07-28;Lodève;26,9;3,1
2025-07-29;Lodève;26,1;0,0
2025-07-30;Lodève;27,0;0,0
2025-07-31;Lodève;27,1;0,0
2025-08-01;Lodève;30,2;0,0
2025-08-02;Lodève;27,1;0,0
2025-08-03;Lodève;26,1;0,0
2025-08-04;Lodève;23,5;0,0
2025-08-05;Lodève;24,9;0,0
2025-08-06;Lodève;22,9;0,0
2025-08-07;Lodève;32,4;6,6
2025-08-08;Lodève;26,6;23,9
2025-08-09;Lodève;31,5;0,0
2025-08-10;Lodève;24,1;4,5
2025-08-11;Lodève;30,1;0,0
2025-08-12;Lodève;24,9;0,0
2025-08-13;Lodève;20,4;0,0
2025-08-14;Lodève;31,6;0,0
2025-08-15;Lodève;24,0;0,0
2025-08-16;Lodève;24,7;0,0
2025-08-17;Lodève;27,6;0,0
2025-08-18;Lodève;28,3;0,0
2025-08-19;Lodève;23,4;0,3
2025-08-20;Lodève;27,3;0,0
2025-08-21;Lodève;23,5;0,0
2025-08-22;Lodève;25,4;13,9
2025-08-23;Lodève;31,6;6,9
2025-08-24;Lodève;24,4;0,0
2025-08-25;Lodève;27,5;0,0
2025-08-26;Lodève;29,0;0,0
2025-08-27;Lodève;20,5;0,0
2025-08-28;Lodève;23,8;18,6
2025-08-29;Lodève;22,7;0,0
2025-08-30;Lodève;23,6;0,0
2025-08-31;Lodève;24,3;0,0
2025-09-01;Lodève;23,2;0,0
2025-09-02;Lodève;26,3;0,0
2025-09-03;Lodève;24,5;0,0
2025-09-04;Lodève;29,6;0,0
2025-09-05;Lodève;23,7;0,0
2025-09-06;Lodève;22,7;0,0
2025-09-07;Lodève;24,5;0,0
2025-09-08;Lodève;28,6;0,0
2025-09-09;Lodève;18,9;0,0
2025-09-10;Lodève;19,9;0,0
2025-09-11;Lodève;22,5;0,0
2025-09-12;Lodève;22,4;0,0
2025-09-13;Lodève;25,9;0,0
2025-09-14;Lodève;25,8;0,0
2025-09-15;Lodève;21,1;0,0
2025-09-16;Lodève;22,1;0,0
2025-09-17;Lodève;15,2;2,9
2025-09-18;Lodève;15,9;0,0
2025-09-19;Lodève;19,8;0,0
2025-09-20;Lodève;19,2;0,0
2025-09-21;Lodève;22,8;0,0
2025-09-22;Lodève;19,0;0,0
2025-09-23;Lodève;22,3;0,0
2025-09-24;Lodève;-999;4,6
2025-09-25;Lodève;25,9;0,0
2025-09-26;Lodève;24,8;1,2
2025-09-27;Lodève;29,8;8,6
2025-09-28;Lodève;24,5;1,2
2025-09-29;Lodève;23,1;0,0
2025-09-30;Lodève;14,4;0,2
2025-10-01;Lodève;25,3;0,0
2025-10-02;Lodève;15,5;8,9
2025-10-03;Lodève;17,4;9,2
2025-10-04;Lodève;22,2;0,0
2025-10-05;Lodève;21,0;0,0
2025-10-06;Lodève;20,5;0,0
2025-10-07;Lodève;23,2;0,0
2025-10-08;Lodève;17,0;0,0
2025-10-09;Lodève;16,3;20,0
2025-10-10;Lodève;17,1;0,0
2025-10-11;Lodève;19,5;0,0
2025-10-12;Lodève;16,3;0,0
2025-10-13;Lodève;18,9;0,0
2025-10-14;Lodève;19,3;0,1
2025-10-15;Lodève;12,2;0,0
2025-10-16;Lodève;15,3;0,0
2025-10-17;Lodève;15,6;4,1
2025-10-18;Lodève;17,2;3,4
2025-10-19;Lodève;10,6;1,6
2025-10-20;Lodève;13,9;20,0
2025-10-21;Lodève;16,2;0,0
2025-10-22;Lodève;20,1;0,0
2025-10-23;Lodève;21,0;0,0
2025-10-24;Lodève;11,6;0,0
2025-10-25;Lodève;20,6;0,0
2025-10-26;Lodève;20,6;4,1
2025-10-27;Lodève;13,8;0,0
2025-10-28;Lodève;16,1;0,0
2025-10-29;Lodève;13,6;0,0
2025-10-30;Lodève;18,7;0,0
2025-10-31;Lodève;16,3;9,4
2025-11-01;Lodève;16,7;0,0
2025-11-02;Lodève;16,5;0,0
2025-11-03;Lodève;17,9;0,0
2025-11-04;Lodève;12,2;0,0
2025-11-05;Lodève;14,1;0,0
2025-11-06;Lodève;14,0;0,0
2025-11-07;Lodève;14,5;0,4
2025-11-08;Lodève;11,3;0,0
2025-11-09;Lodève;15,9;0,0
2025-11-10;Lodève;9,8;0,0
2025-11-11;Lodève;10,6;0,0
2025-11-12;Lodève;16,5;0,0
2025-11-13;Lodève;9,6;0,0
2025-11-14;Lodève;11,6;0,0
2025-11-15;Lodève;9,0;0,0
2025-11-16;Lodève;10,0;0,0
2025-11-17;Lodève;14,2;0,0
2025-11-18;Lodève;15,1;0,0
2025-11-19;Lodève;12,0;0,6
2025-11-20;Lodève;8,8;0,0
2025-11-21;Lodève;14,4;0,0
2025-11-22;Lodève;12,2;0,0
2025-11-23;Lodève;7,4;0,0
2025-11-24;Lodève;11,2;0,0
2025-11-25;Lodève;;35,4
2025-11-26;Lodève;9,3;24,7
2025-11-27;Lodève;9,5;0,0
2025-11-28;Lodève;9,8;0,7
2025-11-29;Lodève;9,6;0,0
2025-11-30;Lodève;9,8;0,0
2025-12-01;Lodève;12,5;22,0
2025-12-02;Lodève;13,2;0,0
2025-12-03;Lodève;13,3;0,0
2025-12-04;Lodève;6,3;12,4
2025-12-05;Lodève;8,0;0,0
2025-12-06;Lodève;12,2;0,0
2025-12-07;Lodève;14,1;0,0
2025-12-08;Lodève;7,4;0,0
2025-12-09;Lodève;9,3;0,0
2025-12-10;Lodève;11,2;0,0
2025-12-11;Lodève;13,3;0,0
2025-12-12;Lodève;10,6;0,0
2025-12-13;Lodève;8,8;0,0
2025-12-14;Lodève;9,2;0,0
2025-12-15;Lodève;7,5;0,0
2025-12-16;Lodève;11,9;0,0
2025-12-17;Lodève;11,3;0,0
2025-12-18;Lodève;6,6;0,0
2025-12-19;Lodève;11,5;0,0
2025-12-20;Lodève;5,7;0,0
2025-12-21;Lodève;8,2;0,0
2025-12-22;Lodève;;0,0
2025-12-23;Lodève;6,3;7,9
2025-12-24;Lodève;9,2;0,0
2025-12-25;Lodève;7,3;0,0
2025-12-26;Lodève;6,3;1,6
2025-12-27;Lodève;6,2;7,8
2025-12-28;Lodève;11,2;0,0
2025-12-29;Lodève;6,0;6,5
2025-12-30;Lodève;3,6;0,0
2025-12-31;Lodève;12,8;0,0
2025-01-01;Pézenas;10,2;0,0
2025-01-02;Pézenas;7,9;0,0
2025-01-03;Pézenas;9,5;0,0
2025-01-04;Pézenas;8,0;0,0
2025-01-05;Pézenas;6,9;7,7
2025-01-06;Pézenas;8,6;9,7
2025-01-07;Pézenas;10,4;0,8
2025-01-08;Pézenas;8,3;0,0
2025-01-09;Pézenas;2,3;0,7
2025-01-10;Pézenas;9,0;0,0
2025-01-11;Pézenas;10,4;0,0
2025-01-12;Pézenas;12,3;0,0
2025-01-13;Pézenas;11,4;0,0
2025-01-14;Pézenas;4,1;0,0
2025-01-15;Pézenas;1,1;0,0
2025-01-16;Pézenas;4,0;0,0
2025-01-17;Pézenas;6,4;0,0
2025-01-18;Pézenas;4,0;0,0
2025-01-19;Pézenas;7,8;0,0
2025-01-20;Pézenas;7,6;3,1
2025-01-21;Pézenas;7,0;0,0
2025-01-22;Pézenas;6,5;0,0
2025-01-23;Pézenas;9,0;9,9
2025-01-24;Pézenas;3,5;0,0
2025-01-25;Pézenas;11,7;0,0
2025-01-26;Pézenas;;0,0
2025-01-27;Pézenas;3,8;0,0
2025-01-28;Pézenas;9,1;22,9
2025-01-29;Pézenas;10,4;0,0
2025-01-30;Pézenas;3,9;0,0
2025-01-31;Pézenas;3,4;0,0
2025-02-01;Pézenas;4,4;0,0
2025-02-02;Pézenas;10,2;0,0
2025-02-03;Pézenas;8,8;0,0
2025-02-04;Pézenas;6,7;0,0
2025-02-05;Pézenas;10,9;0,0
2025-02-06;Pézenas;8,2;0,0
2025-02-07;Pézenas;2,8;0,0
2025-02-08;Pézenas;11,1;0,0
2025-02-09;Pézenas;8,5;0,0
2025-02-10;Pézenas;3,2;0,1
2025-02-11;Pézenas;5,6;2,4
2025-02-12;Pézenas;9,3;0,0
2025-02-13;Pézenas;6,2;0,0
2025-02-14;Pézenas;14,1;0,0
2025-02-15;Pézenas;5,0;0,0
2025-02-16;Pézenas;;0,0
2025-02-17;Pézenas;7,4;0,0
2025-02-18;Pézenas;9,4;0,0
2025-02-19;Pézenas;12,5;0,0
2025-02-20;Pézenas;7,9;0,0
2025-02-21;Pézenas;12,2;0,9
2025-02-22;Pézenas;5,1;0,0
2025-02-23;Pézenas;13,0;0,0
2025-02-24;Pézenas;;0,0
2025-02-25;Pézenas;5,5;0,0
2025-02-26;Pézenas;-0,4;0,0
2025-02-27;Pézenas;4,7;0,0
2025-02-28;Pézenas;8,9;0,0
2025-03-01;Pézenas;16,9;0,0
2025-03-02;Pézenas;8,4;0,8
2025-03-03;Pézenas;12,9;0,0
2025-03-04;Pézenas;4,1;0,0
2025-03-05;Pézenas;12,8;0,0
2025-03-06;Pézenas;7,9;0,0
2025-03-07;Pézenas;8,4;0,0
2025-03-08;Pézenas;;0,0
2025-03-09;Pézenas;9,0;0,0
2025-03-10;Pézenas;9,5;0,0
2025-03-11;Pézenas;17,8;0,0
2025-03-12;Pézenas;12,6;0,0
2025-03-13;Pézenas;9,2;0,0
2025-03-14;Pézenas;9,1;0,0
2025-03-15;Pézenas;10,0;0,0
2025-03-16;Pézenas;13,0;0,0
2025-03-17;Pézenas;15,9;0,0
2025-03-18;Pézenas;14,0;0,0
2025-03-19;Pézenas;13,5;21,8
2025-03-20;Pézenas;8,8;0,0
2025-03-21;Pézenas;11,2;0,0
2025-03-22;Pézenas;8,3;0,0
2025-03-23;Pézenas;16,4;0,0
2025-03-24;Pézenas;12,9;12,5
2025-03-25;Pézenas;10,3;0,0
2025-03-26;Pézenas;12,5;0,0
2025-03-27;Pézenas;18,0;0,0
2025-03-28;Pézenas;11,2;0,0
2025-03-29;Pézenas;20,3;2,7
2025-03-30;Pézenas;12,6;0,0
2025-03-31;Pézenas;-999;0,0
2025-04-01;Pézenas;14,3;26,9
2025-04-02;Pézenas;15,3;0,0
2025-04-03;Pézenas;16,3;0,0
2025-04-04;Pézenas;15,3;5,7
2025-04-05;Pézenas;12,8;0,0
2025-04-06;Pézenas;11,3;17,3
2025-04-07;Pézenas;16,5;0,0
2025-04-08;Pézenas;15,3;0,0
2025-04-09;Pézenas;20,0;6,3
2025-04-10;Pézenas;21,9;2,1
2025-04-11;Pézenas;13,4;1,8
2025-04-12;Pézenas;12,9;0,0
2025-04-13;Pézenas;15,3;13,6
2025-04-14;Pézenas;17,2;0,0
2025-04-15;Pézenas;10,6;0,0
2025-04-16;Pézenas;16,5;0,0
2025-04-17;Pézenas;14,1;0,0
2025-04-18;Pézenas;17,0;2,9
2025-04-19;Pézenas;18,7;0,0
2025-04-20;Pézenas;17,2;0,0
2025-04-21;Pézenas;16,0;9,1
2025-04-22;Pézenas;16,4;44,3
2025-04-23;Pézenas;13,7;0,0
2025-04-24;Pézenas;21,5;6,4
2025-04-25;Pézenas;17,8;2,4
2025-04-26;Pézenas;22,0;0,2
2025-04-27;Pézenas;22,3;0,0
2025-04-28;Pézenas;19,1;4,1
2025-04-29;Pézenas;19,8;0,0
2025-04-30;Pézenas;16,5;0,1
2025-05-01;Pézenas;19,2;0,0
2025-05-02;Pézenas;20,4;0,0
2025-05-03;Pézenas;20,6;0,0
2025-05-04;Pézenas;18,6;0,0
2025-05-05;Pézenas;15,9;0,0
2025-05-06;Pézenas;19,1;0,5
2025-05-07;Pézenas;16,7;22,2
2025-05-08;Pézenas;18,3;0,0
2025-05-09;Pézenas;;0,0
2025-05-10;Pézenas;19,9;0,0
2025-05-11;Pézenas;19,3;0,0
2025-05-12;Pézenas;16,2;0,0
2025-05-13;Pézenas;20,2;0,0
2025-05-14;Pézenas;-999;0,0
2025-05-15;Pézenas;23,6;0,0
2025-05-16;Pézenas;25,7;14,7
2025-05-17;Pézenas;21,1;0,0
2025-05-18;Pézenas;23,7;0,0
2025-05-19;Pézenas;18,8;0,0
2025-05-20;Pézenas;21,5;0,0
2025-05-21;Pézenas;20,4;0,0
2025-05-22;Pézenas;23,3;9,6
2025-05-23;Pézenas;23,3;0,0
2025-05-24;Pézenas;19,9;0,0
2025-05-25;Pézenas;23,3;0,0
2025-05-26;Pézenas;21,7;0,0
2025-05-27;Pézenas;24,7;0,0
2025-05-28;Pézenas;-999;0,0
2025-05-29;Pézenas;24,8;0,0
2025-05-30;Pézenas;21,8;0,0
2025-05-31;Pézenas;26,4;0,0
2025-06-01;Pézenas;23,8;0,0
2025-06-02;Pézenas;23,6;0,0
2025-06-03;Pézenas;25,7;0,0
2025-06-04;Pézenas;25,2;0,0
2025-06-05;Pézenas;29,3;0,0
2025-06-06;Pézenas;29,8;4,9
2025-06-07;Pézenas;20,6;0,0
2025-06-08;Pézenas;23,9;0,0
2025-06-09;Pézenas;19,6;0,0
2025-06-10;Pézenas;23,3;15,0
2025-06-11;Pézenas;24,7;0,0
2025-06-12;Pézenas;26,8;2,6
2025-06-13;Pézenas;22,9;0,0
2025-06-14;Pézenas;30,7;0,0
2025-06-15;Pézenas;31,3;0,0
2025-06-16;Pézenas;28,5;0,0
2025-06-17;Pézenas;25,0;0,0
2025-06-18;Pézenas;26,4;0,0
2025-06-19;Pézenas;24,3;0,0
2025-06-20;Pézenas;21,6;0,0
2025-06-21;Pézenas;26,5;0,0
2025-06-22;Pézenas;25,4;0,0
2025-06-23;Pézenas;26,2;0,0
2025-06-24;Pézenas;28,7;0,0
2025-06-25;Pézenas;27,2;0,0
2025-06-26;Pézenas;21,6;0,0
2025-06-27;Pézenas;21,1;0,0
2025-06-28;Pézenas;24,4;0,0
2025-06-29;Pézenas;24,8;0,0
2025-06-30;Pézenas;27,4;0,0
2025-07-01;Pézenas;30,6;11,8
2025-07-02;Pézenas;30,2;27,9
2025-07-03;Pézenas;31,7;20,8
2025-07-04;Pézenas;25,1;2,1
2025-07-05;Pézenas;24,7;0,0
2025-07-06;Pézenas;26,6;0,0
2025-07-07;Pézenas;29,8;1,4
2025-07-08;Pézenas;19,0;0,0
2025-07-09;Pézenas;28,6;13,5
2025-07-10;Pézenas;24,1;0,0
2025-07-11;Pézenas;22,7;6,1
2025-07-12;Pézenas;23,7;0,0
2025-07-13;Pézenas;24,2;1,2
2025-07-14;Pézenas;28,3;21,9
2025-07-15;Pézenas;25,8;0,0
2025-07-16;Pézenas;25,3;0,0
2025-07-17;Pézenas;29,3;0,0
2025-07-18;Pézenas;25,4;0,0
2025-07-19;Pézenas;26,8;0,0
2025-07-20;Pézenas;22,9;0,0
2025-07-21;Pézenas;24,8;0,0
2025-07-22;Pézenas;24,1;5,7
2025-07-23;Pézenas;26,0;0,0
2025-07-24;Pézenas;27,1;0,0
2025-07-25;Pézenas;31,6;0,0
2025-07-26;Pézenas;22,9;0,0
2025-07-27;Pézenas;30,1;0,0
2025-07-28;Pézenas;29,8;0,0
2025-07-29;Pézenas;29,6;0,0
2025-07-30;Pézenas;23,7;4,0
2025-07-31;Pézenas;27,3;0,0
2025-08-01;Pézenas;33,3;0,0
2025-08-02;Pézenas;25,0;0,0
2025-08-03;Pézenas;27,5;4,5
2025-08-04;Pézenas;20,7;0,0
2025-08-05;Pézenas;29,2;0,0
2025-08-06;Pézenas;21,5;0,0
2025-08-07;Pézenas;24,4;0,0
2025-08-08;Pézenas;29,7;0,3
2025-08-09;Pézenas;28,2;0,0
2025-08-10;Pézenas;30,0;0,0
2025-08-11;Pézenas;29,7;0,0
2025-08-12;Pézenas;21,3;8,9
2025-08-13;Pézenas;27,1;0,0
2025-08-14;Pézenas;29,1;0,0
2025-08-15;Pézenas;25,9;0,0
2025-08-16;Pézenas;29,5;0,0
2025-08-17;Pézenas;27,1;0,4
2025-08-18;Pézenas;29,2;29,0
2025-08-19;Pézenas;18,4;0,0
2025-08-20;Pézenas;26,1;0,0
2025-08-21;Pézenas;25,9;0,0
2025-08-22;Pézenas;26,8;0,0
2025-08-23;Pézenas;29,2;0,0
2025-08-24;Pézenas;24,3;0,0
2025-08-25;Pézenas;20,6;0,0
2025-08-26;Pézenas;29,6;0,0
2025-08-27;Pézenas;29,9;0,0
2025-08-28;Pézenas;23,9;0,0
2025-08-29;Pézenas;;0,0
2025-08-30;Pézenas;23,8;0,0
2025-08-31;Pézenas;22,8;0,0
2025-09-01;Pézenas;26,2;0,0
2025-09-02;Pézenas;21,2;0,0
2025-09-03;Pézenas;24,5;0,0
2025-09-04;Pézenas;29,5;0,0
2025-09-05;Pézenas;26,3;0,0
2025-09-06;Pézenas;24,0;1,0
2025-09-07;Pézenas;23,5;0,0
2025-09-08;Pézenas;20,9;0,0
2025-09-09;Pézenas;24,0;0,0
2025-09-10;Pézenas;23,3;0,0
2025-09-11;Pézenas;23,3;0,0
2025-09-12;Pézenas;23,6;0,0
2025-09-13;Pézenas;26,9;0,7
2025-09-14;Pézenas;19,9;22,4
2025-09-15;Pézenas;20,5;0,0
2025-09-16;Pézenas;24,1;7,3
2025-09-17;Pézenas;21,4;0,0
2025-09-18;Pézenas;13,7;0,0
2025-09-19;Pézenas;21,4;8,1
2025-09-20;Pézenas;27,2;0,0
2025-09-21;Pézenas;-999;0,0
2025-09-22;Pézenas;18,5;0,0
2025-09-23;Pézenas;22,7;0,0
2025-09-24;Pézenas;21,2;2,8
2025-09-25;Pézenas;13,7;2,4
2025-09-26;Pézenas;23,7;19,5
2025-09-27;Pézenas;18,8;10,7
2025-09-28;Pézenas;20,4;0,0
2025-09-29;Pézenas;22,3;0,0
2025-09-30;Pézenas;18,7;0,0
2025-10-01;Pézenas;20,4;2,6
2025-10-02;Pézenas;26,8;11,0
2025-10-03;Pézenas;15,6;11,3
2025-10-04;Pézenas;19,5;0,0
2025-10-05;Pézenas;16,1;0,0
2025-10-06;Pézenas;23,5;0,0
2025-10-07;Pézenas;21,7;0,0
2025-10-08;Pézenas;;0,0
2025-10-09;Pézenas;13,9;0,0
2025-10-10;Pézenas;26,2;0,0
2025-10-11;Pézenas;;12,6
2025-10-12;Pézenas;15,5;0,0
2025-10-13;Pézenas;12,3;0,0
2025-10-14;Pézenas;20,7;0,0
2025-10-15;Pézenas;19,1;0,0
2025-10-16;Pézenas;22,0;0,0
2025-10-17;Pézenas;16,3;0,0
2025-10-18;Pézenas;20,0;0,0
2025-10-19;Pézenas;17,9;0,0
2025-10-20;Pézenas;20,8;0,0
2025-10-21;Pézenas;14,7;0,0
2025-10-22;Pézenas;15,1;0,0
2025-10-23;Pézenas;17,5;0,0
2025-10-24;Pézenas;13,5;0,0
2025-10-25;Pézenas;13,8;0,0
2025-10-26;Pézenas;19,3;0,0
2025-10-27;Pézenas;14,6;0,0
2025-10-28;Pézenas;13,2;0,0
2025-10-29;Pézenas;9,9;0,0
2025-10-30;Pézenas;22,0;0,0
2025-10-31;Pézenas;;47,0
2025-11-01;Pézenas;20,1;0,0
2025-11-02;Pézenas;14,2;0,0
2025-11-03;Pézenas;11,4;0,0
2025-11-04;Pézenas;15,2;52,9
2025-11-05;Pézenas;7,6;0,0
2025-11-06;Pézenas;16,7;0,0
2025-11-07;Pézenas;17,9;0,0
2025-11-08;Pézenas;11,7;0,0
2025-11-09;Pézenas;15,7;0,0
2025-11-10;Pézenas;19,0;37,3
2025-11-11;Pézenas;11,6;0,0
2025-11-12;Pézenas;15,2;12,9
2025-11-13;Pézenas;15,1;7,7
2025-11-14;Pézenas;15,3;0,0
2025-11-15;Pézenas;12,6;0,0
2025-11-16;Pézenas;10,8;10,2
2025-11-17;Pézenas;10,8;0,0
2025-11-18;Pézenas;9,6;0,0
2025-11-19;Pézenas;13,8;0,0
2025-11-20;Pézenas;12,4;0,0
2025-11-21;Pézenas;-999;0,0
2025-11-22;Pézenas;8,8;0,0
2025-11-23;Pézenas;7,3;31,8
2025-11-24;Pézenas;;0,0
2025-11-25;Pézenas;13,0;0,0
2025-11-26;Pézenas;10,2;0,0
2025-11-27;Pézenas;9,8;0,0
2025-11-28;Pézenas;11,8;1,7
2025-11-29;Pézenas;;0,0
2025-11-30;Pézenas;8,2;0,0
2025-12-01;Pézenas;8,2;2,7
2025-12-02;Pézenas;12,2;0,0
2025-12-03;Pézenas;10,7;25,0
2025-12-04;Pézenas;1,2;3,8
2025-12-05;Pézenas;8,9;0,0
2025-12-06;Pézenas;8,2;1,8
2025-12-07;Pézenas;4,5;0,0
2025-12-08;Pézenas;10,6;0,0
2025-12-09;Pézenas;3,9;8,6
2025-12-10;Pézenas;14,2;4,9
2025-12-11;Pézenas;10,9;0,0
2025-12-12;Pézenas;9,4;10,4
2025-12-13;Pézenas;7,9;0,3
2025-12-14;Pézenas;13,1;0,0
2025-12-15;Pézenas;8,9;0,0
2025-12-16;Pézenas;13,1;3,6
2025-12-17;Pézenas;4,1;0,0
2025-12-18;Pézenas;7,9;0,0
2025-12-19;Pézenas;8,1;0,0
2025-12-20;Pézenas;11,7;0,0
2025-12-21;Pézenas;10,3;0,0
2025-12-22;Pézenas;6,8;0,0
2025-12-23;Pézenas;12,5;0,0
2025-12-24;Pézenas;10,7;0,0
2025-12-25;Pézenas;1,8;0,0
2025-12-26;Pézenas;10,3;0,0
2025-12-27;Pézenas;4,9;0,0
2025-12-28;Pézenas;5,3;0,0
2025-12-29;Pézenas;10,7;0,0
2025-12-30;Pézenas;5,7;0,0
2025-12-31;Pézenas;7,6;4,1
2025-01-01;Nîmes;4,9;0,0
2025-01-02;Nîmes;7,9;4,4
2025-01-03;Nîmes;5,0;7,9
2025-01-04;Nîmes;2,3;5,7
2025-01-05;Nîmes;4,9;0,0
2025-01-06;Nîmes;6,4;0,0
2025-01-07;Nîmes;4,0;5,7
2025-01-08;Nîmes;9,1;0,0
2025-01-09;Nîmes;12,8;0,0
2025-01-10;Nîmes;13,6;0,0
2025-01-11;Nîmes;6,8;0,0
2025-01-12;Nîmes;5,2;0,0
2025-01-13;Nîmes;7,6;0,0
2025-01-14;Nîmes;6,1;0,0
2025-01-15;Nîmes;1,8;0,0
2025-01-16;Nîmes;10,6;0,0
2025-01-17;Nîmes;6,9;0,0
2025-01-18;Nîmes;3,8;0,0
2025-01-19;Nîmes;9,8;0,0
2025-01-20;Nîmes;8,9;8,2
2025-01-21;Nîmes;7,3;4,7
2025-01-22;Nîmes;6,2;4,7
2025-01-23;Nîmes;6,5;7,6
2025-01-24;Nîmes;0,7;0,0
2025-01-25;Nîmes;4,3;0,0
2025-01-26;Nîmes;7,0;0,6
2025-01-27;Nîmes;12,7;0,0
2025-01-28;Nîmes;6,7;0,0
2025-01-29;Nîmes;2,9;1,4
2025-01-30;Nîmes;11,0;0,0
2025-01-31;Nîmes;4,0;0,0
2025-02-01;Nîmes;7,1;0,0
2025-02-02;Nîmes;3,2;0,0
2025-02-03;Nîmes;9,2;0,0
2025-02-04;Nîmes;3,2;0,0
2025-02-05;Nîmes;3,8;0,0
2025-02-06;Nîmes;10,3;0,0
2025-02-07;Nîmes;11,4;14,2
2025-02-08;Nîmes;12,8;3,4
2025-02-09;Nîmes;8,3;0,0
2025-02-10;Nîmes;1,3;0,0
2025-02-11;Nîmes;4,9;0,0
2025-02-12;Nîmes;4,3;5,9
2025-02-13;Nîmes;5,6;0,0
2025-02-14;Nîmes;;0,0
2025-02-15;Nîmes;7,8;10,5
2025-02-16;Nîmes;2,6;0,0
2025-02-17;Nîmes;11,0;0,0
2025-02-18;Nîmes;-1,3;0,0
2025-02-19;Nîmes;3,7;0,0
2025-02-20;Nîmes;5,4;0,0
2025-02-21;Nîmes;6,3;0,0
2025-02-22;Nîmes;7,9;0,0
2025-02-23;Nîmes;8,6;0,0
2025-02-24;Nîmes;8,7;0,0
2025-02-25;Nîmes;8,2;0,0
2025-02-26;Nîmes;17,3;0,0
2025-02-27;Nîmes;7,6;0,0
2025-02-28;Nîmes;7,9;0,0
2025-03-01;Nîmes;13,8;0,0
2025-03-02;Nîmes;1,9;0,0
2025-03-03;Nîmes;9,4;0,8
2025-03-04;Nîmes;12,1;1,0
2025-03-05;Nîmes;10,1;0,0
2025-03-06;Nîmes;10,4;0,0
2025-03-07;Nîmes;13,4;0,0
2025-03-08;Nîmes;6,8;0,0
2025-03-09;Nîmes;6,8;0,0
2025-03-10;Nîmes;13,3;0,0
2025-03-11;Nîmes;12,3;0,0
2025-03-12;Nîmes;9,9;0,0
2025-03-13;Nîmes;6,7;0,0
2025-03-14;Nîmes;;0,0
2025-03-15;Nîmes;10,6;0,0
2025-03-16;Nîmes;15,7;10,9
2025-03-17;Nîmes;11,3;0,0
2025-03-18;Nîmes;12,7;0,0
2025-03-19;Nîmes;12,7;0,0
2025-03-20;Nîmes;17,5;10,8
2025-03-21;Nîmes;14,1;2,7
2025-03-22;Nîmes;14,3;0,0
2025-03-23;Nîmes;17,6;0,0
2025-03-24;Nîmes;13,5;0,0
2025-03-25;Nîmes;14,0;0,0
2025-03-26;Nîmes;15,1;0,0
2025-03-27;Nîmes;13,6;0,0
2025-03-28;Nîmes;10,8;19,4
2025-03-29;Nîmes;10,0;0,0
2025-03-30;Nîmes;12,6;13,6
2025-03-31;Nîmes;13,2;0,0
2025-04-01;Nîmes;17,6;0,0
2025-04-02;Nîmes;12,9;0,0
2025-04-03;Nîmes;11,0;0,0
2025-04-04;Nîmes;12,8;0,0
2025-04-05;Nîmes;12,4;0,0
2025-04-06;Nîmes;10,8;2,3
2025-04-07;Nîmes;10,5;0,0
2025-04-08;Nîmes;15,6;11,1
2025-04-09;Nîmes;11,7;0,0
2025-04-10;Nîmes;14,2;12,7
2025-04-11;Nîmes;12,9;2,3
2025-04-12;Nîmes;17,9;0,0
2025-04-13;Nîmes;19,7;
2025-04-14;Nîmes;16,0;0,0
2025-04-15;Nîmes;11,2;0,0
2025-04-16;Nîmes;18,4;6,3
2025-04-17;Nîmes;15,5;0,0
2025-04-18;Nîmes;18,1;0,0
2025-04-19;Nîmes;16,4;0,0
2025-04-20;Nîmes;14,4;0,0
2025-04-21;Nîmes;17,3;0,0
2025-04-22;Nîmes;18,7;15,1
2025-04-23;Nîmes;17,4;0,1
2025-04-24;Nîmes;19,7;0,0
2025-04-25;Nîmes;21,2;0,0
2025-04-26;Nîmes;20,7;7,6
2025-04-27;Nîmes;20,2;0,0
2025-04-28;Nîmes;18,3;0,0
2025-04-29;Nîmes;16,4;0,0
2025-04-30;Nîmes;20,1;0,0
2025-05-01;Nîmes;21,6;0,0
2025-05-02;Nîmes;24,2;0,0
2025-05-03;Nîmes;22,8;6,4
2025-05-04;Nîmes;21,9;0,0
2025-05-05;Nîmes;22,0;2,0
2025-05-06;Nîmes;21,5;0,0
2025-05-07;Nîmes;19,9;14,7
2025-05-08;Nîmes;15,4;0,0
2025-05-09;Nîmes;21,4;0,0
2025-05-10;Nîmes;20,7;0,0
2025-05-11;Nîmes;21,5;0,0
2025-05-12;Nîmes;;0,0
2025-05-13;Nîmes;16,3;8,8
2025-05-14;Nîmes;20,6;6,4
2025-05-15;Nîmes;23,8;7,7
2025-05-16;Nîmes;19,9;8,7
2025-05-17;Nîmes;24,8;6,7
2025-05-18;Nîmes;21,9;0,0
2025-05-19;Nîmes;17,7;0,0
2025-05-20;Nîmes;21,0;0,0
2025-05-21;Nîmes;23,9;0,0
2025-05-22;Nîmes;18,8;0,0
2025-05-23;Nîmes;18,5;0,0
2025-05-24;Nîmes;21,8;0,0
2025-05-25;Nîmes;23,8;0,0
2025-05-26;Nîmes;21,6;5,1
2025-05-27;Nîmes;24,1;0,0
2025-05-28;Nîmes;26,0;3,4
2025-05-29;Nîmes;24,4;0,0
2025-05-30;Nîmes;18,7;0,0
2025-05-31;Nîmes;27,3;0,0
2025-06-01;Nîmes;22,8;0,0
2025-06-02;Nîmes;26,6;0,0
2025-06-03;Nîmes;20,1;0,0
2025-06-04;Nîmes;25,6;0,0
2025-06-05;Nîmes;21,7;0,0
2025-06-06;Nîmes;13,5;0,6
2025-06-07;Nîmes;24,9;0,0
2025-06-08;Nîmes;25,5;7,1
2025-06-09;Nîmes;26,8;2,2
2025-06-10;Nîmes;26,6;0,0
2025-06-11;Nîmes;20,1;0,0
2025-06-12;Nîmes;17,3;0,0
2025-06-13;Nîmes;26,3;0,0
2025-06-14;Nîmes;23,1;0,0
2025-06-15;Nîmes;25,5;0,0
2025-06-16;Nîmes;24,9;0,0
2025-06-17;Nîmes;;2,4
2025-06-18;Nîmes;-999;0,0
2025-06-19;Nîmes;29,1;0,0
2025-06-20;Nîmes;21,0;0,0
2025-06-21;Nîmes;27,9;9,6
2025-06-22;Nîmes;24,0;0,0
2025-06-23;Nîmes;28,0;0,0
2025-06-24;Nîmes;29,0;0,0
2025-06-25;Nîmes;26,8;0,0
2025-06-26;Nîmes;32,7;0,0
2025-06-27;Nîmes;28,9;2,4
2025-06-28;Nîmes;27,7;0,0
2025-06-29;Nîmes;25,8;0,0
2025-06-30;Nîmes;29,7;0,7
2025-07-01;Nîmes;24,8;0,0
2025-07-02;Nîmes;20,7;0,0
2025-07-03;Nîmes;22,2;11,7
2025-07-04;Nîmes;29,5;0,0
2025-07-05;Nîmes;25,0;0,0
2025-07-06;Nîmes;27,8;0,0
2025-07-07;Nîmes;24,3;0,0
2025-07-08;Nîmes;27,7;11,9
2025-07-09;Nîmes;25,3;0,0
2025-07-10;Nîmes;26,0;0,0
2025-07-11;Nîmes;24,8;0,0
2025-07-12;Nîmes;24,8;0,0
2025-07-13;Nîmes;31,0;0,0
2025-07-14;Nîmes;26,4;0,1
2025-07-15;Nîmes;27,3;0,0
2025-07-16;Nîmes;24,6;0,0
2025-07-17;Nîmes;28,9;0,0
2025-07-18;Nîmes;26,6;0,0
2025-07-19;Nîmes;30,8;0,0
2025-07-20;Nîmes;30,6;16,1
2025-07-21;Nîmes;22,6;0,0
2025-07-22;Nîmes;20,2;1,5
2025-07-23;Nîmes;27,4;0,0
2025-07-24;Nîmes;23,9;0,0
2025-07-25;Nîmes;27,9;0,0
2025-07-26;Nîmes;28,9;0,0
2025-07-27;Nîmes;33,0;0,1
2025-07-28;Nîmes;28,0;0,0
2025-07-29;Nîmes;25,9;0,0
2025-07-30;Nîmes;27,1;0,0
2025-07-31;Nîmes;32,6;0,0
2025-08-01;Nîmes;27,1;0,0
2025-08-02;Nîmes;29,8;0,0
2025-08-03;Nîmes;23,9;0,0
2025-08-04;Nîmes;30,0;0,0
2025-08-05;Nîmes;24,7;0,0
2025-08-06;Nîmes;23,3;0,0
2025-08-07;Nîmes;28,0;0,0
2025-08-08;Nîmes;25,2;0,0
2025-08-09;Nîmes;27,1;0,0
2025-08-10;Nîmes;23,4;0,0
2025-08-11;Nîmes;32,1;0,0
2025-08-12;Nîmes;21,6;0,0
2025-08-13;Nîmes;26,8;0,0
2025-08-14;Nîmes;30,4;8,1
2025-08-15;Nîmes;25,1;7,5
2025-08-16;Nîmes;20,8;0,0
2025-08-17;Nîmes;24,9;0,0
2025-08-18;Nîmes;27,7;0,0
2025-08-19;Nîmes;27,4;3,2
2025-08-20;Nîmes;24,0;0,0
2025-08-21;Nîmes;27,0;0,0
2025-08-22;Nîmes;24,8;
2025-08-23;Nîmes;23,1;0,0
2025-08-24;Nîmes;25,2;0,0
2025-08-25;Nîmes;22,6;14,1
2025-08-26;Nîmes;24,2;0,0
2025-08-27;Nîmes;27,2;0,0
2025-08-28;Nîmes;25,6;0,0
2025-08-29;Nîmes;20,3;0,0
2025-08-30;Nîmes;25,1;0,0
2025-08-31;Nîmes;23,1;0,0
2025-09-01;Nîmes;22,3;12,1
2025-09-02;Nîmes;23,5;0,0
2025-09-03;Nîmes;22,8;0,0
2025-09-04;Nîmes;20,6;0,0
2025-09-05;Nîmes;25,0;0,0
2025-09-06;Nîmes;25,8;5,1
2025-09-07;Nîmes;24,4;0,0
2025-09-08;Nîmes;25,8;16,7
2025-09-09;Nîmes;25,4;0,0
2025-09-10;Nîmes;22,7;0,0
2025-09-11;Nîmes;21,6;0,0
2025-09-12;Nîmes;17,4;0,0
2025-09-13;Nîmes;19,4;0,0
2025-09-14;Nîmes;27,3;0,0
2025-09-15;Nîmes;22,3;0,0
2025-09-16;Nîmes;19,5;0,0
2025-09-17;Nîmes;20,2;
2025-09-18;Nîmes;23,6;0,0
2025-09-19;Nîmes;21,9;0,0
2025-09-20;Nîmes;24,6;0,0
2025-09-21;Nîmes;20,7;0,0
2025-09-22;Nîmes;23,7;0,0
2025-09-23;Nîmes;19,8;0,0
2025-09-24;Nîmes;16,0;7,4
2025-09-25;Nîmes;19,2;0,0
2025-09-26;Nîmes;26,8;0,0
2025-09-27;Nîmes;20,4;0,0
2025-09-28;Nîmes;21,9;0,0
2025-09-29;Nîmes;23,8;0,0
2025-09-30;Nîmes;18,2;0,0
2025-10-01;Nîmes;22,4;0,0
2025-10-02;Nîmes;20,9;0,0
2025-10-03;Nîmes;20,2;1,9
2025-10-04;Nîmes;16,1;0,0
2025-10-05;Nîmes;19,4;0,0
2025-10-06;Nîmes;25,1;0,0
2025-10-07;Nîmes;19,6;0,0
2025-10-08;Nîmes;17,8;0,0
2025-10-09;Nîmes;13,2;0,0
2025-10-10;Nîmes;17,5;0,0
2025-10-11;Nîmes;21,0;6,1
2025-10-12;Nîmes;21,9;0,0
2025-10-13;Nîmes;16,5;0,0
2025-10-14;Nîmes;22,0;0,0
2025-10-15;Nîmes;18,6;0,0
2025-10-16;Nîmes;15,5;0,0
2025-10-17;Nîmes;20,8;0,0
2025-10-18;Nîmes;17,4;0,0
2025-10-19;Nîmes;18,6;10,1
2025-10-20;Nîmes;20,6;0,0
2025-10-21;Nîmes;16,6;4,4
2025-10-22;Nîmes;15,6;0,3
2025-10-23;Nîmes;16,4;17,5
2025-10-24;Nîmes;16,8;0,0
2025-10-25;Nîmes;16,2;0,0
2025-10-26;Nîmes;16,5;
2025-10-27;Nîmes;20,3;0,0
2025-10-28;Nîmes;18,7;0,0
2025-10-29;Nîmes;18,6;0,0
2025-10-30;Nîmes;15,6;0,8
2025-10-31;Nîmes;13,8;0,0
2025-11-01;Nîmes;15,3;9,6
2025-11-02;Nîmes;17,4;0,0
2025-11-03;Nîmes;9,8;0,0
2025-11-04;Nîmes;19,7;0,0
2025-11-05;Nîmes;17,5;3,9
2025-11-06;Nîmes;10,9;0,0
2025-11-07;Nîmes;13,6;0,0
2025-11-08;Nîmes;17,6;2,1
2025-11-09;Nîmes;15,8;5,2
2025-11-10;Nîmes;12,6;0,0
2025-11-11;Nîmes;12,5;4,8
2025-11-12;Nîmes;13,1;0,0
2025-11-13;Nîmes;13,8;0,0
2025-11-14;Nîmes;12,3;0,0
2025-11-15;Nîmes;17,1;0,0
2025-11-16;Nîmes;9,5;0,0
2025-11-17;Nîmes;11,0;0,0
2025-11-18;Nîmes;13,2;0,0
2025-11-19;Nîmes;7,7;0,0
2025-11-20;Nîmes;9,2;0,0
2025-11-21;Nîmes;14,9;0,0
2025-11-22;Nîmes;13,2;0,0
2025-11-23;Nîmes;11,0;0,0
2025-11-24;Nîmes;14,6;8,1
2025-11-25;Nîmes;7,9;0,5
2025-11-26;Nîmes;11,4;0,0
2025-11-27;Nîmes;12,5;12,5
2025-11-28;Nîmes;9,1;0,0
2025-11-29;Nîmes;10,2;0,0
2025-11-30;Nîmes;13,8;0,3
2025-12-01;Nîmes;13,6;8,2
2025-12-02;Nîmes;16,1;0,0
2025-12-03;Nîmes;11,7;0,0
2025-12-04;Nîmes;11,0;18,7
2025-12-05;Nîmes;12,4;0,3
2025-12-06;Nîmes;15,4;1,1
2025-12-07;Nîmes;4,7;0,0
2025-12-08;Nîmes;15,2;0,0
2025-12-09;Nîmes;5,7;7,5
2025-12-10;Nîmes;;0,0
2025-12-11;Nîmes;11,3;5,7
2025-12-12;Nîmes;10,4;0,0
2025-12-13;Nîmes;9,6;0,0
2025-12-14;Nîmes;5,6;0,0
2025-12-15;Nîmes;12,2;6,0
2025-12-16;Nîmes;7,0;0,0
2025-12-17;Nîmes;9,8;14,7
2025-12-18;Nîmes;4,3;0,0
2025-12-19;Nîmes;10,1;0,0
2025-12-20;Nîmes;8,8;0,0
2025-12-21;Nîmes;10,6;0,0
2025-12-22;Nîmes;6,3;0,0
2025-12-23;Nîmes;7,6;3,9
2025-12-24;Nîmes;10,7;0,0
2025-12-25;Nîmes;9,6;0,0
2025-12-26;Nîmes;8,4;0,0
2025-12-27;Nîmes;6,7;0,0
2025-12-28;Nîmes;5,9;0,0
2025-12-29;Nîmes;;0,0
2025-12-30;Nîmes;3,8;11,5
2025-12-31;Nîmes;12,7;2,7
2025-01-01;Alès;9,7;0,0
2025-01-02;Alès;8,7;0,0
2025-01-03;Alès;12,7;0,0
2025-01-04;Alès;6,4;3,4
2025-01-05;Alès;5,1;0,0
2025-01-06;Alès;5,1;0,0
2025-01-07;Alès;4,3;0,0
2025-01-08;Alès;10,4;0,0
2025-01-09;Alès;5,7;0,0
2025-01-10;Alès;6,5;11,1
2025-01-11;Alès;6,9;0,0
2025-01-12;Alès;8,7;19,3
2025-01-13;Alès;9,2;0,0
2025-01-14;Alès;7,6;0,0
2025-01-15;Alès;3,1;0,0
2025-01-16;Alès;7,4;0,0
2025-01-17;Alès;10,0;0,0
2025-01-18;Alès;9,0;0,0
2025-01-19;Alès;5,2;2,3
2025-01-20;Alès;;0,0
2025-01-21;Alès;5,8;0,0
2025-01-22;Alès;5,8;0,0
2025-01-23;Alès;3,8;0,0
2025-01-24;Alès;12,3;2,6
2025-01-25;Alès;5,2;1,2
2025-01-26;Alès;8,9;5,9
2025-01-27;Alès;7,3;0,0
2025-01-28;Alès;6,6;1,5
2025-01-29;Alès;11,4;0,0
2025-01-30;Alès;4,5;0,0
2025-01-31;Alès;9,1;1,1
2025-02-01;Alès;10,4;0,0
2025-02-02;Alès;8,1;5,5
2025-02-03;Alès;8,7;0,0
2025-02-04;Alès;;0,0
2025-02-05;Alès;7,4;
2025-02-06;Alès;1,5;0,0
2025-02-07;Alès;8,2;0,0
2025-02-08;Alès;9,0;0,0
2025-02-09;Alès;5,6;28,2
2025-02-10;Alès;8,8;10,5
2025-02-11;Alès;7,0;0,0
2025-02-12;Alès;7,9;0,0
2025-02-13;Alès;10,8;2,2
2025-02-14;Alès;8,8;5,7
2025-02-15;Alès;5,9;0,0
2025-02-16;Alès;7,6;4,0
2025-02-17;Alès;7,8;0,0
2025-02-18;Alès;7,7;0,0
2025-02-19;Alès;4,6;9,3
2025-02-20;Alès;4,1;0,0
2025-02-21;Alès;5,8;0,0
2025-02-22;Alès;6,6;0,0
2025-02-23;Alès;3,4;0,0
2025-02-24;Alès;7,6;0,0
2025-02-25;Alès;3,5;0,0
2025-02-26;Alès;12,4;0,0
2025-02-27;Alès;7,3;0,0
2025-02-28;Alès;13,3;0,0
2025-03-01;Alès;11,2;0,0
2025-03-02;Alès;10,3;0,0
2025-03-03;Alès;7,0;7,2
2025-03-04;Alès;10,9;0,0
2025-03-05;Alès;4,9;11,2
2025-03-06;Alès;12,2;25,1
2025-03-07;Alès;14,1;
2025-03-08;Alès;;3,2
2025-03-09;Alès;13,8;0,0
2025-03-10;Alès;15,0;0,0
2025-03-11;Alès;14,2;0,0
2025-03-12;Alès;8,7;0,0
2025-03-13;Alès;9,6;0,0
2025-03-14;Alès;11,5;0,0
2025-03-15;Alès;8,8;0,0
2025-03-16;Alès;12,3;0,0
2025-03-17;Alès;13,3;0,0
2025-03-18;Alès;12,0;0,0
2025-03-19;Alès;13,2;0,0
2025-03-20;Alès;10,6;1,8
2025-03-21;Alès;14,2;0,0
2025-03-22;Alès;6,4;0,0
2025-03-23;Alès;12,1;0,0
2025-03-24;Alès;15,3;0,0
2025-03-25;Alès;10,5;9,5
2025-03-26;Alès;16,4;0,0
2025-03-27;Alès;14,0;11,0
2025-03-28;Alès;14,3;
2025-03-29;Alès;13,1;3,4
2025-03-30;Alès;7,0;0,0
2025-03-31;Alès;15,9;0,0
2025-04-01;Alès;12,9;0,0
2025-04-02;Alès;20,8;0,0
2025-04-03;Alès;10,1;20,9
2025-04-04;Alès;15,4;0,0
2025-04-05;Alès;20,6;0,0
2025-04-06;Alès;19,9;0,0
2025-04-07;Alès;14,2;0,0
2025-04-08;Alès;17,6;0,0
2025-04-09;Alès;16,2;0,0
2025-04-10;Alès;12,7;0,0
2025-04-11;Alès;16,9;12,6
2025-04-12;Alès;21,6;0,0
2025-04-13;Alès;21,8;0,0
2025-04-14;Alès;14,3;0,5
2025-04-15;Alès;14,8;14,2
2025-04-16;Alès;16,7;0,0
2025-04-17;Alès;13,1;0,6
2025-04-18;Alès;21,1;0,0
2025-04-19;Alès;18,7;0,0
2025-04-20;Alès;19,4;1,0
2025-04-21;Alès;22,1;12,3
2025-04-22;Alès;14,1;9,6
2025-04-23;Alès;14,4;0,0
2025-04-24;Alès;20,6;0,0
2025-04-25;Alès;17,3;9,6
2025-04-26;Alès;17,9;0,0
2025-04-27;Alès;21,4;12,7
2025-04-28;Alès;16,3;0,0
2025-04-29;Alès;15,4;0,0
2025-04-30;Alès;18,8;14,7
2025-05-01;Alès;16,3;0,0
2025-05-02;Alès;20,5;0,0
2025-05-03;Alès;;0,0
2025-05-04;Alès;17,2;4,8
2025-05-05;Alès;24,5;0,0
2025-05-06;Alès;22,1;0,0
2025-05-07;Alès;18,3;0,0
2025-05-08;Alès;23,2;0,0
2025-05-09;Alès;15,6;0,1
2025-05-10;Alès;22,5;0,0
2025-05-11;Alès;16,3;0,0
2025-05-12;Alès;18,2;19,5
2025-05-13;Alès;21,9;0,0
2025-05-14;Alès;28,9;0,0
2025-05-15;Alès;19,4;0,0
2025-05-16;Alès;26,7;0,0
2025-05-17;Alès;22,2;0,1
2025-05-18;Alès;28,2;3,5
2025-05-19;Alès;20,9;0,0
2025-05-20;Alès;22,0;0,0
2025-05-21;Alès;15,6;0,0
2025-05-22;Alès;21,3;0,0
2025-05-23;Alès;25,2;0,0
2025-05-24;Alès;20,5;0,0
2025-05-25;Alès;26,1;0,8
2025-05-26;Alès;26,5;0,0
2025-05-27;Alès;21,0;4,4
2025-05-28;Alès;26,1;0,0
2025-05-29;Alès;19,3;1,6
2025-05-30;Alès;18,4;0,0
2025-05-31;Alès;22,5;5,0
2025-06-01;Alès;21,4;0,0
2025-06-02;Alès;21,2;0,0
2025-06-03;Alès;22,7;0,0
2025-06-04;Alès;23,6;0,0
2025-06-05;Alès;20,7;0,0
2025-06-06;Alès;26,0;0,0
2025-06-07;Alès;25,3;0,0
2025-06-08;Alès;21,7;0,0
2025-06-09;Alès;21,0;0,0
2025-06-10;Alès;26,7;0,0
2025-06-11;Alès;25,7;0,0
2025-06-12;Alès;23,1;0,0
2025-06-13;Alès;22,8;0,0
2025-06-14;Alès;23,2;0,0
2025-06-15;Alès;22,3;0,0
2025-06-16;Alès;29,4;0,0
2025-06-17;Alès;22,4;0,0
2025-06-18;Alès;25,9;0,0
2025-06-19;Alès;30,5;0,0
2025-06-20;Alès;25,3;0,0
2025-06-21;Alès;23,7;0,0
2025-06-22;Alès;28,9;0,0
2025-06-23;Alès;23,3;0,0
2025-06-24;Alès;28,5;0,0
2025-06-25;Alès;25,6;0,0
2025-06-26;Alès;31,7;0,0
2025-06-27;Alès;29,7;0,0
2025-06-28;Alès;29,5;0,0
2025-06-29;Alès;31,3;0,0
2025-06-30;Alès;27,6;0,0
2025-07-01;Alès;29,7;0,0
2025-07-02;Alès;27,1;0,0
2025-07-03;Alès;23,1;0,0
2025-07-04;Alès;32,1;0,0
2025-07-05;Alès;27,7;0,0
2025-07-06;Alès;28,4;3,3
2025-07-07;Alès;28,7;6,5
2025-07-08;Alès;25,4;0,0
2025-07-09;Alès;25,2;0,0
2025-07-10;Alès;28,0;0,0
2025-07-11;Alès;29,6;10,5
2025-07-12;Alès;25,7;0,0
2025-07-13;Alès;;0,0
2025-07-14;Alès;31,0;0,0
2025-07-15;Alès;25,4;0,0
2025-07-16;Alès;26,4;0,0
2025-07-17;Alès;24,3;0,0
2025-07-18;Alès;23,5;0,0
2025-07-19;Alès;26,9;0,0
2025-07-20;Alès;26,8;0,0
2025-07-21;Alès;24,8;0,2
2025-07-22;Alès;-999;0,0
2025-07-23;Alès;28,5;1,4
2025-07-24;Alès;27,1;0,0
2025-07-25;Alès;25,6;0,0
2025-07-26;Alès;22,5;1,2
2025-07-27;Alès;24,1;0,0
2025-07-28;Alès;27,1;0,0
2025-07-29;Alès;29,7;0,0
2025-07-30;Alès;28,8;1,8
2025-07-31;Alès;29,9;0,0
2025-08-01;Alès;24,2;8,2
2025-08-02;Alès;24,3;0,0
2025-08-03;Alès;27,9;0,0
2025-08-04;Alès;28,3;1,2
2025-08-05;Alès;27,2;0,0
2025-08-06;Alès;23,5;0,0
2025-08-07;Alès;22,0;0,0
2025-08-08;Alès;27,3;0,0
2025-08-09;Alès;25,4;1,7
2025-08-10;Alès;30,0;0,0
2025-08-11;Alès;26,7;0,0
2025-08-12;Alès;22,4;0,0
2025-08-13;Alès;31,1;0,0
2025-08-14;Alès;23,9;0,0
2025-08-15;Alès;29,3;0,0
2025-08-16;Alès;25,8;0,0
2025-08-17;Alès;24,5;0,0
2025-08-18;Alès;25,0;0,0
2025-08-19;Alès;23,4;0,0
2025-08-20;Alès;23,9;0,0
2025-08-21;Alès;20,7;0,0
2025-08-22;Alès;26,8;0,0
2025-08-23;Alès;21,9;0,0
2025-08-24;Alès;28,7;0,0
2025-08-25;Alès;26,9;0,0
2025-08-26;Alès;29,2;0,0
2025-08-27;Alès;25,9;
2025-08-28;Alès;26,6;3,0
2025-08-29;Alès;21,3;0,0
2025-08-30;Alès;18,9;0,0
2025-08-31;Alès;22,0;0,0
2025-09-01;Alès;21,6;7,2
2025-09-02;Alès;23,9;0,0
2025-09-03;Alès;22,2;29,5
2025-09-04;Alès;21,0;1,2
2025-09-05;Alès;19,0;0,0
2025-09-06;Alès;22,4;0,0
2025-09-07;Alès;22,0;0,0
2025-09-08;Alès;20,9;0,0
2025-09-09;Alès;23,6;0,0
2025-09-10;Alès;25,3;0,0
2025-09-11;Alès;22,9;0,0
2025-09-12;Alès;20,3;9,7
2025-09-13;Alès;24,4;0,0
2025-09-14;Alès;22,7;0,0
2025-09-15;Alès;19,8;0,0
2025-09-16;Alès;28,3;0,0
2025-09-17;Alès;20,4;0,0
2025-09-18;Alès;18,5;0,0
2025-09-19;Alès;21,7;0,0
2025-09-20;Alès;25,7;0,0
2025-09-21;Alès;23,4;0,0
2025-09-22;Alès;18,4;0,0
2025-09-23;Alès;16,7;0,0
2025-09-24;Alès;21,0;0,0
2025-09-25;Alès;22,0;0,0
2025-09-26;Alès;25,8;0,3
2025-09-27;Alès;16,8;0,0
2025-09-28;Alès;25,0;0,0
2025-09-29;Alès;24,2;0,0
2025-09-30;Alès;14,8;0,0
2025-10-01;Alès;22,2;0,0
2025-10-02;Alès;20,3;0,0
2025-10-03;Alès;20,7;0,0
2025-10-04;Alès;20,4;0,0
2025-10-05;Alès;20,6;0,0
2025-10-06;Alès;21,9;0,0
2025-10-07;Alès;17,9;0,0
2025-10-08;Alès;22,3;0,0
2025-10-09;Alès;20,9;0,0
2025-10-10;Alès;23,4;0,0
2025-10-11;Alès;18,3;0,0
2025-10-12;Alès;21,2;0,0
2025-10-13;Alès;17,4;0,9
2025-10-14;Alès;14,6;0,0
2025-10-15;Alès;15,9;0,0
2025-10-16;Alès;10,6;0,0
2025-10-17;Alès;15,3;2,6
2025-10-18;Alès;16,5;1,8
2025-10-19;Alès;22,3;0,0
2025-10-20;Alès;12,3;8,9
2025-10-21;Alès;12,1;0,0
2025-10-22;Alès;17,7;0,0
2025-10-23;Alès;19,4;0,0
2025-10-24;Alès;23,6;0,0
2025-10-25;Alès;15,4;0,0
2025-10-26;Alès;16,8;6,1
2025-10-27;Alès;14,1;0,0
2025-10-28;Alès;10,3;0,0
2025-10-29;Alès;17,5;0,0
2025-10-30;Alès;13,7;0,0
2025-10-31;Alès;11,8;0,0
2025-11-01;Alès;18,2;2,3
2025-11-02;Alès;9,9;0,0
2025-11-03;Alès;13,7;0,0
2025-11-04;Alès;17,5;0,0
2025-11-05;Alès;10,4;0,0
2025-11-06;Alès;15,4;0,0
2025-11-07;Alès;11,8;10,1
2025-11-08;Alès;16,3;0,0
2025-11-09;Alès;14,1;0,0
2025-11-10;Alès;11,0;0,0
2025-11-11;Alès;16,9;0,0
2025-11-12;Alès;13,8;0,0
2025-11-13;Alès;13,9;3,3
2025-11-14;Alès;13,0;0,0
2025-11-15;Alès;12,4;0,0
2025-11-16;Alès;10,6;0,0
2025-11-17;Alès;8,3;0,0
2025-11-18;Alès;12,1;0,0
2025-11-19;Alès;9,7;0,0
2025-11-20;Alès;1,1;6,6
2025-11-21;Alès;10,1;0,0
2025-11-22;Alès;8,7;0,0
2025-11-23;Alès;11,2;0,0
2025-11-24;Alès;16,6;0,1
2025-11-25;Alès;12,6;0,0
2025-11-26;Alès;10,7;4,9
2025-11-27;Alès;6,6;0,0
2025-11-28;Alès;8,8;0,0
2025-11-29;Alès;8,6;0,0
2025-11-30;Alès;8,0;0,0
2025-12-01;Alès;11,0;8,7
2025-12-02;Alès;8,8;0,0
2025-12-03;Alès;8,1;0,0
2025-12-04;Alès;10,3;0,0
2025-12-05;Alès;;0,0
2025-12-06;Alès;9,0;23,8
2025-12-07;Alès;4,7;0,0
2025-12-08;Alès;7,6;0,9
2025-12-09;Alès;11,9;0,0
2025-12-10;Alès;11,1;0,0
2025-12-11;Alès;4,2;0,0
2025-12-12;Alès;8,7;0,0
2025-12-13;Alès;11,1;2,0
2025-12-14;Alès;6,7;0,0
2025-12-15;Alès;12,3;0,0
2025-12-16;Alès;8,4;0,0
2025-12-17;Alès;14,5;0,0
2025-12-18;Alès;6,6;0,0
2025-12-19;Alès;7,3;0,0
2025-12-20;Alès;14,6;0,0
2025-12-21;Alès;9,9;0,0
2025-12-22;Alès;9,6;0,9
2025-12-23;Alès;10,2;2,5
2025-12-24;Alès;7,4;0,0
2025-12-25;Alès;7,9;0,0
2025-12-26;Alès;3,6;0,0
2025-12-27;Alès;5,8;0,0
2025-12-28;Alès;3,2;0,0
2025-12-29;Alès;5,4;0,0
2025-12-30;Alès;7,5;0,0
2025-12-31;Alès;8,7;10,9
2025-01-01;Millau;8,3;0,0
2025-01-02;Millau;8,7;0,8
2025-01-03;Millau;8,1;0,0
2025-01-04;Millau;2,9;0,0
2025-01-05;Millau;7,0;19,7
2025-01-06;Millau;9,2;0,0
2025-01-07;Millau;8,4;1,0
2025-01-08;Millau;7,6;0,0
2025-01-09;Millau;8,8;0,0
2025-01-10;Millau;8,2;0,0
2025-01-11;Millau;4,0;0,0
2025-01-12;Millau;5,1;0,0
2025-01-13;Millau;6,1;0,0
2025-01-14;Millau;7,5;0,0
2025-01-15;Millau;6,2;0,0
2025-01-16;Millau;4,2;0,0
2025-01-17;Millau;4,1;0,0
2025-01-18;Millau;10,1;1,5
2025-01-19;Millau;8,3;4,8
2025-01-20;Millau;6,9;0,0
2025-01-21;Millau;8,2;2,0
2025-01-22;Millau;4,9;0,0
2025-01-23;Millau;9,2;0,0
2025-01-24;Millau;5,5;0,0
2025-01-25;Millau;5,0;0,0
2025-01-26;Millau;9,6;0,0
2025-01-27;Millau;7,4;0,0
2025-01-28;Millau;11,6;0,0
2025-01-29;Millau;5,3;4,8
2025-01-30;Millau;7,9;0,0
2025-01-31;Millau;7,8;0,0
2025-02-01;Millau;12,9;0,0
2025-02-02;Millau;7,8;0,0
2025-02-03;Millau;6,3;0,0
2025-02-04;Millau;7,3;0,0
2025-02-05;Millau;5,8;35,3
2025-02-06;Millau;6,7;0,0
2025-02-07;Millau;3,7;0,0
2025-02-08;Millau;12,3;0,0
2025-02-09;Millau;6,9;23,0
2025-02-10;Millau;8,1;6,4
2025-02-11;Millau;7,2;0,0
2025-02-12;Millau;5,3;0,0
2025-02-13;Millau;10,7;0,0
2025-02-14;Millau;8,2;0,0
2025-02-15;Millau;6,8;0,0
2025-02-16;Millau;6,3;0,0
2025-02-17;Millau;7,0;3,8
2025-02-18;Millau;7,3;2,7
2025-02-19;Millau;10,4;0,0
2025-02-20;Millau;10,5;0,0
2025-02-21;Millau;9,5;0,0
2025-02-22;Millau;9,9;0,0
2025-02-23;Millau;12,3;0,0
2025-02-24;Millau;7,0;0,0
2025-02-25;Millau;16,3;0,0
2025-02-26;Millau;;2,6
2025-02-27;Millau;7,1;0,0
2025-02-28;Millau;;0,0
2025-03-01;Millau;12,0;0,0
2025-03-02;Millau;11,9;4,6
2025-03-03;Millau;3,7;0,0
2025-03-04;Millau;17,1;0,0
2025-03-05;Millau;5,0;0,0
2025-03-06;Millau;7,6;0,0
2025-03-07;Millau;13,0;0,0
2025-03-08;Millau;9,0;0,0
2025-03-09;Millau;9,4;0,0
2025-03-10;Millau;11,5;0,0
2025-03-11;Millau;12,2;0,0
2025-03-12;Millau;11,4;0,0
2025-03-13;Millau;10,9;0,0
2025-03-14;Millau;7,8;0,0
2025-03-15;Millau;7,9;0,0
2025-03-16;Millau;13,2;4,1
2025-03-17;Millau;18,9;0,0
2025-03-18;Millau;11,8;0,0
2025-03-19;Millau;14,4;16,4
2025-03-20;Millau;11,8;0,0
2025-03-21;Millau;18,2;0,0
2025-03-22;Millau;12,6;0,0
2025-03-23;Millau;14,9;7,7
2025-03-24;Millau;16,2;0,0
2025-03-25;Millau;18,0;2,3
2025-03-26;Millau;15,0;0,0
2025-03-27;Millau;15,0;0,0
2025-03-28;Millau;14,4;4,7
2025-03-29;Millau;13,2;0,0
2025-03-30;Millau;12,5;0,0
2025-03-31;Millau;12,1;0,0
2025-04-01;Millau;15,1;0,0
2025-04-02;Millau;16,4;1,8
2025-04-03;Millau;16,3;0,0
2025-04-04;Millau;14,3;0,0
2025-04-05;Millau;19,5;0,0
2025-04-06;Millau;17,9;0,0
2025-04-07;Millau;13,9;0,0
2025-04-08;Millau;17,8;0,0
2025-04-09;Millau;16,5;0,0
2025-04-10;Millau;16,6;0,0
2025-04-11;Millau;14,4;0,0
2025-04-12;Millau;15,0;0,0
2025-04-13;Millau;14,6;9,9
2025-04-14;Millau;17,7;0,0
2025-04-15;Millau;9,1;0,0
2025-04-16;Millau;15,4;0,0
2025-04-17;Millau;17,3;0,0
2025-04-18;Millau;16,8;19,6
2025-04-19;Millau;22,3;0,0
2025-04-20;Millau;20,1;0,0
2025-04-21;Millau;13,7;0,0
2025-04-22;Millau;19,1;42,7
2025-04-23;Millau;;0,0
2025-04-24;Millau;17,3;4,0
2025-04-25;Millau;18,7;0,0
2025-04-26;Millau;17,3;0,0
2025-04-27;Millau;17,6;0,0
2025-04-28;Millau;19,2;0,0
2025-04-29;Millau;23,9;1,9
2025-04-30;Millau;23,5;7,4
2025-05-01;Millau;17,9;0,0
2025-05-02;Millau;17,3;0,0
2025-05-03;Millau;17,8;0,0
2025-05-04;Millau;20,7;0,0
2025-05-05;Millau;21,7;0,0
2025-05-06;Millau;17,2;0,0
2025-05-07;Millau;22,1;0,0
2025-05-08;Millau;17,5;0,0
2025-05-09;Millau;20,9;0,0
2025-05-10;Millau;22,7;0,0
2025-05-11;Millau;26,0;0,0
2025-05-12;Millau;18,6;0,0
2025-05-13;Millau;20,9;3,6
2025-05-14;Millau;14,8;0,0
2025-05-15;Millau;21,1;0,0
2025-05-16;Millau;22,5;0,0
2025-05-17;Millau;15,2;0,0
2025-05-18;Millau;21,3;0,0
2025-05-19;Millau;23,0;0,0
2025-05-20;Millau;22,5;0,0
2025-05-21;Millau;23,3;0,0
2025-05-22;Millau;27,1;0,0
2025-05-23;Millau;19,6;0,0
2025-05-24;Millau;16,7;0,0
2025-05-25;Millau;23,2;0,0
2025-05-26;Millau;16,7;14,3
2025-05-27;Millau;20,4;0,0
2025-05-28;Millau;20,1;0,0
2025-05-29;Millau;19,8;0,0
2025-05-30;Millau;23,7;16,5
2025-05-31;Millau;22,4;0,0
2025-06-01;Millau;26,4;0,0
2025-06-02;Millau;19,2;0,0
2025-06-03;Millau;23,3;0,0
2025-06-04;Millau;21,2;0,0
2025-06-05;Millau;24,8;6,7
2025-06-06;Millau;;0,0
2025-06-07;Millau;31,6;31,6
2025-06-08;Millau;24,4;0,0
2025-06-09;Millau;27,4;3,0
2025-06-10;Millau;22,1;0,1
2025-06-11;Millau;21,5;15,5
2025-06-12;Millau;29,1;0,0
2025-06-13;Millau;21,9;0,0
2025-06-14;Millau;20,1;0,0
2025-06-15;Millau;24,9;0,0
2025-06-16;Millau;22,6;0,0
2025-06-17;Millau;20,0;0,0
2025-06-18;Millau;29,4;0,0
2025-06-19;Millau;27,6;0,0
2025-06-20;Millau;26,1;0,0
2025-06-21;Millau;26,2;0,0
2025-06-22;Millau;23,6;0,0
2025-06-23;Millau;24,8;3,7
2025-06-24;Millau;20,9;0,0
2025-06-25;Millau;21,2;0,0
2025-06-26;Millau;;0,0
2025-06-27;Millau;-999;0,0
2025-06-28;Millau;27,5;0,0
2025-06-29;Millau;23,9;0,0
2025-06-30;Millau;26,8;0,0
2025-07-01;Millau;29,8;0,0
2025-07-02;Millau;26,0;1,4
2025-07-03;Millau;31,6;0,0
2025-07-04;Millau;29,3;0,0
2025-07-05;Millau;26,1;0,0
2025-07-06;Millau;27,4;0,0
2025-07-07;Millau;26,9;0,0
2025-07-08;Millau;25,0;1,7
2025-07-09;Millau;30,2;0,0
2025-07-10;Millau;24,8;0,7
2025-07-11;Millau;29,2;18,4
2025-07-12;Millau;25,3;0,0
2025-07-13;Millau;25,2;1,2
2025-07-14;Millau;30,0;0,0
2025-07-15;Millau;30,8;0,0
2025-07-16;Millau;24,4;0,0
2025-07-17;Millau;24,3;0,0
2025-07-18;Millau;29,0;0,0
2025-07-19;Millau;24,2;0,0
2025-07-20;Millau;;0,0
2025-07-21;Millau;32,4;0,0
2025-07-22;Millau;28,0;0,0
2025-07-23;Millau;-999;0,0
2025-07-24;Millau;26,4;0,0
2025-07-25;Millau;27,7;0,0
2025-07-26;Millau;23,4;0,0
2025-07-27;Millau;30,7;0,0
2025-07-28;Millau;26,0;0,0
2025-07-29;Millau;27,4;0,0
2025-07-30;Millau;24,7;0,0
2025-07-31;Millau;23,0;13,1
2025-08-01;Millau;29,9;0,0
2025-08-02;Millau;23,5;2,0
2025-08-03;Millau;24,9;0,0
2025-08-04;Millau;;0,0
2025-08-05;Millau;31,9;0,0
2025-08-06;Millau;27,0;0,0
2025-08-07;Millau;28,7;0,2
2025-08-08;Millau;24,6;3,9
2025-08-09;Millau;28,2;0,0
2025-08-10;Millau;22,9;7,6
2025-08-11;Millau;29,4;0,0
2025-08-12;Millau;17,7;0,0
2025-08-13;Millau;29,1;0,2
2025-08-14;Millau;22,5;0,0
2025-08-15;Millau;23,4;0,0
2025-08-16;Millau;29,1;0,0
2025-08-17;Millau;21,2;0,0
2025-08-18;Millau;24,5;27,5
2025-08-19;Millau;28,2;0,0
2025-08-20;Millau;27,1;5,1
2025-08-21;Millau;26,3;
2025-08-22;Millau;25,2;0,0
2025-08-23;Millau;27,3;0,0
2025-08-24;Millau;22,2;0,6
2025-08-25;Millau;25,7;0,0
2025-08-26;Millau;-999;0,0
2025-08-27;Millau;;0,0
2025-08-28;Millau;27,5;0,0
2025-08-29;Millau;21,6;0,0
2025-08-30;Millau;19,5;0,0
2025-08-31;Millau;24,2;0,0
2025-09-01;Millau;;0,0
2025-09-02;Millau;25,4;0,0
2025-09-03;Millau;23,3;2,6
2025-09-04;Millau;;0,0
2025-09-05;Millau;22,7;0,0
2025-09-06;Millau;21,6;0,0
2025-09-07;Millau;24,0;0,0
2025-09-08;Millau;23,6;0,0
2025-09-09;Millau;24,4;0,0
2025-09-10;Millau;22,0;0,0
2025-09-11;Millau;21,6;32,5
2025-09-12;Millau;23,2;13,5
2025-09-13;Millau;16,7;0,0
2025-09-14;Millau;22,7;0,0
2025-09-15;Millau;23,4;0,0
2025-09-16;Millau;24,9;0,0
2025-09-17;Millau;22,4;0,0
2025-09-18;Millau;18,5;0,7
2025-09-19;Millau;19,5;0,0
2025-09-20;Millau;29,3;4,0
2025-09-21;Millau;22,0;1,5
2025-09-22;Millau;18,9;0,7
2025-09-23;Millau;21,1;6,0
2025-09-24;Millau;25,2;0,0
2025-09-25;Millau;25,9;0,0
2025-09-26;Millau;22,9;0,0
2025-09-27;Millau;19,9;6,6
2025-09-28;Millau;24,8;0,0
2025-09-29;Millau;22,0;2,6
2025-09-30;Millau;19,2;0,0
2025-10-01;Millau;22,5;0,0
2025-10-02;Millau;21,9;0,0
2025-10-03;Millau;16,6;0,0
2025-10-04;Millau;25,0;12,9
2025-10-05;Millau;25,1;0,0
2025-10-06;Millau;20,7;0,0
2025-10-07;Millau;21,0;15,0
2025-10-08;Millau;14,1;0,0
2025-10-09;Millau;18,2;0,0
2025-10-10;Millau;17,4;0,0
2025-10-11;Millau;17,7;0,0
2025-10-12;Millau;18,1;0,0
2025-10-13;Millau;16,3;0,0
2025-10-14;Millau;21,2;0,0
2025-10-15;Millau;18,2;0,0
2025-10-16;Millau;18,3;0,0
2025-10-17;Millau;13,8;0,0
2025-10-18;Millau;18,6;0,0
2025-10-19;Millau;13,4;0,0
2025-10-20;Millau;14,4;0,0
2025-10-21;Millau;14,3;0,0
2025-10-22;Millau;17,0;0,0
2025-10-23;Millau;14,4;0,0
2025-10-24;Millau;17,9;2,0
2025-10-25;Millau;;0,0
2025-10-26;Millau;16,3;0,0
2025-10-27;Millau;18,7;
2025-10-28;Millau;19,4;10,5
2025-10-29;Millau;11,6;14,5
2025-10-30;Millau;15,3;0,0
2025-10-31;Millau;11,8;0,0
2025-11-01;Millau;11,7;0,0
2025-11-02;Millau;10,3;0,0
2025-11-03;Millau;12,7;0,0
2025-11-04;Millau;14,1;0,0
2025-11-05;Millau;16,4;0,0
2025-11-06;Millau;14,2;0,0
2025-11-07;Millau;13,4;0,0
2025-11-08;Millau;10,5;0,0
2025-11-09;Millau;12,5;0,0
2025-11-10;Millau;22,0;0,0
2025-11-11;Millau;;0,0
2025-11-12;Millau;15,5;0,0
2025-11-13;Millau;12,5;0,0
2025-11-14;Millau;12,8;3,8
2025-11-15;Millau;12,1;9,1
2025-11-16;Millau;12,0;0,0
2025-11-17;Millau;14,3;21,2
2025-11-18;Millau;21,0;0,0
2025-11-19;Millau;18,4;0,0
2025-11-20;Millau;6,4;0,0
2025-11-21;Millau;17,3;0,0
2025-11-22;Millau;;0,0
2025-11-23;Millau;11,0;10,6
2025-11-24;Millau;10,8;0,0
2025-11-25;Millau;14,9;0,0
2025-11-26;Millau;12,5;12,2
2025-11-27;Millau;9,0;0,0
2025-11-28;Millau;10,7;9,7
2025-11-29;Millau;10,1;0,0
2025-11-30;Millau;8,8;0,8
2025-12-01;Millau;5,7;0,0
2025-12-02;Millau;6,8;0,0
2025-12-03;Millau;15,2;10,4
2025-12-04;Millau;15,6;0,0
2025-12-05;Millau;14,1;0,0
2025-12-06;Millau;10,3;0,0
2025-12-07;Millau;6,1;0,0
2025-12-08;Millau;6,9;0,0
2025-12-09;Millau;9,9;0,0
2025-12-10;Millau;7,1;0,0
2025-12-11;Millau;13,2;0,0
2025-12-12;Millau;4,2;0,0
2025-12-13;Millau;16,8;0,0
2025-12-14;Millau;11,4;0,0
2025-12-15;Millau;9,2;0,0
2025-12-16;Millau;6,0;0,1
2025-12-17;Millau;6,8;0,0
2025-12-18;Millau;7,6;0,0
2025-12-19;Millau;5,2;8,4
2025-12-20;Millau;7,2;0,0
2025-12-21;Millau;7,4;0,0
2025-12-22;Millau;7,0;1,4
2025-12-23;Millau;12,7;0,0
2025-12-24;Millau;11,6;18,0
2025-12-25;Millau;11,1;0,0
2025-12-26;Millau;11,2;0,8
2025-12-27;Millau;6,7;0,0
2025-12-28;Millau;3,6;0,0
2025-12-29;Millau;7,4;10,5
2025-12-30;Millau;5,1;0,0
2025-12-31;Millau;9,1;0,0
2025-01-01;Lunel;7,8;0,0
2025-01-02;Lunel;9,1;6,7
2025-01-03;Lunel;7,8;0,0
2025-01-04;Lunel;6,5;0,0
2025-01-05;Lunel;7,5;0,0
2025-01-06;Lunel;5,8;0,0
2025-01-07;Lunel;12,3;4,3
2025-01-08;Lunel;4,5;11,7
2025-01-09;Lunel;3,4;0,0
2025-01-10;Lunel;4,5;0,0
2025-01-11;Lunel;9,3;0,8
2025-01-12;Lunel;5,9;11,2
2025-01-13;Lunel;4,6;0,0
2025-01-14;Lunel;6,6;0,0
2025-01-15;Lunel;5,7;0,0
2025-01-16;Lunel;6,7;0,0
2025-01-17;Lunel;10,8;0,0
2025-01-18;Lunel;8,9;12,4
2025-01-19;Lunel;7,2;0,0
2025-01-20;Lunel;9,0;8,2
2025-01-21;Lunel;3,4;1,2
2025-01-22;Lunel;7,0;0,0
2025-01-23;Lunel;8,5;0,0
2025-01-24;Lunel;2,7;1,8
2025-01-25;Lunel;8,4;0,3
2025-01-26;Lunel;11,4;0,0
2025-01-27;Lunel;9,4;0,0
2025-01-28;Lunel;9,1;0,0
2025-01-29;Lunel;4,5;0,0
2025-01-30;Lunel;8,7;0,0
2025-01-31;Lunel;7,6;0,0
2025-02-01;Lunel;5,6;12,3
2025-02-02;Lunel;8,2;0,0
2025-02-03;Lunel;12,6;0,0
2025-02-04;Lunel;6,2;0,0
2025-02-05;Lunel;5,4;0,0
2025-02-06;Lunel;3,5;0,0
2025-02-07;Lunel;11,0;0,0
2025-02-08;Lunel;6,3;0,0
2025-02-09;Lunel;10,2;0,0
2025-02-10;Lunel;12,0;0,0
2025-02-11;Lunel;5,0;0,0
2025-02-12;Lunel;9,7;3,0
2025-02-13;Lunel;7,5;14,4
2025-02-14;Lunel;8,8;0,0
2025-02-15;Lunel;6,2;8,0
2025-02-16;Lunel;;0,0
2025-02-17;Lunel;6,2;0,0
2025-02-18;Lunel;5,0;0,0
2025-02-19;Lunel;7,7;7,9
2025-02-20;Lunel;7,8;0,0
2025-02-21;Lunel;8,8;0,0
2025-02-22;Lunel;4,1;0,0
2025-02-23;Lunel;10,9;4,6
2025-02-24;Lunel;9,6;0,0
2025-02-25;Lunel;9,6;0,0
2025-02-26;Lunel;10,3;0,0
2025-02-27;Lunel;12,2;0,0
2025-02-28;Lunel;6,1;5,7
2025-03-01;Lunel;10,2;0,0
2025-03-02;Lunel;8,9;0,0
2025-03-03;Lunel;11,5;3,5
2025-03-04;Lunel;3,9;7,7
2025-03-05;Lunel;7,3;15,6
2025-03-06;Lunel;8,6;0,0
2025-03-07;Lunel;9,4;13,3
2025-03-08;Lunel;6,7;0,0
2025-03-09;Lunel;9,9;0,0
2025-03-10;Lunel;11,3;0,0
2025-03-11;Lunel;8,3;0,0
2025-03-12;Lunel;6,4;0,0
2025-03-13;Lunel;16,6;0,0
2025-03-14;Lunel;10,5;0,0
2025-03-15;Lunel;10,7;0,4
2025-03-16;Lunel;4,7;0,0
2025-03-17;Lunel;16,6;0,0
2025-03-18;Lunel;13,9;4,5
2025-03-19;Lunel;8,2;0,0
2025-03-20;Lunel;11,5;0,0
2025-03-21;Lunel;12,7;0,0
2025-03-22;Lunel;12,5;0,0
2025-03-23;Lunel;17,2;0,0
2025-03-24;Lunel;13,0;0,0
2025-03-25;Lunel;13,7;0,0
2025-03-26;Lunel;12,7;0,4
2025-03-27;Lunel;14,8;0,0
2025-03-28;Lunel;14,0;2,8
2025-03-29;Lunel;3,9;0,0
2025-03-30;Lunel;10,6;11,0
2025-03-31;Lunel;19,3;0,0
2025-04-01;Lunel;12,3;0,0
2025-04-02;Lunel;14,0;4,1
2025-04-03;Lunel;14,5;0,0
2025-04-04;Lunel;16,2;0,0
2025-04-05;Lunel;8,1;0,0
2025-04-06;Lunel;12,3;0,0
2025-04-07;Lunel;16,6;0,0
2025-04-08;Lunel;11,0;20,8
2025-04-09;Lunel;12,9;0,0
2025-04-10;Lunel;16,1;0,0
2025-04-11;Lunel;13,7;43,6
2025-04-12;Lunel;19,9;8,3
2025-04-13;Lunel;16,2;0,0
2025-04-14;Lunel;18,3;3,8
2025-04-15;Lunel;15,2;0,0
2025-04-16;Lunel;13,4;0,0
2025-04-17;Lunel;13,0;11,5
2025-04-18;Lunel;18,5;0,0
2025-04-19;Lunel;;0,0
2025-04-20;Lunel;16,9;0,0
2025-04-21;Lunel;19,5;0,1
2025-04-22;Lunel;18,4;0,0
2025-04-23;Lunel;17,5;0,0
2025-04-24;Lunel;17,5;7,6
2025-04-25;Lunel;15,6;1,3
2025-04-26;Lunel;;10,9
2025-04-27;Lunel;18,4;0,0
2025-04-28;Lunel;16,4;0,0
2025-04-29;Lunel;-999;0,0
2025-04-30;Lunel;18,1;0,0
2025-05-01;Lunel;19,1;14,2
2025-05-02;Lunel;20,8;0,0
2025-05-03;Lunel;15,1;0,0
2025-05-04;Lunel;17,8;0,0
2025-05-05;Lunel;24,7;0,0
2025-05-06;Lunel;21,5;0,0
2025-05-07;Lunel;19,1;0,0
2025-05-08;Lunel;;0,0
2025-05-09;Lunel;20,5;0,0
2025-05-10;Lunel;17,9;0,0
2025-05-11;Lunel;20,7;5,5
2025-05-12;Lunel;24,3;0,0
2025-05-13;Lunel;19,3;4,7
2025-05-14;Lunel;21,4;0,0
2025-05-15;Lunel;18,1;0,0
2025-05-16;Lunel;22,6;2,9
2025-05-17;Lunel;19,4;0,0
2025-05-18;Lunel;16,8;0,0
2025-05-19;Lunel;21,6;0,0
2025-05-20;Lunel;25,7;10,5
2025-05-21;Lunel;24,3;12,7
2025-05-22;Lunel;25,5;0,0
2025-05-23;Lunel;18,2;0,0
2025-05-24;Lunel;20,6;0,0
2025-05-25;Lunel;21,6;0,0
2025-05-26;Lunel;14,7;8,5
2025-05-27;Lunel;30,2;5,6
2025-05-28;Lunel;20,4;10,6
2025-05-29;Lunel;20,8;2,1
2025-05-30;Lunel;18,1;0,0
2025-05-31;Lunel;23,1;1,7
2025-06-01;Lunel;25,4;0,0
2025-06-02;Lunel;26,0;1,9
2025-06-03;Lunel;26,7;
2025-06-04;Lunel;22,8;0,0
2025-06-05;Lunel;29,0;0,0
2025-06-06;Lunel;;0,0
2025-06-07;Lunel;22,7;0,0
2025-06-08;Lunel;26,0;1,7
2025-06-09;Lunel;22,5;0,0
2025-06-10;Lunel;22,2;0,0
2025-06-11;Lunel;25,0;0,0
2025-06-12;Lunel;24,6;0,0
2025-06-13;Lunel;22,1;0,0
2025-06-14;Lunel;24,0;0,0
2025-06-15;Lunel;25,2;10,7
2025-06-16;Lunel;26,4;0,0
2025-06-17;Lunel;24,3;0,0
2025-06-18;Lunel;27,8;0,0
2025-06-19;Lunel;20,9;0,0
2025-06-20;Lunel;24,6;0,0
2025-06-21;Lunel;29,1;1,2
2025-06-22;Lunel;22,1;0,0
2025-06-23;Lunel;24,3;11,6
2025-06-24;Lunel;21,8;0,0
2025-06-25;Lunel;26,2;0,0
2025-06-26;Lunel;23,8;0,0
2025-06-27;Lunel;22,9;10,7
2025-06-28;Lunel;23,4;0,0
2025-06-29;Lunel;26,7;0,0
2025-06-30;Lunel;26,6;0,0
2025-07-01;Lunel;24,1;0,0
2025-07-02;Lunel;24,9;0,0
2025-07-03;Lunel;26,5;0,0
2025-07-04;Lunel;30,4;0,0
2025-07-05;Lunel;26,2;0,0
2025-07-06;Lunel;32,9;0,0
2025-07-07;Lunel;31,2;0,0
2025-07-08;Lunel;22,2;19,9
2025-07-09;Lunel;23,7;0,0
2025-07-10;Lunel;-999;1,5
2025-07-11;Lunel;19,4;0,0
2025-07-12;Lunel;29,7;0,2
2025-07-13;Lunel;25,2;0,0
2025-07-14;Lunel;27,8;0,0
2025-07-15;Lunel;29,4;1,9
2025-07-16;Lunel;27,5;0,0
2025-07-17;Lunel;28,6;0,0
2025-07-18;Lunel;29,1;9,8
2025-07-19;Lunel;20,5;0,5
2025-07-20;Lunel;27,2;0,0
2025-07-21;Lunel;22,9;0,0
2025-07-22;Lunel;31,0;0,0
2025-07-23;Lunel;25,7;0,0
2025-07-24;Lunel;28,1;0,0
2025-07-25;Lunel;22,0;10,1
2025-07-26;Lunel;28,4;2,0
2025-07-27;Lunel;28,9;0,0
2025-07-28;Lunel;29,6;0,0
2025-07-29;Lunel;31,4;0,0
2025-07-30;Lunel;25,5;0,0
2025-07-31;Lunel;26,7;0,0
2025-08-01;Lunel;25,3;0,0
2025-08-02;Lunel;24,9;0,0
2025-08-03;Lunel;30,1;0,0
2025-08-04;Lunel;22,5;0,0
2025-08-05;Lunel;30,1;1,4
2025-08-06;Lunel;26,7;7,5
2025-08-07;Lunel;24,9;0,0
2025-08-08;Lunel;26,4;0,0
2025-08-09;Lunel;29,3;0,0
2025-08-10;Lunel;21,0;0,0
2025-08-11;Lunel;-999;0,0
2025-08-12;Lunel;31,6;0,0
2025-08-13;Lunel;31,2;0,0
2025-08-14;Lunel;17,8;0,0
2025-08-15;Lunel;25,7;0,0
2025-08-16;Lunel;32,8;0,0
2025-08-17;Lunel;22,0;0,0
2025-08-18;Lunel;24,4;0,0
2025-08-19;Lunel;28,5;
2025-08-20;Lunel;26,0;0,0
2025-08-21;Lunel;30,5;0,0
2025-08-22;Lunel;23,8;0,1
2025-08-23;Lunel;25,7;0,0
2025-08-24;Lunel;19,3;4,4
2025-08-25;Lunel;24,2;0,0
2025-08-26;Lunel;21,8;0,0
2025-08-27;Lunel;29,3;3,0
2025-08-28;Lunel;27,0;0,0
2025-08-29;Lunel;26,8;0,0
2025-08-30;Lunel;-999;3,2
2025-08-31;Lunel;19,0;0,0
2025-09-01;Lunel;29,4;0,0
2025-09-02;Lunel;25,4;0,0
2025-09-03;Lunel;19,8;0,0
2025-09-04;Lunel;27,8;0,0
2025-09-05;Lunel;22,2;0,0
2025-09-06;Lunel;;3,7
2025-09-07;Lunel;23,5;0,0
2025-09-08;Lunel;24,6;0,0
2025-09-09;Lunel;22,2;0,7
2025-09-10;Lunel;22,1;0,1
2025-09-11;Lunel;27,3;1,5
2025-09-12;Lunel;19,5;9,2
2025-09-13;Lunel;20,5;0,0
2025-09-14;Lunel;18,0;0,0
2025-09-15;Lunel;24,9;0,0
2025-09-16;Lunel;21,9;0,0
2025-09-17;Lunel;23,0;0,0
2025-09-18;Lunel;21,3;0,0
2025-09-19;Lunel;24,4;0,0
2025-09-20;Lunel;19,5;0,0
2025-09-21;Lunel;24,3;0,0
2025-09-22;Lunel;20,5;0,0
2025-09-23;Lunel;19,1;17,4
2025-09-24;Lunel;18,3;0,0
2025-09-25;Lunel;16,6;0,0
2025-09-26;Lunel;21,7;4,8
2025-09-27;Lunel;27,9;0,0
2025-09-28;Lunel;20,1;0,0
2025-09-29;Lunel;19,9;0,0
2025-09-30;Lunel;25,0;0,0
2025-10-01;Lunel;21,6;0,0
2025-10-02;Lunel;22,7;0,0
2025-10-03;Lunel;28,7;0,0
2025-10-04;Lunel;21,5;0,0
2025-10-05;Lunel;19,2;0,0
2025-10-06;Lunel;20,4;0,0
2025-10-07;Lunel;-999;20,5
2025-10-08;Lunel;17,8;0,0
2025-10-09;Lunel;19,3;0,6
2025-10-10;Lunel;13,9;0,0
2025-10-11;Lunel;18,3;9,6
2025-10-12;Lunel;21,4;0,0
2025-10-13;Lunel;12,8;0,0
2025-10-14;Lunel;14,1;0,0
2025-10-15;Lunel;16,8;0,0
2025-10-16;Lunel;18,6;0,0
2025-10-17;Lunel;18,9;6,8
2025-10-18;Lunel;20,4;0,0
2025-10-19;Lunel;16,4;0,0
2025-10-20;Lunel;17,4;0,0
2025-10-21;Lunel;15,5;0,0
2025-10-22;Lunel;19,9;0,0
2025-10-23;Lunel;19,1;0,0
2025-10-24;Lunel;14,7;0,0
2025-10-25;Lunel;15,9;0,0
2025-10-26;Lunel;15,5;0,0
2025-10-27;Lunel;15,8;0,0
2025-10-28;Lunel;13,4;0,0
2025-10-29;Lunel;16,3;0,0
2025-10-30;Lunel;14,9;0,0
2025-10-31;Lunel;12,5;0,0
2025-11-01;Lunel;13,5;0,0
2025-11-02;Lunel;17,8;0,0
2025-11-03;Lunel;15,0;0,0
2025-11-04;Lunel;18,6;9,5
2025-11-05;Lunel;10,2;10,5
2025-11-06;Lunel;16,4;0,0
2025-11-07;Lunel;11,2;0,0
2025-11-08;Lunel;17,2;0,0
2025-11-09;Lunel;15,9;0,0
2025-11-10;Lunel;13,2;0,0
2025-11-11;Lunel;5,2;0,0
2025-11-12;Lunel;16,8;0,0
2025-11-13;Lunel;13,2;0,0
2025-11-14;Lunel;8,7;0,0
2025-11-15;Lunel;16,5;14,9
2025-11-16;Lunel;13,4;0,0
2025-11-17;Lunel;10,6;0,0
2025-11-18;Lunel;6,2;2,5
2025-11-19;Lunel;11,3;0,0
2025-11-20;Lunel;17,4;0,0
2025-11-21;Lunel;12,4;0,0
2025-11-22;Lunel;14,8;0,0
2025-11-23;Lunel;13,6;0,0
2025-11-24;Lunel;9,8;0,0
2025-11-25;Lunel;21,0;0,0
2025-11-26;Lunel;9,2;0,0
2025-11-27;Lunel;13,7;0,0
2025-11-28;Lunel;4,7;0,0
2025-11-29;Lunel;9,3;0,0
2025-11-30;Lunel;8,9;0,0
2025-12-01;Lunel;15,5;0,0
2025-12-02;Lunel;8,4;2,0
2025-12-03;Lunel;6,5;0,0
2025-12-04;Lunel;8,8;0,0
2025-12-05;Lunel;7,7;5,6
2025-12-06;Lunel;11,0;0,0
2025-12-07;Lunel;11,2;0,0
2025-12-08;Lunel;12,1;0,0
2025-12-09;Lunel;10,6;0,0
2025-12-10;Lunel;12,8;0,0
2025-12-11;Lunel;11,1;12,2
2025-12-12;Lunel;10,8;4,8
2025-12-13;Lunel;9,5;0,0
2025-12-14;Lunel;5,5;0,0
2025-12-15;Lunel;6,7;0,0
2025-12-16;Lunel;7,4;0,0
2025-12-17;Lunel;8,3;0,0
2025-12-18;Lunel;9,3;0,0
2025-12-19;Lunel;11,4;0,0
2025-12-20;Lunel;7,5;0,0
2025-12-21;Lunel;9,1;0,0
2025-12-22;Lunel;8,6;0,0
2025-12-23;Lunel;9,8;0,0
2025-12-24;Lunel;6,9;0,0
2025-12-25;Lunel;7,8;0,0
2025-12-26;Lunel;5,3;0,0
2025-12-27;Lunel;5,5;0,0
2025-12-28;Lunel;9,7;19,6
2025-12-29;Lunel;6,9;0,0
2025-12-30;Lunel;6,7;0,0
2025-12-31;Lunel;8,6;0,0
2025-01-01;Mauguio;8,4;1,1
2025-01-02;Mauguio;8,8;0,0
2025-01-03;Mauguio;1,7;0,0
2025-01-04;Mauguio;6,4;0,9
2025-01-05;Mauguio;8,9;2,6
2025-01-06;Mauguio;3,1;4,9
2025-01-07;Mauguio;9,6;0,0
2025-01-08;Mauguio;3,9;0,0
2025-01-09;Mauguio;10,9;0,0
2025-01-10;Mauguio;3,3;0,0
2025-01-11;Mauguio;4,2;1,6
2025-01-12;Mauguio;5,4;0,0
2025-01-13;Mauguio;8,8;0,0
2025-01-14;Mauguio;5,4;0,0
2025-01-15;Mauguio;2,3;0,0
2025-01-16;Mauguio;6,6;0,0
2025-01-17;Mauguio;0,1;0,0
2025-01-18;Mauguio;11,5;0,0
2025-01-19;Mauguio;8,3;11,8
2025-01-20;Mauguio;6,1;9,1
2025-01-21;Mauguio;7,8;0,0
2025-01-22;Mauguio;2,0;0,0
2025-01-23;Mauguio;5,1;0,0
2025-01-24;Mauguio;4,6;0,0
2025-01-25;Mauguio;12,1;0,0
2025-01-26;Mauguio;2,7;6,0
2025-01-27;Mauguio;7,8;0,0
2025-01-28;Mauguio;9,1;0,0
2025-01-29;Mauguio;2,8;0,0
2025-01-30;Mauguio;10,5;0,0
2025-01-31;Mauguio;4,3;0,0
2025-02-01;Mauguio;5,0;0,0
2025-02-02;Mauguio;11,1;0,0
2025-02-03;Mauguio;7,4;3,1
2025-02-04;Mauguio;5,5;0,0
2025-02-05;Mauguio;11,2;1,8
2025-02-06;Mauguio;10,8;0,0
2025-02-07;Mauguio;8,5;6,6
2025-02-08;Mauguio;6,0;3,8
2025-02-09;Mauguio;3,9;0,0
2025-02-10;Mauguio;7,5;0,1
2025-02-11;Mauguio;15,6;0,0
2025-02-12;Mauguio;4,5;0,0
2025-02-13;Mauguio;;7,1
2025-02-14;Mauguio;4,7;0,0
2025-02-15;Mauguio;2,4;0,0
2025-02-16;Mauguio;7,5;0,0
2025-02-17;Mauguio;9,2;0,0
2025-02-18;Mauguio;6,1;20,7
2025-02-19;Mauguio;11,4;0,0
2025-02-20;Mauguio;12,8;0,0
2025-02-21;Mauguio;8,1;0,0
2025-02-22;Mauguio;4,5;0,0
2025-02-23;Mauguio;7,1;0,0
2025-02-24;Mauguio;8,3;0,0
2025-02-25;Mauguio;8,1;
2025-02-26;Mauguio;-999;0,0
2025-02-27;Mauguio;10,9;0,0
2025-02-28;Mauguio;;0,0
2025-03-01;Mauguio;6,1;0,0
2025-03-02;Mauguio;8,8;0,0
2025-03-03;Mauguio;14,7;0,0
2025-03-04;Mauguio;7,8;0,0
2025-03-05;Mauguio;9,8;20,4
2025-03-06;Mauguio;12,2;0,0
2025-03-07;Mauguio;9,1;0,0
2025-03-08;Mauguio;8,9;0,0
2025-03-09;Mauguio;6,4;0,0
2025-03-10;Mauguio;12,6;0,0
2025-03-11;Mauguio;11,2;0,0
2025-03-12;Mauguio;9,7;0,0
2025-03-13;Mauguio;10,4;0,0
2025-03-14;Mauguio;10,9;0,0
2025-03-15;Mauguio;14,2;0,0
2025-03-16;Mauguio;16,0;0,0
2025-03-17;Mauguio;10,8;0,0
2025-03-18;Mauguio;7,2;0,0
2025-03-19;Mauguio;15,5;0,0
2025-03-20;Mauguio;12,8;0,0
2025-03-21;Mauguio;13,9;0,0
2025-03-22;Mauguio;14,5;0,0
2025-03-23;Mauguio;13,0;2,3
2025-03-24;Mauguio;11,9;0,0
2025-03-25;Mauguio;12,0;0,0
2025-03-26;Mauguio;9,4;0,0
2025-03-27;Mauguio;24,5;0,0
2025-03-28;Mauguio;13,2;0,0
2025-03-29;Mauguio;12,2;3,2
2025-03-30;Mauguio;10,8;0,0
2025-03-31;Mauguio;13,2;0,0
2025-04-01;Mauguio;12,8;0,0
2025-04-02;Mauguio;15,2;11,7
2025-04-03;Mauguio;13,0;0,0
2025-04-04;Mauguio;8,6;0,0
2025-04-05;Mauguio;14,8;0,8
2025-04-06;Mauguio;11,8;0,0
2025-04-07;Mauguio;;0,0
2025-04-08;Mauguio;16,2;0,0
2025-04-09;Mauguio;17,6;4,0
2025-04-10;Mauguio;16,8;0,0
2025-04-11;Mauguio;18,9;0,0
2025-04-12;Mauguio;19,0;0,0
2025-04-13;Mauguio;20,9;0,0
2025-04-14;Mauguio;14,8;0,0
2025-04-15;Mauguio;14,1;0,0
2025-04-16;Mauguio;17,2;0,0
2025-04-17;Mauguio;18,0;0,0
2025-04-18;Mauguio;15,5;0,0
2025-04-19;Mauguio;14,5;0,0
2025-04-20;Mauguio;14,7;0,0
2025-04-21;Mauguio;23,1;0,0
2025-04-22;Mauguio;13,0;0,9
2025-04-23;Mauguio;16,4;0,0
2025-04-24;Mauguio;14,9;0,0
2025-04-25;Mauguio;19,1;0,0
2025-04-26;Mauguio;;5,4
2025-04-27;Mauguio;16,2;0,0
2025-04-28;Mauguio;14,9;0,0
2025-04-29;Mauguio;17,8;1,1
2025-04-30;Mauguio;17,3;0,0
2025-05-01;Mauguio;19,2;0,0
2025-05-02;Mauguio;15,2;18,4
2025-05-03;Mauguio;16,0;20,1
2025-05-04;Mauguio;20,2;0,0
2025-05-05;Mauguio;19,9;34,4
2025-05-06;Mauguio;19,3;0,0
2025-05-07;Mauguio;;0,0
2025-05-08;Mauguio;17,8;0,0
2025-05-09;Mauguio;22,4;1,1
2025-05-10;Mauguio;17,4;0,0
2025-05-11;Mauguio;17,4;0,0
2025-05-12;Mauguio;19,6;0,0
2025-05-13;Mauguio;16,0;0,0
2025-05-14;Mauguio;24,0;0,0
2025-05-15;Mauguio;15,8;0,0
2025-05-16;Mauguio;20,3;10,9
2025-05-17;Mauguio;16,7;9,1
2025-05-18;Mauguio;30,4;0,0
2025-05-19;Mauguio;19,6;0,6
2025-05-20;Mauguio;23,9;0,0
2025-05-21;Mauguio;20,3;0,0
2025-05-22;Mauguio;20,1;0,0
2025-05-23;Mauguio;19,9;0,0
2025-05-24;Mauguio;31,4;15,4
2025-05-25;Mauguio;29,0;2,1
2025-05-26;Mauguio;17,1;
2025-05-27;Mauguio;23,2;0,0
2025-05-28;Mauguio;29,9;0,0
2025-05-29;Mauguio;29,8;0,0
2025-05-30;Mauguio;21,3;11,7
2025-05-31;Mauguio;20,5;0,0
2025-06-01;Mauguio;23,4;0,0
2025-06-02;Mauguio;17,8;0,0
2025-06-03;Mauguio;22,7;0,0
2025-06-04;Mauguio;20,7;0,0
2025-06-05;Mauguio;24,0;0,0
2025-06-06;Mauguio;26,9;0,0
2025-06-07;Mauguio;25,8;0,0
2025-06-08;Mauguio;24,1;0,0
2025-06-09;Mauguio;23,5;0,0
2025-06-10;Mauguio;23,9;0,0
2025-06-11;Mauguio;24,6;2,1
2025-06-12;Mauguio;18,8;0,0
2025-06-13;Mauguio;24,9;2,6
2025-06-14;Mauguio;21,4;0,0
2025-06-15;Mauguio;23,3;0,0
2025-06-16;Mauguio;26,5;10,8
2025-06-17;Mauguio;27,3;0,0
2025-06-18;Mauguio;28,0;3,8
2025-06-19;Mauguio;24,6;0,0
2025-06-20;Mauguio;-999;0,0
2025-06-21;Mauguio;26,1;19,4
2025-06-22;Mauguio;22,2;1,1
2025-06-23;Mauguio;27,1;11,0
2025-06-24;Mauguio;20,1;0,0
2025-06-25;Mauguio;25,7;0,0
2025-06-26;Mauguio;28,3;0,0
2025-06-27;Mauguio;27,3;0,0
2025-06-28;Mauguio;25,3;0,0
2025-06-29;Mauguio;-999;0,0
2025-06-30;Mauguio;25,7;0,0
2025-07-01;Mauguio;30,1;0,0
2025-07-02;Mauguio;29,2;13,1
2025-07-03;Mauguio;21,0;0,0
2025-07-04;Mauguio;26,3;0,0
2025-07-05;Mauguio;26,7;14,3
2025-07-06;Mauguio;26,9;0,0
2025-07-07;Mauguio;26,5;0,0
2025-07-08;Mauguio;22,4;0,0
2025-07-09;Mauguio;21,8;4,5
2025-07-10;Mauguio;28,0;0,0
2025-07-11;Mauguio;30,2;0,0
2025-07-12;Mauguio;27,5;0,0
2025-07-13;Mauguio;26,0;0,0
2025-07-14;Mauguio;27,0;0,0
2025-07-15;Mauguio;23,5;0,0
2025-07-16;Mauguio;24,8;0,0
2025-07-17;Mauguio;23,3;0,0
2025-07-18;Mauguio;27,4;0,0
2025-07-19;Mauguio;21,4;0,0
2025-07-20;Mauguio;24,7;4,9
2025-07-21;Mauguio;26,6;0,0
2025-07-22;Mauguio;29,2;4,5
2025-07-23;Mauguio;30,1;0,0
2025-07-24;Mauguio;28,4;0,0
2025-07-25;Mauguio;25,5;0,0
2025-07-26;Mauguio;24,9;0,0
2025-07-27;Mauguio;27,4;0,0
2025-07-28;Mauguio;28,3;3,1
2025-07-29;Mauguio;29,9;13,7
2025-07-30;Mauguio;23,9;0,0
2025-07-31;Mauguio;29,5;2,2
2025-08-01;Mauguio;30,2;9,1
2025-08-02;Mauguio;27,7;0,0
2025-08-03;Mauguio;24,7;0,0
2025-08-04;Mauguio;28,3;0,0
2025-08-05;Mauguio;32,0;0,0
2025-08-06;Mauguio;26,0;0,0
2025-08-07;Mauguio;25,7;0,0
2025-08-08;Mauguio;18,8;0,0
2025-08-09;Mauguio;26,5;0,0
2025-08-10;Mauguio;27,1;9,7
2025-08-11;Mauguio;29,8;0,0
2025-08-12;Mauguio;27,1;28,2
2025-08-13;Mauguio;21,5;0,0
2025-08-14;Mauguio;22,9;0,0
2025-08-15;Mauguio;27,0;0,0
2025-08-16;Mauguio;26,4;0,0
2025-08-17;Mauguio;29,2;0,2
2025-08-18;Mauguio;26,2;0,0
2025-08-19;Mauguio;23,1;0,0
2025-08-20;Mauguio;23,1;0,0
2025-08-21;Mauguio;27,3;0,0
2025-08-22;Mauguio;27,2;0,0
2025-08-23;Mauguio;;0,0
2025-08-24;Mauguio;26,5;0,0
2025-08-25;Mauguio;32,4;16,0
2025-08-26;Mauguio;30,8;11,0
2025-08-27;Mauguio;25,3;14,7
2025-08-28;Mauguio;22,9;0,0
2025-08-29;Mauguio;25,7;0,0
2025-08-30;Mauguio;24,9;0,0
2025-08-31;Mauguio;21,3;11,6
2025-09-01;Mauguio;28,9;0,0
2025-09-02;Mauguio;29,0;5,7
2025-09-03;Mauguio;24,1;9,5
2025-09-04;Mauguio;29,6;0,0
2025-09-05;Mauguio;22,7;0,0
2025-09-06;Mauguio;17,4;0,0
2025-09-07;Mauguio;21,6;0,0
2025-09-08;Mauguio;21,8;0,0
2025-09-09;Mauguio;18,3;0,0
2025-09-10;Mauguio;20,5;0,0
2025-09-11;Mauguio;22,5;0,0
2025-09-12;Mauguio;24,0;0,0
2025-09-13;Mauguio;22,5;5,4
2025-09-14;Mauguio;21,2;0,0
2025-09-15;Mauguio;23,8;0,0
2025-09-16;Mauguio;18,5;3,3
2025-09-17;Mauguio;17,4;0,0
2025-09-18;Mauguio;21,4;4,3
2025-09-19;Mauguio;26,6;0,0
2025-09-20;Mauguio;22,8;0,0
2025-09-21;Mauguio;17,6;0,0
2025-09-22;Mauguio;20,9;12,2
2025-09-23;Mauguio;19,6;0,0
2025-09-24;Mauguio;17,7;0,0
2025-09-25;Mauguio;15,3;0,0
2025-09-26;Mauguio;20,4;0,0
2025-09-27;Mauguio;18,0;0,0
2025-09-28;Mauguio;19,8;0,0
2025-09-29;Mauguio;22,6;7,6
2025-09-30;Mauguio;21,2;0,0
2025-10-01;Mauguio;24,0;0,0
2025-10-02;Mauguio;16,4;0,0
2025-10-03;Mauguio;19,9;0,0
2025-10-04;Mauguio;22,7;0,0
2025-10-05;Mauguio;21,8;0,0
2025-10-06;Mauguio;20,0;0,0
2025-10-07;Mauguio;20,2;0,0
2025-10-08;Mauguio;20,4;0,0
2025-10-09;Mauguio;22,8;0,0
2025-10-10;Mauguio;16,2;0,0
2025-10-11;Mauguio;21,3;0,0
2025-10-12;Mauguio;18,6;0,0
2025-10-13;Mauguio;22,5;0,0
2025-10-14;Mauguio;16,9;0,0
2025-10-15;Mauguio;17,1;0,0
2025-10-16;Mauguio;14,4;0,0
2025-10-17;Mauguio;15,0;0,0
2025-10-18;Mauguio;19,3;0,0
2025-10-19;Mauguio;14,1;0,0
2025-10-20;Mauguio;11,4;9,0
2025-10-21;Mauguio;15,6;0,0
2025-10-22;Mauguio;13,5;0,0
2025-10-23;Mauguio;18,0;0,0
2025-10-24;Mauguio;19,7;0,0
2025-10-25;Mauguio;15,5;0,0
2025-10-26;Mauguio;18,9;0,0
2025-10-27;Mauguio;15,8;0,0
2025-10-28;Mauguio;16,1;0,0
2025-10-29;Mauguio;17,9;0,0
2025-10-30;Mauguio;17,9;0,0
2025-10-31;Mauguio;13,3;2,6
2025-11-01;Mauguio;11,8;0,0
2025-11-02;Mauguio;21,4;0,0
2025-11-03;Mauguio;9,4;0,0
2025-11-04;Mauguio;14,5;0,0
2025-11-05;Mauguio;15,8;0,0
2025-11-06;Mauguio;15,6;10,4
2025-11-07;Mauguio;16,0;0,0
2025-11-08;Mauguio;16,2;0,0
2025-11-09;Mauguio;20,4;0,0
2025-11-10;Mauguio;15,9;0,4
2025-11-11;Mauguio;6,9;0,0
2025-11-12;Mauguio;13,3;0,0
2025-11-13;Mauguio;11,3;0,0
2025-11-14;Mauguio;12,7;0,0
2025-11-15;Mauguio;13,3;0,0
2025-11-16;Mauguio;12,2;0,0
2025-11-17;Mauguio;17,5;0,0
2025-11-18;Mauguio;11,6;2,6
2025-11-19;Mauguio;17,8;0,0
2025-11-20;Mauguio;14,3;0,0
2025-11-21;Mauguio;12,0;0,0
2025-11-22;Mauguio;8,8;0,0
2025-11-23;Mauguio;12,6;0,0
2025-11-24;Mauguio;12,1;0,0
2025-11-25;Mauguio;12,6;0,0
2025-11-26;Mauguio;9,8;0,0
2025-11-27;Mauguio;12,0;0,0
2025-11-28;Mauguio;6,6;0,0
2025-11-29;Mauguio;10,0;0,0
2025-11-30;Mauguio;9,7;0,0
2025-12-01;Mauguio;10,9;0,0
2025-12-02;Mauguio;;0,0
2025-12-03;Mauguio;9,9;2,5
2025-12-04;Mauguio;10,1;0,0
2025-12-05;Mauguio;9,3;3,2
2025-12-06;Mauguio;15,3;9,7
2025-12-07;Mauguio;12,1;0,0
2025-12-08;Mauguio;11,5;3,0
2025-12-09;Mauguio;11,5;0,0
2025-12-10;Mauguio;9,5;16,6
2025-12-11;Mauguio;6,6;0,0
2025-12-12;Mauguio;10,3;0,0
2025-12-13;Mauguio;10,6;0,0
2025-12-14;Mauguio;10,3;0,0
2025-12-15;Mauguio;10,7;0,0
2025-12-16;Mauguio;6,8;1,9
2025-12-17;Mauguio;7,4;0,0
2025-12-18;Mauguio;6,6;0,0
2025-12-19;Mauguio;11,6;0,0
2025-12-20;Mauguio;6,6;0,0
2025-12-21;Mauguio;4,9;4,2
2025-12-22;Mauguio;4,9;0,0
2025-12-23;Mauguio;10,3;0,0
2025-12-24;Mauguio;4,4;4,0
2025-12-25;Mauguio;8,8;0,0
2025-12-26;Mauguio;10,1;0,0
2025-12-27;Mauguio;10,5;0,0
2025-12-28;Mauguio;10,1;0,7
2025-12-29;Mauguio;9,6;0,0
2025-12-30;Mauguio;15,3;0,0
2025-12-31;Mauguio;-999;1,4
2025-01-01;Agde;11,5;0,0
2025-01-02;Agde;10,9;0,0
2025-01-03;Agde;6,1;0,0
2025-01-04;Agde;;0,0
2025-01-05;Agde;7,1;0,0
2025-01-06;Agde;-999;0,0
2025-01-07;Agde;11,4;
2025-01-08;Agde;4,7;0,0
2025-01-09;Agde;13,5;0,0
2025-01-10;Agde;7,1;6,3
2025-01-11;Agde;9,1;25,6
2025-01-12;Agde;10,9;19,7
2025-01-13;Agde;2,8;0,0
2025-01-14;Agde;6,6;0,0
2025-01-15;Agde;11,1;0,0
2025-01-16;Agde;7,1;0,0
2025-01-17;Agde;3,4;0,0
2025-01-18;Agde;13,2;0,0
2025-01-19;Agde;4,8;0,0
2025-01-20;Agde;13,8;0,0
2025-01-21;Agde;;0,0
2025-01-22;Agde;9,2;0,0
2025-01-23;Agde;8,5;0,0
2025-01-24;Agde;7,7;0,0
2025-01-25;Agde;3,2;0,2
2025-01-26;Agde;3,1;2,4
2025-01-27;Agde;8,9;0,0
2025-01-28;Agde;8,7;7,4
2025-01-29;Agde;8,5;0,0
2025-01-30;Agde;11,4;0,0
2025-01-31;Agde;6,0;22,0
2025-02-01;Agde;6,9;3,7
2025-02-02;Agde;4,6;0,8
2025-02-03;Agde;6,9;17,9
2025-02-04;Agde;10,3;0,0
2025-02-05;Agde;8,0;0,0
2025-02-06;Agde;7,2;2,9
2025-02-07;Agde;6,4;0,0
2025-02-08;Agde;8,2;0,0
2025-02-09;Agde;8,4;0,0
2025-02-10;Agde;9,1;0,0
2025-02-11;Agde;7,6;0,0
2025-02-12;Agde;7,8;0,0
2025-02-13;Agde;-999;0,0
2025-02-14;Agde;10,2;12,0
2025-02-15;Agde;5,9;0,0
2025-02-16;Agde;4,8;0,7
2025-02-17;Agde;11,4;0,0
2025-02-18;Agde;10,0;0,0
2025-02-19;Agde;9,9;0,0
2025-02-20;Agde;4,2;0,0
2025-02-21;Agde;;8,6
2025-02-22;Agde;11,5;0,0
2025-02-23;Agde;10,4;2,7
2025-02-24;Agde;3,6;0,0
2025-02-25;Agde;7,8;1,5
2025-02-26;Agde;8,9;1,3
2025-02-27;Agde;7,9;0,0
2025-02-28;Agde;5,2;0,0
2025-03-01;Agde;7,3;0,0
2025-03-02;Agde;3,7;0,0
2025-03-03;Agde;13,2;0,0
2025-03-04;Agde;-999;0,0
2025-03-05;Agde;9,2;0,0
2025-03-06;Agde;;0,0
2025-03-07;Agde;6,6;0,0
2025-03-08;Agde;11,9;0,0
2025-03-09;Agde;10,8;0,0
2025-03-10;Agde;11,9;0,0
2025-03-11;Agde;11,7;0,0
2025-03-12;Agde;10,4;0,0
2025-03-13;Agde;16,5;0,6
2025-03-14;Agde;11,7;8,9
2025-03-15;Agde;9,8;0,0
2025-03-16;Agde;17,3;0,0
2025-03-17;Agde;8,3;0,0
2025-03-18;Agde;13,4;0,0
2025-03-19;Agde;13,0;0,0
2025-03-20;Agde;17,0;1,5
2025-03-21;Agde;11,6;0,0
2025-03-22;Agde;15,2;0,0
2025-03-23;Agde;6,8;0,0
2025-03-24;Agde;12,3;0,0
2025-03-25;Agde;10,0;6,4
2025-03-26;Agde;10,9;0,0
2025-03-27;Agde;5,3;1,6
2025-03-28;Agde;18,8;0,0
2025-03-29;Agde;16,9;5,3
2025-03-30;Agde;9,0;0,0
2025-03-31;Agde;15,5;0,0
2025-04-01;Agde;11,2;0,0
2025-04-02;Agde;9,1;3,7
2025-04-03;Agde;9,5;0,0
2025-04-04;Agde;16,2;0,0
2025-04-05;Agde;18,3;0,0
2025-04-06;Agde;16,9;0,0
2025-04-07;Agde;11,2;0,0
2025-04-08;Agde;21,0;3,3
2025-04-09;Agde;13,2;0,0
2025-04-10;Agde;11,7;5,6
2025-04-11;Agde;17,1;2,1
2025-04-12;Agde;12,8;0,0
2025-04-13;Agde;19,3;0,0
2025-04-14;Agde;13,8;0,0
2025-04-15;Agde;20,2;0,0
2025-04-16;Agde;17,0;0,0
2025-04-17;Agde;16,8;0,0
2025-04-18;Agde;17,6;0,0
2025-04-19;Agde;21,8;
2025-04-20;Agde;15,3;0,0
2025-04-21;Agde;14,4;0,0
2025-04-22;Agde;18,9;8,0
2025-04-23;Agde;17,6;0,0
2025-04-24;Agde;11,6;0,0
2025-04-25;Agde;18,0;0,0
2025-04-26;Agde;17,2;0,0
2025-04-27;Agde;16,7;0,0
2025-04-28;Agde;19,7;0,0
2025-04-29;Agde;20,1;0,0
2025-04-30;Agde;13,5;0,0
2025-05-01;Agde;16,1;0,0
2025-05-02;Agde;18,9;2,5
2025-05-03;Agde;28,2;7,8
2025-05-04;Agde;17,6;0,0
2025-05-05;Agde;16,5;0,0
2025-05-06;Agde;11,4;0,0
2025-05-07;Agde;16,5;0,0
2025-05-08;Agde;22,9;0,0
2025-05-09;Agde;24,5;0,0
2025-05-10;Agde;20,4;0,0
2025-05-11;Agde;20,6;0,0
2025-05-12;Agde;22,8;0,0
2025-05-13;Agde;18,8;0,0
2025-05-14;Agde;25,5;0,0
2025-05-15;Agde;17,3;0,0
2025-05-16;Agde;23,9;0,0
2025-05-17;Agde;19,6;0,0
2025-05-18;Agde;20,6;0,0
2025-05-19;Agde;21,3;0,0
2025-05-20;Agde;20,7;0,0
2025-05-21;Agde;18,7;0,0
2025-05-22;Agde;23,2;0,0
2025-05-23;Agde;23,1;18,2
2025-05-24;Agde;19,8;0,0
2025-05-25;Agde;25,3;6,0
2025-05-26;Agde;23,7;1,6
2025-05-27;Agde;22,8;0,0
2025-05-28;Agde;24,0;0,0
2025-05-29;Agde;24,4;
2025-05-30;Agde;28,1;0,0
2025-05-31;Agde;18,2;0,0
2025-06-01;Agde;19,8;8,7
2025-06-02;Agde;19,8;7,9
2025-06-03;Agde;25,8;6,2
2025-06-04;Agde;22,9;2,3
2025-06-05;Agde;22,7;0,0
2025-06-06;Agde;22,5;0,0
2025-06-07;Agde;20,9;1,8
2025-06-08;Agde;23,6;2,7
2025-06-09;Agde;22,7;0,0
2025-06-10;Agde;22,7;3,2
2025-06-11;Agde;25,7;0,0
2025-06-12;Agde;25,5;0,0
2025-06-13;Agde;24,6;0,0
2025-06-14;Agde;30,3;0,0
2025-06-15;Agde;20,8;0,0
2025-06-16;Agde;31,4;0,0
2025-06-17;Agde;30,1;0,0
2025-06-18;Agde;24,3;0,0
2025-06-19;Agde;23,4;0,0
2025-06-20;Agde;28,5;2,0
2025-06-21;Agde;28,1;0,0
2025-06-22;Agde;23,2;20,3
2025-06-23;Agde;24,5;0,0
2025-06-24;Agde;28,0;0,0
2025-06-25;Agde;22,8;8,5
2025-06-26;Agde;28,4;12,5
2025-06-27;Agde;28,0;0,0
2025-06-28;Agde;25,0;10,1
2025-06-29;Agde;25,2;0,0
2025-06-30;Agde;27,7;0,0
2025-07-01;Agde;29,4;0,0
2025-07-02;Agde;23,5;0,0
2025-07-03;Agde;27,0;0,0
2025-07-04;Agde;28,3;7,9
2025-07-05;Agde;27,9;3,3
2025-07-06;Agde;28,1;0,0
2025-07-07;Agde;21,5;3,6
2025-07-08;Agde;28,7;13,9
2025-07-09;Agde;29,0;0,0
2025-07-10;Agde;25,8;0,0
2025-07-11;Agde;28,2;0,0
2025-07-12;Agde;31,5;0,0
2025-07-13;Agde;27,0;0,0
2025-07-14;Agde;30,3;0,0
2025-07-15;Agde;26,0;5,1
2025-07-16;Agde;28,9;2,4
2025-07-17;Agde;24,7;0,0
2025-07-18;Agde;28,1;0,0
2025-07-19;Agde;26,5;0,0
2025-07-20;Agde;28,8;3,9
2025-07-21;Agde;25,9;0,0
2025-07-22;Agde;24,1;0,0
2025-07-23;Agde;30,0;0,0
2025-07-24;Agde;33,4;0,0
2025-07-25;Agde;29,4;0,0
2025-07-26;Agde;27,5;0,0
2025-07-27;Agde;30,3;0,0
2025-07-28;Agde;30,6;0,0
2025-07-29;Agde;34,2;0,0
2025-07-30;Agde;26,9;0,0
2025-07-31;Agde;28,5;1,1
2025-08-01;Agde;26,0;0,0
2025-08-02;Agde;29,9;0,0
2025-08-03;Agde;30,0;0,0
2025-08-04;Agde;;0,0
2025-08-05;Agde;27,5;0,0
2025-08-06;Agde;28,3;0,0
2025-08-07;Agde;24,9;0,0
2025-08-08;Agde;28,6;2,5
2025-08-09;Agde;29,2;13,9
2025-08-10;Agde;24,9;0,0
2025-08-11;Agde;26,3;0,0
2025-08-12;Agde;24,9;0,0
2025-08-13;Agde;24,9;0,0
2025-08-14;Agde;26,1;0,0
2025-08-15;Agde;26,1;0,0
2025-08-16;Agde;22,7;0,0
2025-08-17;Agde;25,8;0,0
2025-08-18;Agde;25,7;0,0
2025-08-19;Agde;25,7;0,0
2025-08-20;Agde;27,8;1,0
2025-08-21;Agde;22,7;0,8
2025-08-22;Agde;23,7;23,2
2025-08-23;Agde;24,3;0,0
2025-08-24;Agde;25,3;0,0
2025-08-25;Agde;20,9;0,0
2025-08-26;Agde;26,0;0,0
2025-08-27;Agde;24,6;14,5
2025-08-28;Agde;29,4;0,0
2025-08-29;Agde;22,5;0,0
2025-08-30;Agde;26,0;1,1
2025-08-31;Agde;23,0;0,0
2025-09-01;Agde;23,8;0,0
2025-09-02;Agde;30,3;0,0
2025-09-03;Agde;26,8;0,0
2025-09-04;Agde;26,5;1,8
2025-09-05;Agde;28,2;0,0
2025-09-06;Agde;29,7;0,0
2025-09-07;Agde;23,6;0,0
2025-09-08;Agde;23,4;0,0
2025-09-09;Agde;26,5;0,0
2025-09-10;Agde;25,9;0,0
2025-09-11;Agde;25,3;0,0
2025-09-12;Agde;17,7;0,0
2025-09-13;Agde;23,3;0,0
2025-09-14;Agde;19,0;0,0
2025-09-15;Agde;17,3;0,0
2025-09-16;Agde;25,2;0,0
2025-09-17;Agde;20,4;0,0
2025-09-18;Agde;24,3;0,0
2025-09-19;Agde;26,1;10,3
2025-09-20;Agde;25,6;0,0
2025-09-21;Agde;22,5;0,0
2025-09-22;Agde;18,8;0,0
2025-09-23;Agde;23,7;0,0
2025-09-24;Agde;23,1;14,4
2025-09-25;Agde;19,8;0,0
2025-09-26;Agde;16,5;0,0
2025-09-27;Agde;25,0;2,0
2025-09-28;Agde;18,8;0,0
2025-09-29;Agde;17,8;0,0
2025-09-30;Agde;26,4;0,0
2025-10-01;Agde;18,6;0,0
2025-10-02;Agde;16,3;33,4
2025-10-03;Agde;12,3;0,0
2025-10-04;Agde;18,0;0,0
2025-10-05;Agde;21,8;3,9
2025-10-06;Agde;16,3;0,0
2025-10-07;Agde;23,7;0,0
2025-10-08;Agde;21,7;0,0
2025-10-09;Agde;18,5;9,4
2025-10-10;Agde;22,1;0,0
2025-10-11;Agde;22,6;0,0
2025-10-12;Agde;-999;0,0
2025-10-13;Agde;22,1;0,0
2025-10-14;Agde;19,6;0,0
2025-10-15;Agde;14,4;0,0
2025-10-16;Agde;19,0;0,0
2025-10-17;Agde;15,0;0,0
2025-10-18;Agde;20,0;0,0
2025-10-19;Agde;18,4;0,0
2025-10-20;Agde;15,7;0,0
2025-10-21;Agde;16,1;0,0
2025-10-22;Agde;19,2;0,0
2025-10-23;Agde;14,7;0,3
2025-10-24;Agde;20,7;0,0
2025-10-25;Agde;15,9;0,0
2025-10-26;Agde;16,7;0,0
2025-10-27;Agde;18,0;0,0
2025-10-28;Agde;14,9;0,0
2025-10-29;Agde;11,3;0,0
2025-10-30;Agde;18,4;0,0
2025-10-31;Agde;14,1;0,0
2025-11-01;Agde;11,7;0,0
2025-11-02;Agde;17,6;0,0
2025-11-03;Agde;15,0;0,0
2025-11-04;Agde;11,7;0,0
2025-11-05;Agde;9,5;4,7
2025-11-06;Agde;13,0;0,0
2025-11-07;Agde;13,3;0,0
2025-11-08;Agde;13,6;0,0
2025-11-09;Agde;14,5;0,0
2025-11-10;Agde;12,7;3,0
2025-11-11;Agde;11,3;0,0
2025-11-12;Agde;15,4;0,0
2025-11-13;Agde;13,3;12,5
2025-11-14;Agde;18,1;0,0
2025-11-15;Agde;11,5;14,5
2025-11-16;Agde;11,8;0,0
2025-11-17;Agde;14,7;0,0
2025-11-18;Agde;12,2;1,0
2025-11-19;Agde;20,7;0,0
2025-11-20;Agde;7,7;0,0
2025-11-21;Agde;9,5;2,5
2025-11-22;Agde;13,3;0,0
2025-11-23;Agde;13,2;9,5
2025-11-24;Agde;8,3;0,0
2025-11-25;Agde;10,0;0,0
2025-11-26;Agde;13,2;1,9
2025-11-27;Agde;13,4;0,0
2025-11-28;Agde;12,7;3,7
2025-11-29;Agde;13,8;0,0
2025-11-30;Agde;15,8;11,0
2025-12-01;Agde;14,9;0,0
2025-12-02;Agde;12,0;0,0
2025-12-03;Agde;11,9;1,1
2025-12-04;Agde;10,6;0,0
2025-12-05;Agde;14,6;0,0
2025-12-06;Agde;9,6;0,0
2025-12-07;Agde;7,7;0,0
2025-12-08;Agde;10,6;0,0
2025-12-09;Agde;-999;0,0
2025-12-10;Agde;14,6;0,0
2025-12-11;Agde;3,1;17,3
2025-12-12;Agde;10,6;
2025-12-13;Agde;6,3;0,0
2025-12-14;Agde;17,0;0,0
2025-12-15;Agde;9,5;0,0
2025-12-16;Agde;5,2;0,0
2025-12-17;Agde;8,4;0,0
2025-12-18;Agde;8,1;0,0
2025-12-19;Agde;8,3;0,0
2025-12-20;Agde;9,7;4,3
2025-12-21;Agde;10,7;2,9
2025-12-22;Agde;13,9;11,6
2025-12-23;Agde;10,1;0,0
2025-12-24;Agde;8,1;0,0
2025-12-25;Agde;12,1;0,0
2025-12-26;Agde;9,8;0,0
2025-12-27;Agde;10,2;1,0
2025-12-28;Agde;9,7;0,0
2025-12-29;Agde;4,0;0,0
2025-12-30;Agde;8,9;1,3
2025-12-31;Agde;8,0;0,0
